cruise,cast,niskin,niskin_other_method,date_time_utc_sampling,date_time_utc_start,date_time_utc_end,latitude,longitude,depth,T0_TF,dilution,nutrient_treatment,light_level,replicate_bottle,replicate_chl,filter_size,vol_filtered,vol_extracted,Fs,r,fo,fa,blank,blank_acid,fo_blank,fa_blank,fo_fa,chl,phaeo,iode_quality_flag,nearest_station,distance
en655,1',19-20-21',NA,2020-07-25 15:58:10+00:00,2020-07-25 16:50:00+00:00,2020-07-26 16:50:00+00:00,41.20243,-70.88045,2.329,T0,dil,NA,NA,NA,a,>0&<200,152,6,0.837516556,2.152385698,5.66,3.57,0.768,0.7685,4.892,2.8015,1.7462073888988,0.129084314607246,0.0702636417417845,1,NaN,NaN
en655,1',19-20-21',NA,2020-07-25 15:58:10+00:00,2020-07-25 16:50:00+00:00,2020-07-26 16:50:00+00:00,41.20243,-70.88045,2.329,T0,dil,NA,NA,NA,b,>0&<200,152,6,0.837516556,2.152385698,5.39,3.45,0.768,0.7685,4.622,2.6815,1.72366212940518,0.119822105953294,0.0709869409679717,1,NaN,NaN
en655,1',19-20-21',NA,2020-07-25 15:58:10+00:00,2020-07-25 16:50:00+00:00,2020-07-26 16:50:00+00:00,41.20243,-70.88045,2.329,T0,dil,NA,NA,NA,c,>0&<200,152,6,0.837516556,2.152385698,5.12,3.22,0.768,0.7685,4.352,2.4515,1.77523964919437,0.117352183645574,0.0570906202058093,1,NaN,NaN
en655,1',19-20-21',NA,2020-07-25 15:58:10+00:00,2020-07-25 16:50:00+00:00,2020-07-26 16:50:00+00:00,41.20243,-70.88045,2.329,T0,dil,NA,NA,NA,a,>10&<200,152,6,0.837516556,2.152385698,2.79,1.09,0.768,0.7685,2.022,0.3215,6.28926905132193,0.105002572106971,-0.082125410598417,3,NaN,NaN
en655,1',19-20-21',NA,2020-07-25 15:58:10+00:00,2020-07-25 16:50:00+00:00,2020-07-26 16:50:00+00:00,41.20243,-70.88045,2.329,T0,dil,NA,NA,NA,b,>10&<200,152,6,0.837516556,2.152385698,1.44,1.12,0.768,0.7685,0.672,0.3515,1.91180654338549,0.0197902524906111,0.00522163637488399,1,NaN,NaN
en655,1',19-20-21',NA,2020-07-25 15:58:10+00:00,2020-07-25 16:50:00+00:00,2020-07-26 16:50:00+00:00,41.20243,-70.88045,2.329,T0,dil,NA,NA,NA,c,>10&<200,152,6,0.837516556,2.152385698,2.88,1.08,0.768,0.7685,2.112,0.3115,6.78009630818619,0.111177377876272,-0.0890117921533655,3,NaN,NaN
en655,1',19-20-21',NA,2020-07-25 15:58:10+00:00,2020-07-25 16:50:00+00:00,2020-07-26 16:50:00+00:00,41.20243,-70.88045,2.329,T0,wsw,NA,NA,NA,a,>0&<200,152,6,0.837516556,2.152385698,20.2,11.4,0.768,0.7685,19.432,10.6315,1.8277759488313,0.543413781727372,0.213098014783327,1,NaN,NaN
en655,1',19-20-21',NA,2020-07-25 15:58:10+00:00,2020-07-25 16:50:00+00:00,2020-07-26 16:50:00+00:00,41.20243,-70.88045,2.329,T0,wsw,NA,NA,NA,b,>0&<200,152,6,0.837516556,2.152385698,20,11.7,0.768,0.7685,19.232,10.9315,1.7593193980698,0.512539752880865,0.265319317199246,1,NaN,NaN
en655,1',19-20-21',NA,2020-07-25 15:58:10+00:00,2020-07-25 16:50:00+00:00,2020-07-26 16:50:00+00:00,41.20243,-70.88045,2.329,T0,wsw,NA,NA,NA,c,>0&<200,152,6,0.837516556,2.152385698,18.1,11.7,0.768,0.7685,17.332,10.9315,1.585509765357,0.395218443264138,0.382640626815973,1,NaN,NaN
en655,1',19-20-21',NA,2020-07-25 15:58:10+00:00,2020-07-25 16:50:00+00:00,2020-07-26 16:50:00+00:00,41.20243,-70.88045,2.329,T0,wsw,NA,NA,NA,a,>10&<200,152,6,0.837516556,2.152385698,3.5,2.15,0.768,0.7685,2.732,1.3815,1.97756062251176,0.0833907519144158,0.014913442872729,3,NaN,NaN
en655,1',19-20-21',NA,2020-07-25 15:58:10+00:00,2020-07-25 16:50:00+00:00,2020-07-26 16:50:00+00:00,41.20243,-70.88045,2.329,T0,wsw,NA,NA,NA,b,>10&<200,152,6,0.837516556,2.152385698,3.46,2.05,0.768,0.7685,2.692,1.2815,2.10066328521264,0.0870956353759967,0.0040928015546773,1,NaN,NaN
en655,1',19-20-21',NA,2020-07-25 15:58:10+00:00,2020-07-25 16:50:00+00:00,2020-07-26 16:50:00+00:00,41.20243,-70.88045,2.329,T0,wsw,NA,NA,NA,c,>10&<200,152,6,0.837516556,2.152385698,3.51,2.09,0.768,0.7685,2.742,1.3215,2.07491486946652,0.0877131159529268,0.00632162412033552,1,NaN,NaN
en655,1',19-20-21',NA,2020-07-25 15:58:10+00:00,2020-07-25 16:50:00+00:00,2020-07-26 16:50:00+00:00,41.20243,-70.88045,2.329,TF,dil,N,15%,a,a,>0&<200,152,6,0.837516556,2.152385698,9.85,5.31,0.7545,0.75,9.0955,4.56,1.99462719298246,0.280058315666666,0.0444202425884045,3,NaN,NaN
en655,1',19-20-21',NA,2020-07-25 15:58:10+00:00,2020-07-25 16:50:00+00:00,2020-07-26 16:50:00+00:00,41.20243,-70.88045,2.329,TF,dil,N,15%,a,b,>0&<200,152,6,0.837516556,2.152385698,10,5.42,0.7545,0.75,9.2455,4.67,1.97976445396146,0.282528237974387,0.049777653922802,3,NaN,NaN
en655,1',19-20-21',NA,2020-07-25 15:58:10+00:00,2020-07-25 16:50:00+00:00,2020-07-26 16:50:00+00:00,41.20243,-70.88045,2.329,TF,dil,N,15%,a,c,>0&<200,152,6,0.837516556,2.152385698,8.88,5.43,0.7545,0.75,8.1255,4.68,1.73621794871795,0.212752932781281,0.120264534901555,1,NaN,NaN
en655,1',19-20-21',NA,2020-07-25 15:58:10+00:00,2020-07-25 16:50:00+00:00,2020-07-26 16:50:00+00:00,41.20243,-70.88045,2.329,TF,dil,N,15%,b,a,>0&<200,152,6,0.837516556,2.152385698,8.99,5.31,0.7545,0.75,8.2355,4.56,1.80603070175439,0.226954986050674,0.0975235722043968,1,NaN,NaN
en655,1',19-20-21',NA,2020-07-25 15:58:10+00:00,2020-07-25 16:50:00+00:00,2020-07-26 16:50:00+00:00,41.20243,-70.88045,2.329,TF,dil,N,15%,b,b,>0&<200,152,6,0.837516556,2.152385698,9.68,5.75,0.7545,0.75,8.9255,5,1.7851,0.242392000473928,0.113395892349615,1,NaN,NaN
en655,1',19-20-21',NA,2020-07-25 15:58:10+00:00,2020-07-25 16:50:00+00:00,2020-07-26 16:50:00+00:00,41.20243,-70.88045,2.329,TF,dil,N,15%,b,c,>0&<200,152,6,0.837516556,2.152385698,5.86,4.07,0.7545,0.75,5.1055,3.32,1.53780120481928,0.110251157010877,0.125992003823955,3,NaN,NaN
en655,1',19-20-21',NA,2020-07-25 15:58:10+00:00,2020-07-25 16:50:00+00:00,2020-07-26 16:50:00+00:00,41.20243,-70.88045,2.329,TF,wsw,NoN,15%,a,a,>0&<200,152,6,0.837516556,2.152385698,35.8,21.4,0.7545,0.75,35.0455,20.65,1.6971186440678,0.888894164519787,0.580509832841444,1,NaN,NaN
en655,1',19-20-21',NA,2020-07-25 15:58:10+00:00,2020-07-25 16:50:00+00:00,2020-07-26 16:50:00+00:00,41.20243,-70.88045,2.329,TF,wsw,NoN,15%,a,b,>0&<200,152,6,0.837516556,2.152385698,37.5,23.1,0.7545,0.75,36.7455,22.35,1.64409395973154,0.888894164519787,0.701477716401449,1,NaN,NaN
en655,1',19-20-21',NA,2020-07-25 15:58:10+00:00,2020-07-25 16:50:00+00:00,2020-07-26 16:50:00+00:00,41.20243,-70.88045,2.329,TF,wsw,NoN,15%,a,c,>0&<200,152,6,0.837516556,2.152385698,36.8,23.2,0.7545,0.75,36.0455,22.45,1.60559020044543,0.839495718365375,0.757991920412331,1,NaN,NaN
en655,1',19-20-21',NA,2020-07-25 15:58:10+00:00,2020-07-25 16:50:00+00:00,2020-07-26 16:50:00+00:00,41.20243,-70.88045,2.329,TF,wsw,NoN,15%,b,a,>0&<200,152,6,0.837516556,2.152385698,33.3,21.9,0.7545,0.75,32.5455,21.15,1.53879432624113,0.703649991440744,0.801332795202841,1,NaN,NaN
en655,1',19-20-21',NA,2020-07-25 15:58:10+00:00,2020-07-25 16:50:00+00:00,2020-07-26 16:50:00+00:00,41.20243,-70.88045,2.329,TF,wsw,NoN,15%,b,b,>0&<200,152,6,0.837516556,2.152385698,32.1,25.8,0.7545,0.75,31.3455,25.05,1.25131736526946,0.388734897206371,1.39376244583958,3,NaN,NaN
en655,1',19-20-21',NA,2020-07-25 15:58:10+00:00,2020-07-25 16:50:00+00:00,2020-07-26 16:50:00+00:00,41.20243,-70.88045,2.329,TF,wsw,NoN,15%,b,c,>0&<200,152,6,0.837516556,2.152385698,34.4,22.2,0.7545,0.75,33.6455,21.45,1.56855477855478,0.753048437595156,0.773281622617842,1,NaN,NaN
en655,1',19-20-21',NA,2020-07-25 15:58:10+00:00,2020-07-25 16:50:00+00:00,2020-07-26 16:50:00+00:00,41.20243,-70.88045,2.329,TF,wsw,N,15%,a,a,>0&<200,152,6,0.837516556,2.152385698,55.3,35.3,0.7545,0.75,54.5455,34.55,1.57874095513748,1.23468328760067,1.22381105181001,1,NaN,NaN
en655,1',19-20-21',NA,2020-07-25 15:58:10+00:00,2020-07-25 16:50:00+00:00,2020-07-26 16:50:00+00:00,41.20243,-70.88045,2.329,TF,wsw,N,15%,a,b,>0&<200,152,6,0.837516556,2.152385698,51.5,32.7,0.7545,0.75,50.7455,31.95,1.58827856025039,1.16058561836905,1.11289901677339,1,NaN,NaN
en655,1',19-20-21',NA,2020-07-25 15:58:10+00:00,2020-07-25 16:50:00+00:00,2020-07-26 16:50:00+00:00,41.20243,-70.88045,2.329,TF,wsw,N,15%,a,c,>0&<200,152,6,0.837516556,2.152385698,54.1,33.2,0.7545,0.75,53.3455,32.45,1.64392912172573,1.29025653952438,1.01880688490041,1,NaN,NaN
en655,1',19-20-21',NA,2020-07-25 15:58:10+00:00,2020-07-25 16:50:00+00:00,2020-07-26 16:50:00+00:00,41.20243,-70.88045,2.329,TF,wsw,N,15%,b,a,>0&<200,152,6,0.837516556,2.152385698,55.3,33.8,0.7545,0.75,54.5455,33.05,1.65039334341906,1.32730537414019,1.02445259742343,1,NaN,NaN
en655,1',19-20-21',NA,2020-07-25 15:58:10+00:00,2020-07-25 16:50:00+00:00,2020-07-26 16:50:00+00:00,41.20243,-70.88045,2.329,TF,wsw,N,15%,b,b,>0&<200,152,6,0.837516556,2.152385698,51.5,31.4,0.7545,0.75,50.7455,30.65,1.65564437194127,1.24085809336997,0.940121689638347,1,NaN,NaN
en655,1',19-20-21',NA,2020-07-25 15:58:10+00:00,2020-07-25 16:50:00+00:00,2020-07-26 16:50:00+00:00,41.20243,-70.88045,2.329,TF,wsw,N,15%,b,c,>0&<200,152,6,0.837516556,2.152385698,54.1,32.9,0.7545,0.75,53.3455,32.15,1.65926905132193,1.30878095683228,0.978935194023094,1,NaN,NaN
en655,1',19-20-21',NA,2020-07-25 15:58:10+00:00,2020-07-25 16:50:00+00:00,2020-07-26 16:50:00+00:00,41.20243,-70.88045,2.329,TF,dil,N,15%,a,a,>10&<200,152,6,0.837516556,2.152385698,2.35,1.54,0.7545,0.75,1.5955,0.79,2.01962025316456,0.049738060471723,0.00647642659439673,1,NaN,NaN
en655,1',19-20-21',NA,2020-07-25 15:58:10+00:00,2020-07-25 16:50:00+00:00,2020-07-26 16:50:00+00:00,41.20243,-70.88045,2.329,TF,dil,N,15%,a,b,>10&<200,152,6,0.837516556,2.152385698,2.59,1.67,0.7545,0.75,1.8355,0.92,1.99510869565217,0.0565303468179546,0.00893462546157726,1,NaN,NaN
en655,1',19-20-21',NA,2020-07-25 15:58:10+00:00,2020-07-25 16:50:00+00:00,2020-07-26 16:50:00+00:00,41.20243,-70.88045,2.329,TF,dil,N,15%,a,c,>10&<200,152,6,0.837516556,2.152385698,2.95,1.95,0.7545,0.75,2.1955,1.2,1.82958333333333,0.0614701914333957,0.0239189028442545,1,NaN,NaN
en655,1',19-20-21',NA,2020-07-25 15:58:10+00:00,2020-07-25 16:50:00+00:00,2020-07-26 16:50:00+00:00,41.20243,-70.88045,2.329,TF,dil,N,15%,b,a,>10&<200,152,6,0.837516556,2.152385698,3.6,2.13,0.7545,0.75,2.8455,1.38,2.06195652173913,0.0904917785491125,0.00770567987018528,3,NaN,NaN
en655,1',19-20-21',NA,2020-07-25 15:58:10+00:00,2020-07-25 16:50:00+00:00,2020-07-26 16:50:00+00:00,41.20243,-70.88045,2.329,TF,dil,N,15%,b,b,>10&<200,152,6,0.837516556,2.152385698,2.2,1.55,0.7545,0.75,1.4455,0.8,1.806875,0.0398583712408407,0.0170676916109261,3,NaN,NaN
en655,1',19-20-21',NA,2020-07-25 15:58:10+00:00,2020-07-25 16:50:00+00:00,2020-07-26 16:50:00+00:00,41.20243,-70.88045,2.329,TF,dil,N,15%,b,c,>10&<200,152,6,0.837516556,2.152385698,2.85,1.55,0.7545,0.75,2.0955,0.8,2.619375,0.0799946087413,-0.0230685458895332,3,NaN,NaN
en655,1',19-20-21',NA,2020-07-25 15:58:10+00:00,2020-07-25 16:50:00+00:00,2020-07-26 16:50:00+00:00,41.20243,-70.88045,2.329,TF,wsw,NoN,15%,a,a,>10&<200,152,6,0.837516556,2.152385698,6.67,3.56,0.7545,0.75,5.9155,2.81,2.10516014234875,0.191758593165656,0.00819420260117512,1,NaN,NaN
en655,1',19-20-21',NA,2020-07-25 15:58:10+00:00,2020-07-25 16:50:00+00:00,2020-07-26 16:50:00+00:00,41.20243,-70.88045,2.329,TF,wsw,NoN,15%,a,b,>10&<200,152,6,0.837516556,2.152385698,6.13,3.45,0.7545,0.75,5.3755,2.7,1.99092592592593,0.16520692835766,0.0269185337670534,1,NaN,NaN
en655,1',19-20-21',NA,2020-07-25 15:58:10+00:00,2020-07-25 16:50:00+00:00,2020-07-26 16:50:00+00:00,41.20243,-70.88045,2.329,TF,wsw,NoN,15%,a,c,>10&<200,152,6,0.837516556,2.152385698,5.97,3.49,0.7545,0.75,5.2155,2.74,1.90346715328467,0.152857316819057,0.0421144484482446,1,NaN,NaN
en655,1',19-20-21',NA,2020-07-25 15:58:10+00:00,2020-07-25 16:50:00+00:00,2020-07-26 16:50:00+00:00,41.20243,-70.88045,2.329,TF,wsw,NoN,15%,b,a,>10&<200,152,6,0.837516556,2.152385698,6.72,3.71,0.7545,0.75,5.9655,2.96,2.01537162162162,0.185583787396354,0.0250426451551828,1,NaN,NaN
en655,1',19-20-21',NA,2020-07-25 15:58:10+00:00,2020-07-25 16:50:00+00:00,2020-07-26 16:50:00+00:00,41.20243,-70.88045,2.329,TF,wsw,NoN,15%,b,b,>10&<200,152,6,0.837516556,2.152385698,8.09,3.49,0.7545,0.75,7.3355,2.74,2.6771897810219,0.283763199128247,-0.0887914338609457,3,NaN,NaN
en655,1',19-20-21',NA,2020-07-25 15:58:10+00:00,2020-07-25 16:50:00+00:00,2020-07-26 16:50:00+00:00,41.20243,-70.88045,2.329,TF,wsw,NoN,15%,b,c,>10&<200,152,6,0.837516556,2.152385698,8.85,3.58,0.7545,0.75,8.0955,2.83,2.86060070671378,0.325134397782567,-0.123758450444442,3,NaN,NaN
en655,1',19-20-21',NA,2020-07-25 15:58:10+00:00,2020-07-25 16:50:00+00:00,2020-07-26 16:50:00+00:00,41.20243,-70.88045,2.329,TF,wsw,N,15%,a,a,>10&<200,152,6,0.837516556,2.152385698,12.1,6.57,0.7545,0.75,11.3455,5.82,1.94939862542955,0.34118889278275,0.0729482144638533,1,NaN,NaN
en655,1',19-20-21',NA,2020-07-25 15:58:10+00:00,2020-07-25 16:50:00+00:00,2020-07-26 16:50:00+00:00,41.20243,-70.88045,2.329,TF,wsw,N,15%,a,b,>10&<200,152,6,0.837516556,2.152385698,11.5,5.99,0.7545,0.75,10.7455,5.24,2.0506679389313,0.33995393162889,0.0329117800501826,1,NaN,NaN
en655,1',19-20-21',NA,2020-07-25 15:58:10+00:00,2020-07-25 16:50:00+00:00,2020-07-26 16:50:00+00:00,41.20243,-70.88045,2.329,TF,wsw,N,15%,a,c,>10&<200,152,6,0.837516556,2.152385698,11.5,6.2,0.7545,0.75,10.7455,5.45,1.97165137614679,0.326986839513357,0.0608219636643043,1,NaN,NaN
en655,1',19-20-21',NA,2020-07-25 15:58:10+00:00,2020-07-25 16:50:00+00:00,2020-07-26 16:50:00+00:00,41.20243,-70.88045,2.329,TF,wsw,N,15%,b,a,>10&<200,152,6,0.837516556,2.152385698,10.7,6.4,0.7545,0.75,9.9455,5.65,1.76026548672566,0.265238781820343,0.13680153707026,1,NaN,NaN
en655,1',19-20-21',NA,2020-07-25 15:58:10+00:00,2020-07-25 16:50:00+00:00,2020-07-26 16:50:00+00:00,41.20243,-70.88045,2.329,TF,wsw,N,15%,b,b,>10&<200,152,6,0.837516556,2.152385698,8.7,5.51,0.7545,0.75,7.9455,4.76,1.66922268907563,0.196698437781097,0.142011636186916,1,NaN,NaN
en655,1',19-20-21',NA,2020-07-25 15:58:10+00:00,2020-07-25 16:50:00+00:00,2020-07-26 16:50:00+00:00,41.20243,-70.88045,2.329,TF,wsw,N,15%,b,c,>10&<200,152,6,0.837516556,2.152385698,10.5,5.38,0.7545,0.75,9.7455,4.63,2.1048596112311,0.315872189128615,0.0135873996259859,1,NaN,NaN
en655,1',19-20-21',NA,2020-07-25 15:58:10+00:00,2020-07-25 16:50:00+00:00,2020-07-26 16:50:00+00:00,41.20243,-70.88045,2.329,TF,dil,N,65%,a,a,>0&<200,152,6,0.837516556,2.152385698,8,4.89,0.7545,0.75,7.2455,4.14,1.75012077294686,0.191758593165656,0.102833782092237,1,NaN,NaN
en655,1',19-20-21',NA,2020-07-25 15:58:10+00:00,2020-07-25 16:50:00+00:00,2020-07-26 16:50:00+00:00,41.20243,-70.88045,2.329,TF,dil,N,65%,a,b,>0&<200,152,6,0.837516556,2.152385698,7.18,4.44,0.7545,0.75,6.4255,3.69,1.74132791327913,0.168911811819241,0.0936596530845339,1,NaN,NaN
en655,1',19-20-21',NA,2020-07-25 15:58:10+00:00,2020-07-25 16:50:00+00:00,2020-07-26 16:50:00+00:00,41.20243,-70.88045,2.329,TF,dil,N,65%,a,c,>0&<200,152,6,0.837516556,2.152385698,7.75,4.64,0.7545,0.75,6.9955,3.89,1.79832904884319,0.191758593165656,0.0850443874510603,1,NaN,NaN
en655,1',19-20-21',NA,2020-07-25 15:58:10+00:00,2020-07-25 16:50:00+00:00,2020-07-26 16:50:00+00:00,41.20243,-70.88045,2.329,TF,dil,N,65%,b,a,>0&<200,152,6,0.837516556,2.152385698,6.9,4.46,0.7545,0.75,6.1455,3.71,1.65646900269542,0.150387394511336,0.113607221963732,1,NaN,NaN
en655,1',19-20-21',NA,2020-07-25 15:58:10+00:00,2020-07-25 16:50:00+00:00,2020-07-26 16:50:00+00:00,41.20243,-70.88045,2.329,TF,dil,N,65%,b,b,>0&<200,152,6,0.837516556,2.152385698,7.03,4.69,0.7545,0.75,6.2755,3.94,1.59276649746193,0.144212588742035,0.136148270802917,1,NaN,NaN
en655,1',19-20-21',NA,2020-07-25 15:58:10+00:00,2020-07-25 16:50:00+00:00,2020-07-26 16:50:00+00:00,41.20243,-70.88045,2.329,TF,dil,N,65%,b,c,>0&<200,152,6,0.837516556,2.152385698,7.52,4.67,0.7545,0.75,6.7655,3.92,1.72589285714286,0.175704098165472,0.103233609808185,1,NaN,NaN
en655,1',19-20-21',NA,2020-07-25 15:58:10+00:00,2020-07-25 16:50:00+00:00,2020-07-26 16:50:00+00:00,41.20243,-70.88045,2.329,TF,wsw,NoN,65%,a,a,>0&<200,152,6,0.837516556,2.152385698,25.8,16.3,0.7545,0.75,25.0455,15.55,1.61064308681672,0.586328681824017,0.5201716648572,1,NaN,NaN
en655,1',19-20-21',NA,2020-07-25 15:58:10+00:00,2020-07-25 16:50:00+00:00,2020-07-26 16:50:00+00:00,41.20243,-70.88045,2.329,TF,wsw,NoN,65%,a,b,>0&<200,152,6,0.837516556,2.152385698,29.6,17,0.7545,0.75,28.8455,16.25,1.77510769230769,0.777747660672361,0.378562991004152,1,NaN,NaN
en655,1',19-20-21',NA,2020-07-25 15:58:10+00:00,2020-07-25 16:50:00+00:00,2020-07-26 16:50:00+00:00,41.20243,-70.88045,2.329,TF,wsw,NoN,65%,a,c,>0&<200,152,6,0.837516556,2.152385698,27.5,16.9,0.7545,0.75,26.7455,16.15,1.65606811145511,0.654251545286333,0.49494334853371,1,NaN,NaN
en655,1',19-20-21',NA,2020-07-25 15:58:10+00:00,2020-07-25 16:50:00+00:00,2020-07-26 16:50:00+00:00,41.20243,-70.88045,2.329,TF,wsw,NoN,65%,b,a,>0&<200,152,6,0.837516556,2.152385698,27.5,15.4,0.7545,0.75,26.7455,14.65,1.82563139931741,0.746873631825854,0.295584894147126,1,NaN,NaN
en655,1',19-20-21',NA,2020-07-25 15:58:10+00:00,2020-07-25 16:50:00+00:00,2020-07-26 16:50:00+00:00,41.20243,-70.88045,2.329,TF,wsw,NoN,65%,b,b,>0&<200,152,6,0.837516556,2.152385698,23.5,16,0.7545,0.75,22.7455,15.25,1.49150819672131,0.462832566437988,0.622320506673816,1,NaN,NaN
en655,1',19-20-21',NA,2020-07-25 15:58:10+00:00,2020-07-25 16:50:00+00:00,2020-07-26 16:50:00+00:00,41.20243,-70.88045,2.329,TF,wsw,NoN,65%,b,c,>0&<200,152,6,0.837516556,2.152385698,26.8,15.5,0.7545,0.75,26.0455,14.75,1.76579661016949,0.697475185671443,0.352099098158008,1,NaN,NaN
en655,1',19-20-21',NA,2020-07-25 15:58:10+00:00,2020-07-25 16:50:00+00:00,2020-07-26 16:50:00+00:00,41.20243,-70.88045,2.329,TF,wsw,N,65%,a,a,>0&<200,152,6,0.837516556,2.152385698,37,25.8,0.7545,0.75,36.2455,25.05,1.44692614770459,0.691300379902141,1.09119696314381,1,NaN,NaN
en655,1',19-20-21',NA,2020-07-25 15:58:10+00:00,2020-07-25 16:50:00+00:00,2020-07-26 16:50:00+00:00,41.20243,-70.88045,2.329,TF,wsw,N,65%,a,b,>0&<200,152,6,0.837516556,2.152385698,40.5,26.3,0.7545,0.75,39.7455,25.55,1.55559686888454,0.876544552981184,0.941531579347119,1,NaN,NaN
en655,1',19-20-21',NA,2020-07-25 15:58:10+00:00,2020-07-25 16:50:00+00:00,2020-07-26 16:50:00+00:00,41.20243,-70.88045,2.329,TF,wsw,N,65%,a,c,>0&<200,152,6,0.837516556,2.152385698,48.3,28.1,0.7545,0.75,47.5455,27.35,1.73840950639854,1.24703289913927,0.699126874605508,3,NaN,NaN
en655,1',19-20-21',NA,2020-07-25 15:58:10+00:00,2020-07-25 16:50:00+00:00,2020-07-26 16:50:00+00:00,41.20243,-70.88045,2.329,TF,wsw,N,65%,b,a,>0&<200,152,6,0.837516556,2.152385698,49,26.1,0.7545,0.75,48.2455,25.35,1.90317554240631,1.41375265491041,0.390091961704953,3,NaN,NaN
en655,1',19-20-21',NA,2020-07-25 15:58:10+00:00,2020-07-25 16:50:00+00:00,2020-07-26 16:50:00+00:00,41.20243,-70.88045,2.329,TF,wsw,N,65%,b,b,>0&<200,152,6,0.837516556,2.152385698,39.4,25.5,0.7545,0.75,38.6455,24.75,1.56143434343434,0.85802013567328,0.903129933803256,1,NaN,NaN
en655,1',19-20-21',NA,2020-07-25 15:58:10+00:00,2020-07-25 16:50:00+00:00,2020-07-26 16:50:00+00:00,41.20243,-70.88045,2.329,TF,wsw,N,65%,b,c,>0&<200,152,6,0.837516556,2.152385698,39.4,25.3,0.7545,0.75,38.6455,24.55,1.57415478615071,0.870369747211883,0.876548806551711,1,NaN,NaN
en655,1',19-20-21',NA,2020-07-25 15:58:10+00:00,2020-07-25 16:50:00+00:00,2020-07-26 16:50:00+00:00,41.20243,-70.88045,2.329,TF,dil,N,65%,a,a,>10&<200,152,6,0.837516556,2.152385698,2.64,1.58,0.7545,0.75,1.8855,0.83,2.27168674698795,0.0651750748949766,-0.00611428468626851,1,NaN,NaN
en655,1',19-20-21',NA,2020-07-25 15:58:10+00:00,2020-07-25 16:50:00+00:00,2020-07-26 16:50:00+00:00,41.20243,-70.88045,2.329,TF,dil,N,65%,a,b,>10&<200,152,6,0.837516556,2.152385698,2.66,1.67,0.7545,0.75,1.9055,0.92,2.07119565217391,0.0608527108564656,0.00461226142306625,1,NaN,NaN
en655,1',19-20-21',NA,2020-07-25 15:58:10+00:00,2020-07-25 16:50:00+00:00,2020-07-26 16:50:00+00:00,41.20243,-70.88045,2.329,TF,dil,N,65%,a,c,>10&<200,152,6,0.837516556,2.152385698,2.75,1.64,0.7545,0.75,1.9955,0.89,2.24213483146067,0.0682624777796273,-0.00493223285703672,1,NaN,NaN
en655,1',19-20-21',NA,2020-07-25 15:58:10+00:00,2020-07-25 16:50:00+00:00,2020-07-26 16:50:00+00:00,41.20243,-70.88045,2.329,TF,dil,N,65%,b,a,>10&<200,152,6,0.837516556,2.152385698,1.67,1.3,0.7545,0.75,0.9155,0.55,1.66454545454545,0.0225689150867967,0.016567753123793,1,NaN,NaN
en655,1',19-20-21',NA,2020-07-25 15:58:10+00:00,2020-07-25 16:50:00+00:00,2020-07-26 16:50:00+00:00,41.20243,-70.88045,2.329,TF,dil,N,65%,b,b,>10&<200,152,6,0.837516556,2.152385698,2.08,1.64,0.7545,0.75,1.3255,0.89,1.48932584269663,0.0268912791253077,0.0364389657972828,1,NaN,NaN
en655,1',19-20-21',NA,2020-07-25 15:58:10+00:00,2020-07-25 16:50:00+00:00,2020-07-26 16:50:00+00:00,41.20243,-70.88045,2.329,TF,dil,N,65%,b,c,>10&<200,152,6,0.837516556,2.152385698,2.02,1.34,0.7545,0.75,1.2655,0.59,2.14491525423729,0.0417108129716311,0.000272158381546881,1,NaN,NaN
en655,1',19-20-21',NA,2020-07-25 15:58:10+00:00,2020-07-25 16:50:00+00:00,2020-07-26 16:50:00+00:00,41.20243,-70.88045,2.329,TF,wsw,NoN,65%,a,a,>10&<200,152,6,0.837516556,2.152385698,5,2.8,0.7545,0.75,4.2455,2.05,2.0709756097561,0.135567860665013,0.0103051753926396,1,NaN,NaN
en655,1',19-20-21',NA,2020-07-25 15:58:10+00:00,2020-07-25 16:50:00+00:00,2020-07-26 16:50:00+00:00,41.20243,-70.88045,2.329,TF,wsw,NoN,65%,a,b,>10&<200,152,6,0.837516556,2.152385698,5.83,2.93,0.7545,0.75,5.0755,2.18,2.32821100917431,0.178791501050123,-0.0236679797790582,1,NaN,NaN
en655,1',19-20-21',NA,2020-07-25 15:58:10+00:00,2020-07-25 16:50:00+00:00,2020-07-26 16:50:00+00:00,41.20243,-70.88045,2.329,TF,wsw,NoN,65%,a,c,>10&<200,152,6,0.837516556,2.152385698,5.32,2.95,0.7545,0.75,4.5655,2.2,2.07522727272727,0.146065030472825,0.0104816423695335,1,NaN,NaN
en655,1',19-20-21',NA,2020-07-25 15:58:10+00:00,2020-07-25 16:50:00+00:00,2020-07-26 16:50:00+00:00,41.20243,-70.88045,2.329,TF,wsw,NoN,65%,b,a,>10&<200,152,6,0.837516556,2.152385698,4.9,2.84,0.7545,0.75,4.1455,2.09,1.98349282296651,0.126923132587991,0.0217962066122499,1,NaN,NaN
en655,1',19-20-21',NA,2020-07-25 15:58:10+00:00,2020-07-25 16:50:00+00:00,2020-07-26 16:50:00+00:00,41.20243,-70.88045,2.329,TF,wsw,NoN,65%,b,b,>10&<200,152,6,0.837516556,2.152385698,4.94,2.87,0.7545,0.75,4.1855,2.12,1.97429245283019,0.127540613164921,0.0233134533922611,1,NaN,NaN
en655,1',19-20-21',NA,2020-07-25 15:58:10+00:00,2020-07-25 16:50:00+00:00,2020-07-26 16:50:00+00:00,41.20243,-70.88045,2.329,TF,wsw,NoN,65%,b,c,>10&<200,152,6,0.837516556,2.152385698,3.9,2.88,0.7545,0.75,3.1455,2.13,1.47676056338028,0.062705152587256,0.0888604897555731,3,NaN,NaN
en655,1',19-20-21',NA,2020-07-25 15:58:10+00:00,2020-07-25 16:50:00+00:00,2020-07-26 16:50:00+00:00,41.20243,-70.88045,2.329,TF,wsw,N,65%,a,a,>10&<200,152,6,0.837516556,2.152385698,9.82,5.3,0.7545,0.75,9.0655,4.55,1.99241758241758,0.278823354512806,0.0449436279566178,1,NaN,NaN
en655,1',19-20-21',NA,2020-07-25 15:58:10+00:00,2020-07-25 16:50:00+00:00,2020-07-26 16:50:00+00:00,41.20243,-70.88045,2.329,TF,wsw,N,65%,a,b,>10&<200,152,6,0.837516556,2.152385698,10.4,5.38,0.7545,0.75,9.6455,4.63,2.08326133909287,0.309697383359313,0.0197622053952873,1,NaN,NaN
en655,1',19-20-21',NA,2020-07-25 15:58:10+00:00,2020-07-25 16:50:00+00:00,2020-07-26 16:50:00+00:00,41.20243,-70.88045,2.329,TF,wsw,N,65%,a,c,>10&<200,152,6,0.837516556,2.152385698,9.66,5.66,0.7545,0.75,8.9055,4.91,1.81374745417515,0.246714364512439,0.10266934624028,1,NaN,NaN
en655,1',19-20-21',NA,2020-07-25 15:58:10+00:00,2020-07-25 16:50:00+00:00,2020-07-26 16:50:00+00:00,41.20243,-70.88045,2.329,TF,wsw,N,65%,b,a,>10&<200,152,6,0.837516556,2.152385698,10.1,5.49,0.7545,0.75,9.3455,4.74,1.97162447257384,0.284380679705177,0.0529062426915412,1,NaN,NaN
en655,1',19-20-21',NA,2020-07-25 15:58:10+00:00,2020-07-25 16:50:00+00:00,2020-07-26 16:50:00+00:00,41.20243,-70.88045,2.329,TF,wsw,N,65%,b,b,>10&<200,152,6,0.837516556,2.152385698,8.19,4.93,0.7545,0.75,7.4355,4.18,1.77882775119617,0.201020801819608,0.0964178765808736,1,NaN,NaN
en655,1',19-20-21',NA,2020-07-25 15:58:10+00:00,2020-07-25 16:50:00+00:00,2020-07-26 16:50:00+00:00,41.20243,-70.88045,2.329,TF,wsw,N,65%,b,c,>10&<200,152,6,0.837516556,2.152385698,7.92,5.08,0.7545,0.75,7.1655,4.33,1.65484988452656,0.175086617588542,0.133025697596646,1,NaN,NaN
en655,2',18-19-20',NA,2020-07-25 18:10:12+00:00,2020-07-25 19:00:00+00:00,2020-07-26 19:15:00+00:00,41.03038,-70.87687,2.12566666666667,T0,dil,NA,NA,NA,a,>0&<200,152,6,0.837516556,2.152385698,5.11,3.49,0.784,0.753,4.326,2.737,1.58056265984655,0.0981176636741997,0.0966406288574075,1,NaN,NaN
en655,2',18-19-20',NA,2020-07-25 18:10:12+00:00,2020-07-25 19:00:00+00:00,2020-07-26 19:15:00+00:00,41.03038,-70.87687,2.12566666666667,T0,dil,NA,NA,NA,b,>0&<200,152,6,0.837516556,2.152385698,5.15,3.31,0.784,0.753,4.366,2.557,1.70746969104419,0.111702236366663,0.0702476920232968,1,NaN,NaN
en655,2',18-19-20',NA,2020-07-25 18:10:12+00:00,2020-07-25 19:00:00+00:00,2020-07-26 19:15:00+00:00,41.03038,-70.87687,2.12566666666667,T0,dil,NA,NA,NA,c,>0&<200,152,6,0.837516556,2.152385698,5.13,3.27,0.784,0.753,4.346,2.517,1.72665872069925,0.112937197520523,0.0661664277268482,1,NaN,NaN
en655,2',18-19-20',NA,2020-07-25 18:10:12+00:00,2020-07-25 19:00:00+00:00,2020-07-26 19:15:00+00:00,41.03038,-70.87687,2.12566666666667,T0,dil,NA,NA,NA,a,>10&<200,152,6,0.837516556,2.152385698,1.15,0.976,0.784,0.753,0.366,0.223,1.64125560538117,0.00882997225010104,0.00703816776982896,1,NaN,NaN
en655,2',18-19-20',NA,2020-07-25 18:10:12+00:00,2020-07-25 19:00:00+00:00,2020-07-26 19:15:00+00:00,41.03038,-70.87687,2.12566666666667,T0,dil,NA,NA,NA,b,>10&<200,152,6,0.837516556,2.152385698,1.86,1,0.784,0.753,1.076,0.247,4.35627530364373,0.0511891398275088,-0.0336132179220258,3,NaN,NaN
en655,2',18-19-20',NA,2020-07-25 18:10:12+00:00,2020-07-25 19:00:00+00:00,2020-07-26 19:15:00+00:00,41.03038,-70.87687,2.12566666666667,T0,dil,NA,NA,NA,c,>10&<200,152,6,0.837516556,2.152385698,1.22,0.97,0.784,0.753,0.436,0.217,2.00921658986175,0.0135228246347701,0.00191836991377162,1,NaN,NaN
en655,2',18-19-20',NA,2020-07-25 18:10:12+00:00,2020-07-25 19:00:00+00:00,2020-07-26 19:15:00+00:00,41.03038,-70.87687,2.12566666666667,T0,wsw,NA,NA,NA,a,>0&<200,152,6,0.837516556,2.152385698,21.1,10.5,0.784,0.753,20.316,9.747,2.08433364112034,0.652615221757468,0.0409576965127457,1,NaN,NaN
en655,2',18-19-20',NA,2020-07-25 18:10:12+00:00,2020-07-25 19:00:00+00:00,2020-07-26 19:15:00+00:00,41.03038,-70.87687,2.12566666666667,T0,wsw,NA,NA,NA,b,>0&<200,152,6,0.837516556,2.152385698,20,10.5,0.784,0.753,19.216,9.747,1.97147840361137,0.584692358295152,0.108880559975062,1,NaN,NaN
en655,2',18-19-20',NA,2020-07-25 18:10:12+00:00,2020-07-25 19:00:00+00:00,2020-07-26 19:15:00+00:00,41.03038,-70.87687,2.12566666666667,T0,wsw,NA,NA,NA,c,>0&<200,152,6,0.837516556,2.152385698,21,10.7,0.784,0.753,20.216,9.947,2.03237156931738,0.634090804449564,0.0737136295335919,1,NaN,NaN
en655,2',18-19-20',NA,2020-07-25 18:10:12+00:00,2020-07-25 19:00:00+00:00,2020-07-26 19:15:00+00:00,41.03038,-70.87687,2.12566666666667,T0,wsw,NA,NA,NA,a,>10&<200,152,6,0.837516556,2.152385698,2.39,1.63,0.784,0.753,1.606,0.877,1.83124287343216,0.0450143340582074,0.0173908623430419,1,NaN,NaN
en655,2',18-19-20',NA,2020-07-25 18:10:12+00:00,2020-07-25 19:00:00+00:00,2020-07-26 19:15:00+00:00,41.03038,-70.87687,2.12566666666667,T0,wsw,NA,NA,NA,b,>10&<200,152,6,0.837516556,2.152385698,2.49,1.87,0.784,0.753,1.706,1.117,1.52730528200537,0.0363696059811854,0.043113409275594,3,NaN,NaN
en655,2',18-19-20',NA,2020-07-25 18:10:12+00:00,2020-07-25 19:00:00+00:00,2020-07-26 19:15:00+00:00,41.03038,-70.87687,2.12566666666667,T0,wsw,NA,NA,NA,c,>10&<200,152,6,0.837516556,2.152385698,2.4,1.62,0.784,0.753,1.616,0.867,1.8638985005767,0.0462492952120677,0.0154443254035346,1,NaN,NaN
en655,2',18-19-20',NA,2020-07-25 18:10:12+00:00,2020-07-25 19:00:00+00:00,2020-07-26 19:15:00+00:00,41.03038,-70.87687,2.12566666666667,TF,dil,N,15%,a,a,>0&<200,152,6,0.837516556,2.152385698,15.1,8.58,0.763,0.776,14.337,7.804,1.8371348026653,0.403400060908462,0.151913682210523,1,NaN,NaN
en655,2',18-19-20',NA,2020-07-25 18:10:12+00:00,2020-07-25 19:00:00+00:00,2020-07-26 19:15:00+00:00,41.03038,-70.87687,2.12566666666667,TF,dil,N,15%,a,b,>0&<200,152,6,0.837516556,2.152385698,17.7,9.87,0.763,0.776,16.937,9.094,1.86243677149769,0.484290016486311,0.162817002981148,1,NaN,NaN
en655,2',18-19-20',NA,2020-07-25 18:10:12+00:00,2020-07-25 19:00:00+00:00,2020-07-26 19:15:00+00:00,41.03038,-70.87687,2.12566666666667,TF,dil,N,15%,a,c,>0&<200,152,6,0.837516556,2.152385698,14,7.67,0.763,0.776,13.237,6.894,1.92007542790833,0.39166792994679,0.098892416678311,1,NaN,NaN
en655,2',18-19-20',NA,2020-07-25 18:10:12+00:00,2020-07-25 19:00:00+00:00,2020-07-26 19:15:00+00:00,41.03038,-70.87687,2.12566666666667,TF,dil,N,15%,b,a,>0&<200,152,6,0.837516556,2.152385698,10.3,7.76,0.763,0.776,9.537,6.984,1.36554982817869,0.157642791290266,0.339321737405659,3,NaN,NaN
en655,2',18-19-20',NA,2020-07-25 18:10:12+00:00,2020-07-25 19:00:00+00:00,2020-07-26 19:15:00+00:00,41.03038,-70.87687,2.12566666666667,TF,dil,N,15%,b,b,>0&<200,152,6,0.837516556,2.152385698,13.5,7.32,0.763,0.776,12.737,6.544,1.9463630806846,0.382405721292837,0.0832494728346152,1,NaN,NaN
en655,2',18-19-20',NA,2020-07-25 18:10:12+00:00,2020-07-25 19:00:00+00:00,2020-07-26 19:15:00+00:00,41.03038,-70.87687,2.12566666666667,TF,dil,N,15%,b,c,>0&<200,152,6,0.837516556,2.152385698,11.4,6.9,0.763,0.776,10.637,6.124,1.73693664271718,0.278668984368573,0.157100026761702,1,NaN,NaN
en655,2',18-19-20',NA,2020-07-25 18:10:12+00:00,2020-07-25 19:00:00+00:00,2020-07-26 19:15:00+00:00,41.03038,-70.87687,2.12566666666667,TF,wsw,NoN,15%,a,a,>0&<200,152,6,0.837516556,2.152385698,26.5,18.5,0.763,0.776,25.737,17.724,1.45209884901828,0.494787186294123,0.766409736186771,1,NaN,NaN
en655,2',18-19-20',NA,2020-07-25 18:10:12+00:00,2020-07-25 19:00:00+00:00,2020-07-26 19:15:00+00:00,41.03038,-70.87687,2.12566666666667,TF,wsw,NoN,15%,a,b,>0&<200,152,6,0.837516556,2.152385698,27.8,17.7,0.763,0.776,27.037,16.924,1.59755376979437,0.624458107449453,0.579812752179673,1,NaN,NaN
en655,2',18-19-20',NA,2020-07-25 18:10:12+00:00,2020-07-25 19:00:00+00:00,2020-07-26 19:15:00+00:00,41.03038,-70.87687,2.12566666666667,TF,wsw,NoN,15%,a,c,>0&<200,152,6,0.837516556,2.152385698,34.7,16.5,0.763,0.776,33.937,15.724,2.15829305520224,1.12461737476287,-0.00573560941139261,3,NaN,NaN
en655,2',18-19-20',NA,2020-07-25 18:10:12+00:00,2020-07-25 19:00:00+00:00,2020-07-26 19:15:00+00:00,41.03038,-70.87687,2.12566666666667,TF,wsw,NoN,15%,b,a,>0&<200,152,6,0.837516556,2.152385698,34.1,18.7,0.763,0.776,33.337,17.924,1.85990850256639,0.951722813222429,0.323705624971406,1,NaN,NaN
en655,2',18-19-20',NA,2020-07-25 18:10:12+00:00,2020-07-25 19:00:00+00:00,2020-07-26 19:15:00+00:00,41.03038,-70.87687,2.12566666666667,TF,wsw,NoN,15%,b,b,>0&<200,152,6,0.837516556,2.152385698,33.4,18.9,0.763,0.776,32.637,18.124,1.8007614213198,0.896149561298716,0.393510392608061,1,NaN,NaN
en655,2',18-19-20',NA,2020-07-25 18:10:12+00:00,2020-07-25 19:00:00+00:00,2020-07-26 19:15:00+00:00,41.03038,-70.87687,2.12566666666667,TF,wsw,NoN,15%,b,c,>0&<200,152,6,0.837516556,2.152385698,31.8,20.9,0.763,0.776,31.037,20.124,1.54228781554363,0.673856553603865,0.758118557432329,1,NaN,NaN
en655,2',18-19-20',NA,2020-07-25 18:10:12+00:00,2020-07-25 19:00:00+00:00,2020-07-26 19:15:00+00:00,41.03038,-70.87687,2.12566666666667,TF,wsw,N,15%,a,a,>0&<200,152,6,0.837516556,2.152385698,60.3,34.6,0.763,0.776,59.537,33.824,1.76019985808893,1.58772780746048,0.819106129912225,1,NaN,NaN
en655,2',18-19-20',NA,2020-07-25 18:10:12+00:00,2020-07-25 19:00:00+00:00,2020-07-26 19:15:00+00:00,41.03038,-70.87687,2.12566666666667,TF,wsw,N,15%,a,b,>0&<200,152,6,0.837516556,2.152385698,45.3,37.8,0.763,0.776,44.537,37.024,1.2029224286949,0.463913157447617,2.17062503133215,3,NaN,NaN
en655,2',18-19-20',NA,2020-07-25 18:10:12+00:00,2020-07-25 19:00:00+00:00,2020-07-26 19:15:00+00:00,41.03038,-70.87687,2.12566666666667,TF,wsw,N,15%,a,c,>0&<200,152,6,0.837516556,2.152385698,57.2,32.4,0.763,0.776,56.437,31.624,1.78462560080951,1.53215455553676,0.718132708993578,1,NaN,NaN
en655,2',18-19-20',NA,2020-07-25 18:10:12+00:00,2020-07-25 19:00:00+00:00,2020-07-26 19:15:00+00:00,41.03038,-70.87687,2.12566666666667,TF,wsw,N,15%,b,a,>0&<200,152,6,0.837516556,2.152385698,58.4,33.3,0.763,0.776,57.637,32.524,1.77213749846267,1.55067897284467,0.763650112393911,1,NaN,NaN
en655,2',18-19-20',NA,2020-07-25 18:10:12+00:00,2020-07-25 19:00:00+00:00,2020-07-26 19:15:00+00:00,41.03038,-70.87687,2.12566666666667,TF,wsw,N,15%,b,b,>0&<200,152,6,0.837516556,2.152385698,59.3,30.4,0.763,0.776,58.537,29.624,1.97599918984607,1.78532159207812,0.322650515322803,1,NaN,NaN
en655,2',18-19-20',NA,2020-07-25 18:10:12+00:00,2020-07-25 19:00:00+00:00,2020-07-26 19:15:00+00:00,41.03038,-70.87687,2.12566666666667,TF,wsw,N,15%,b,c,>0&<200,152,6,0.837516556,2.152385698,56.2,31.6,0.763,0.776,55.437,30.824,1.7985011679211,1.51980494399816,0.673556257680415,1,NaN,NaN
en655,2',18-19-20',NA,2020-07-25 18:10:12+00:00,2020-07-25 19:00:00+00:00,2020-07-26 19:15:00+00:00,41.03038,-70.87687,2.12566666666667,TF,dil,N,15%,a,a,>10&<200,152,6,0.837516556,2.152385698,2.09,1.41,0.763,0.776,1.327,0.634,2.09305993690852,0.0427914039812589,0.00232250082876629,3,NaN,NaN
en655,2',18-19-20',NA,2020-07-25 18:10:12+00:00,2020-07-25 19:00:00+00:00,2020-07-26 19:15:00+00:00,41.03038,-70.87687,2.12566666666667,TF,dil,N,15%,a,b,>10&<200,152,6,0.837516556,2.152385698,2.17,1.43,0.763,0.776,1.407,0.654,2.15137614678899,0.0464962874428398,4.07689384796006e-05,3,NaN,NaN
en655,2',18-19-20',NA,2020-07-25 18:10:12+00:00,2020-07-25 19:00:00+00:00,2020-07-26 19:15:00+00:00,41.03038,-70.87687,2.12566666666667,TF,dil,N,15%,a,c,>10&<200,152,6,0.837516556,2.152385698,4.9,2.72,0.763,0.776,4.137,1.944,2.12808641975309,0.13541349052078,0.00291684220901304,3,NaN,NaN
en655,2',18-19-20',NA,2020-07-25 18:10:12+00:00,2020-07-25 19:00:00+00:00,2020-07-26 19:15:00+00:00,41.03038,-70.87687,2.12566666666667,TF,dil,N,15%,b,a,>10&<200,152,6,0.837516556,2.152385698,1.85,1.15,0.763,0.776,1.087,0.374,2.90641711229947,0.0440263651351192,-0.0174134307519182,3,NaN,NaN
en655,2',18-19-20',NA,2020-07-25 18:10:12+00:00,2020-07-25 19:00:00+00:00,2020-07-26 19:15:00+00:00,41.03038,-70.87687,2.12566666666667,TF,dil,N,15%,b,b,>10&<200,152,6,0.837516556,2.152385698,1.49,1.18,0.763,0.776,0.727,0.404,1.79950495049505,0.0199446226348436,0.00880303910529862,1,NaN,NaN
en655,2',18-19-20',NA,2020-07-25 18:10:12+00:00,2020-07-25 19:00:00+00:00,2020-07-26 19:15:00+00:00,41.03038,-70.87687,2.12566666666667,TF,dil,N,15%,b,c,>10&<200,152,6,0.837516556,2.152385698,1.72,1.19,0.763,0.776,0.957,0.414,2.31159420289855,0.0335291953273067,-0.00406995780151744,1,NaN,NaN
en655,2',18-19-20',NA,2020-07-25 18:10:12+00:00,2020-07-25 19:00:00+00:00,2020-07-26 19:15:00+00:00,41.03038,-70.87687,2.12566666666667,TF,wsw,NoN,15%,a,a,>10&<200,152,6,0.837516556,2.152385698,4.94,2.17,0.763,0.776,4.177,1.394,2.99641319942611,0.171844844559659,-0.0726511800404551,3,NaN,NaN
en655,2',18-19-20',NA,2020-07-25 18:10:12+00:00,2020-07-25 19:00:00+00:00,2020-07-26 19:15:00+00:00,41.03038,-70.87687,2.12566666666667,TF,wsw,NoN,15%,a,b,>10&<200,152,6,0.837516556,2.152385698,3.15,1.93,0.763,0.776,2.387,1.154,2.0684575389948,0.0761353551354866,0.00598049052818701,1,NaN,NaN
en655,2',18-19-20',NA,2020-07-25 18:10:12+00:00,2020-07-25 19:00:00+00:00,2020-07-26 19:15:00+00:00,41.03038,-70.87687,2.12566666666667,TF,wsw,NoN,15%,a,c,>10&<200,152,6,0.837516556,2.152385698,4.25,2.46,0.763,0.776,3.487,1.684,2.07066508313539,0.111331748020505,0.00849761428246438,1,NaN,NaN
en655,2',18-19-20',NA,2020-07-25 18:10:12+00:00,2020-07-25 19:00:00+00:00,2020-07-26 19:15:00+00:00,41.03038,-70.87687,2.12566666666667,TF,wsw,NoN,15%,b,a,>10&<200,152,6,0.837516556,2.152385698,3.09,1.98,0.763,0.776,2.327,1.204,1.93272425249169,0.069343068789255,0.016330655802654,1,NaN,NaN
en655,2',18-19-20',NA,2020-07-25 18:10:12+00:00,2020-07-25 19:00:00+00:00,2020-07-26 19:15:00+00:00,41.03038,-70.87687,2.12566666666667,TF,wsw,NoN,15%,b,b,>10&<200,152,6,0.837516556,2.152385698,3.25,2.06,0.763,0.776,2.487,1.284,1.93691588785047,0.0742829134046962,0.0170834174723896,1,NaN,NaN
en655,2',18-19-20',NA,2020-07-25 18:10:12+00:00,2020-07-25 19:00:00+00:00,2020-07-26 19:15:00+00:00,41.03038,-70.87687,2.12566666666667,TF,wsw,NoN,15%,b,c,>10&<200,152,6,0.837516556,2.152385698,3.12,1.93,0.763,0.776,2.357,1.154,2.04246100519931,0.0742829134046962,0.00783293225897742,1,NaN,NaN
en655,2',18-19-20',NA,2020-07-25 18:10:12+00:00,2020-07-25 19:00:00+00:00,2020-07-26 19:15:00+00:00,41.03038,-70.87687,2.12566666666667,TF,wsw,N,15%,a,a,>10&<200,152,6,0.837516556,2.152385698,5.66,3.07,0.763,0.776,4.897,2.294,2.13469921534438,0.160730194174916,0.00250529105252509,1,NaN,NaN
en655,2',18-19-20',NA,2020-07-25 18:10:12+00:00,2020-07-25 19:00:00+00:00,2020-07-26 19:15:00+00:00,41.03038,-70.87687,2.12566666666667,TF,wsw,N,15%,a,b,>10&<200,152,6,0.837516556,2.152385698,8.87,3.17,0.763,0.776,8.107,2.394,3.38638262322473,0.352766653600191,-0.182415410516278,3,NaN,NaN
en655,2',18-19-20',NA,2020-07-25 18:10:12+00:00,2020-07-25 19:00:00+00:00,2020-07-26 19:15:00+00:00,41.03038,-70.87687,2.12566666666667,TF,wsw,N,15%,a,c,>10&<200,152,6,0.837516556,2.152385698,6.24,3.33,0.763,0.776,5.477,2.554,2.14447924823806,0.180489572636681,0.00124688301758484,1,NaN,NaN
en655,2',18-19-20',NA,2020-07-25 18:10:12+00:00,2020-07-25 19:00:00+00:00,2020-07-26 19:15:00+00:00,41.03038,-70.87687,2.12566666666667,TF,wsw,N,15%,b,a,>10&<200,152,6,0.837516556,2.152385698,5.69,3.11,0.763,0.776,4.927,2.334,2.11096829477292,0.160112713597986,0.00596907477204356,1,NaN,NaN
en655,2',18-19-20',NA,2020-07-25 18:10:12+00:00,2020-07-25 19:00:00+00:00,2020-07-26 19:15:00+00:00,41.03038,-70.87687,2.12566666666667,TF,wsw,N,15%,b,b,>10&<200,152,6,0.837516556,2.152385698,5.02,3.26,0.763,0.776,4.257,2.484,1.71376811594203,0.109479306289714,0.0672761188650216,1,NaN,NaN
en655,2',18-19-20',NA,2020-07-25 18:10:12+00:00,2020-07-25 19:00:00+00:00,2020-07-26 19:15:00+00:00,41.03038,-70.87687,2.12566666666667,TF,wsw,N,15%,b,c,>10&<200,152,6,0.837516556,2.152385698,5.26,2.84,0.763,0.776,4.497,2.064,2.17877906976744,0.150233024367104,-0.00336378220954536,1,NaN,NaN
en655,2',18-19-20',NA,2020-07-25 18:10:12+00:00,2020-07-25 19:00:00+00:00,2020-07-26 19:15:00+00:00,41.03038,-70.87687,2.12566666666667,TF,dil,N,65%,a,a,>0&<200,152,6,0.837516556,2.152385698,9.68,5.51,0.763,0.776,8.917,4.734,1.8836079425433,0.258292125329879,0.0785678515954514,1,NaN,NaN
en655,2',18-19-20',NA,2020-07-25 18:10:12+00:00,2020-07-25 19:00:00+00:00,2020-07-26 19:15:00+00:00,41.03038,-70.87687,2.12566666666667,TF,dil,N,65%,a,b,>0&<200,152,6,0.837516556,2.152385698,11.5,5.6,0.763,0.776,10.737,4.824,2.22574626865672,0.365116265138793,-0.0218521061426396,3,NaN,NaN
en655,2',18-19-20',NA,2020-07-25 18:10:12+00:00,2020-07-25 19:00:00+00:00,2020-07-26 19:15:00+00:00,41.03038,-70.87687,2.12566666666667,TF,dil,N,65%,a,c,>0&<200,152,6,0.837516556,2.152385698,8.35,5.55,0.763,0.776,7.587,4.774,1.58923334729786,0.173697286290449,0.166008993777469,1,NaN,NaN
en655,2',18-19-20',NA,2020-07-25 18:10:12+00:00,2020-07-25 19:00:00+00:00,2020-07-26 19:15:00+00:00,41.03038,-70.87687,2.12566666666667,TF,dil,N,65%,b,a,>0&<200,152,6,0.837516556,2.152385698,8.96,5.54,0.763,0.776,8.197,4.764,1.72061293031066,0.211981082060118,0.127013622222153,1,NaN,NaN
en655,2',18-19-20',NA,2020-07-25 18:10:12+00:00,2020-07-25 19:00:00+00:00,2020-07-26 19:15:00+00:00,41.03038,-70.87687,2.12566666666667,TF,dil,N,65%,b,b,>0&<200,152,6,0.837516556,2.152385698,9.19,5.25,0.763,0.776,8.427,4.474,1.88354939651319,0.244090072060485,0.0742689344380205,1,NaN,NaN
en655,2',18-19-20',NA,2020-07-25 18:10:12+00:00,2020-07-25 19:00:00+00:00,2020-07-26 19:15:00+00:00,41.03038,-70.87687,2.12566666666667,TF,dil,N,65%,b,c,>0&<200,152,6,0.837516556,2.152385698,9.47,5.79,0.763,0.776,8.707,5.014,1.73653769445552,0.228035577060302,0.128748521863147,1,NaN,NaN
en655,2',18-19-20',NA,2020-07-25 18:10:12+00:00,2020-07-25 19:00:00+00:00,2020-07-26 19:15:00+00:00,41.03038,-70.87687,2.12566666666667,TF,wsw,NoN,65%,a,a,>0&<200,152,6,0.837516556,2.152385698,27.1,12.9,0.763,0.776,26.337,12.124,2.17230287033982,0.877625143990812,-0.0149106614722858,1,NaN,NaN
en655,2',18-19-20',NA,2020-07-25 18:10:12+00:00,2020-07-25 19:00:00+00:00,2020-07-26 19:15:00+00:00,41.03038,-70.87687,2.12566666666667,TF,wsw,NoN,65%,a,b,>0&<200,152,6,0.837516556,2.152385698,23.9,13.1,0.763,0.776,23.137,12.324,1.87739370334307,0.667681747834563,0.209264250396904,1,NaN,NaN
en655,2',18-19-20',NA,2020-07-25 18:10:12+00:00,2020-07-25 19:00:00+00:00,2020-07-26 19:15:00+00:00,41.03038,-70.87687,2.12566666666667,TF,wsw,NoN,65%,a,c,>0&<200,152,6,0.837516556,2.152385698,23.5,14,0.763,0.776,22.737,13.224,1.71937386569873,0.587409272833645,0.353578546106061,1,NaN,NaN
en655,2',18-19-20',NA,2020-07-25 18:10:12+00:00,2020-07-25 19:00:00+00:00,2020-07-26 19:15:00+00:00,41.03038,-70.87687,2.12566666666667,TF,wsw,NoN,65%,b,a,>0&<200,152,6,0.837516556,2.152385698,20,12.5,0.763,0.776,19.237,11.724,1.64082224496759,0.463913157447616,0.370338293645027,1,NaN,NaN
en655,2',18-19-20',NA,2020-07-25 18:10:12+00:00,2020-07-25 19:00:00+00:00,2020-07-26 19:15:00+00:00,41.03038,-70.87687,2.12566666666667,TF,wsw,NoN,65%,b,b,>0&<200,152,6,0.837516556,2.152385698,22.2,12.5,0.763,0.776,21.437,11.724,1.82847151142955,0.599758884372248,0.234492566720395,1,NaN,NaN
en655,2',18-19-20',NA,2020-07-25 18:10:12+00:00,2020-07-25 19:00:00+00:00,2020-07-26 19:15:00+00:00,41.03038,-70.87687,2.12566666666667,TF,wsw,NoN,65%,b,c,>0&<200,152,6,0.837516556,2.152385698,21.3,13.7,0.763,0.776,20.537,12.924,1.58905911482513,0.470087963216918,0.449552582153375,1,NaN,NaN
en655,2',18-19-20',NA,2020-07-25 18:10:12+00:00,2020-07-25 19:00:00+00:00,2020-07-26 19:15:00+00:00,41.03038,-70.87687,2.12566666666667,TF,wsw,N,65%,a,a,>0&<200,152,6,0.837516556,2.152385698,43,24.5,0.763,0.776,42.237,23.724,1.78034901365706,1.14314179207077,0.545000601798371,1,NaN,NaN
en655,2',18-19-20',NA,2020-07-25 18:10:12+00:00,2020-07-25 19:00:00+00:00,2020-07-26 19:15:00+00:00,41.03038,-70.87687,2.12566666666667,TF,wsw,N,65%,a,b,>0&<200,152,6,0.837516556,2.152385698,45,23.3,0.763,0.776,44.237,22.524,1.96399396199609,1.34073557668842,0.262017722903076,1,NaN,NaN
en655,2',18-19-20',NA,2020-07-25 18:10:12+00:00,2020-07-25 19:00:00+00:00,2020-07-26 19:15:00+00:00,41.03038,-70.87687,2.12566666666667,TF,wsw,N,65%,a,c,>0&<200,152,6,0.837516556,2.152385698,49.2,25.7,0.763,0.776,48.437,24.924,1.94338789921361,1.45188208053584,0.32164940761095,1,NaN,NaN
en655,2',18-19-20',NA,2020-07-25 18:10:12+00:00,2020-07-25 19:00:00+00:00,2020-07-26 19:15:00+00:00,41.03038,-70.87687,2.12566666666667,TF,wsw,N,65%,b,a,>0&<200,152,6,0.837516556,2.152385698,36.7,23.5,0.763,0.776,35.937,22.724,1.58145572962507,0.815877086297798,0.801107729006638,1,NaN,NaN
en655,2',18-19-20',NA,2020-07-25 18:10:12+00:00,2020-07-25 19:00:00+00:00,2020-07-26 19:15:00+00:00,41.03038,-70.87687,2.12566666666667,TF,wsw,N,65%,b,b,>0&<200,152,6,0.837516556,2.152385698,37.6,21.6,0.763,0.776,36.837,20.824,1.76896849788705,0.988771647838238,0.493013768193253,1,NaN,NaN
en655,2',18-19-20',NA,2020-07-25 18:10:12+00:00,2020-07-25 19:00:00+00:00,2020-07-26 19:15:00+00:00,41.03038,-70.87687,2.12566666666667,TF,wsw,N,65%,b,c,>0&<200,152,6,0.837516556,2.152385698,42.6,24.8,0.763,0.776,41.837,24.024,1.74146686646687,1.09991815168566,0.609571515752894,1,NaN,NaN
en655,2',18-19-20',NA,2020-07-25 18:10:12+00:00,2020-07-25 19:00:00+00:00,2020-07-26 19:15:00+00:00,41.03038,-70.87687,2.12566666666667,TF,dil,N,65%,a,a,>10&<200,152,6,0.837516556,2.152385698,1.96,1.38,0.763,0.776,1.197,0.604,1.9817880794702,0.0366165982119575,0.00636257924112646,1,NaN,NaN
en655,2',18-19-20',NA,2020-07-25 18:10:12+00:00,2020-07-25 19:00:00+00:00,2020-07-26 19:15:00+00:00,41.03038,-70.87687,2.12566666666667,TF,dil,N,65%,a,b,>10&<200,152,6,0.837516556,2.152385698,1.68,1.21,0.763,0.776,0.917,0.434,2.11290322580645,0.0298243118657259,0.0010580772313576,1,NaN,NaN
en655,2',18-19-20',NA,2020-07-25 18:10:12+00:00,2020-07-25 19:00:00+00:00,2020-07-26 19:15:00+00:00,41.03038,-70.87687,2.12566666666667,TF,dil,N,65%,a,c,>10&<200,152,6,0.837516556,2.152385698,1.6,1.14,0.763,0.776,0.837,0.364,2.29945054945055,0.0292068312887958,-0.00330547269124188,1,NaN,NaN
en655,2',18-19-20',NA,2020-07-25 18:10:12+00:00,2020-07-25 19:00:00+00:00,2020-07-26 19:15:00+00:00,41.03038,-70.87687,2.12566666666667,TF,dil,N,65%,b,a,>10&<200,152,6,0.837516556,2.152385698,1.6,1.13,0.763,0.776,0.837,0.354,2.36440677966102,0.0298243118657259,-0.00463452905381911,1,NaN,NaN
en655,2',18-19-20',NA,2020-07-25 18:10:12+00:00,2020-07-25 19:00:00+00:00,2020-07-26 19:15:00+00:00,41.03038,-70.87687,2.12566666666667,TF,dil,N,65%,b,b,>10&<200,152,6,0.837516556,2.152385698,1.65,1.16,0.763,0.776,0.887,0.384,2.30989583333333,0.0310592730195862,-0.00373476285073812,1,NaN,NaN
en655,2',18-19-20',NA,2020-07-25 18:10:12+00:00,2020-07-25 19:00:00+00:00,2020-07-26 19:15:00+00:00,41.03038,-70.87687,2.12566666666667,TF,dil,N,65%,b,c,>10&<200,152,6,0.837516556,2.152385698,1.49,1.09,0.763,0.776,0.727,0.314,2.31528662420382,0.0255019478272149,-0.00315846815789642,1,NaN,NaN
en655,2',18-19-20',NA,2020-07-25 18:10:12+00:00,2020-07-25 19:00:00+00:00,2020-07-26 19:15:00+00:00,41.03038,-70.87687,2.12566666666667,TF,wsw,NoN,65%,a,a,>10&<200,152,6,0.837516556,2.152385698,3.11,1.88,0.763,0.776,2.347,1.104,2.12590579710145,0.0767528357124168,0.00180513102302143,1,NaN,NaN
en655,2',18-19-20',NA,2020-07-25 18:10:12+00:00,2020-07-25 19:00:00+00:00,2020-07-26 19:15:00+00:00,41.03038,-70.87687,2.12566666666667,TF,wsw,NoN,65%,a,b,>10&<200,152,6,0.837516556,2.152385698,3.2,1.86,0.763,0.776,2.437,1.084,2.24815498154982,0.0835451220586483,-0.00641030689450431,1,NaN,NaN
en655,2',18-19-20',NA,2020-07-25 18:10:12+00:00,2020-07-25 19:00:00+00:00,2020-07-26 19:15:00+00:00,41.03038,-70.87687,2.12566666666667,TF,wsw,NoN,65%,a,c,>10&<200,152,6,0.837516556,2.152385698,3.09,1.97,0.763,0.776,2.327,1.194,1.94891122278057,0.0699605493661852,0.0150015994400768,1,NaN,NaN
en655,2',18-19-20',NA,2020-07-25 18:10:12+00:00,2020-07-25 19:00:00+00:00,2020-07-26 19:15:00+00:00,41.03038,-70.87687,2.12566666666667,TF,wsw,NoN,65%,b,a,>10&<200,152,6,0.837516556,2.152385698,2.32,1.65,0.763,0.776,1.557,0.874,1.78146453089245,0.0421739234043288,0.0200178002612265,1,NaN,NaN
en655,2',18-19-20',NA,2020-07-25 18:10:12+00:00,2020-07-25 19:00:00+00:00,2020-07-26 19:15:00+00:00,41.03038,-70.87687,2.12566666666667,TF,wsw,NoN,65%,b,b,>10&<200,152,6,0.837516556,2.152385698,2.5,1.6,0.763,0.776,1.737,0.824,2.10800970873786,0.056375976673722,0.00225786806359778,1,NaN,NaN
en655,2',18-19-20',NA,2020-07-25 18:10:12+00:00,2020-07-25 19:00:00+00:00,2020-07-26 19:15:00+00:00,41.03038,-70.87687,2.12566666666667,TF,wsw,NoN,65%,b,c,>10&<200,152,6,0.837516556,2.152385698,2.61,1.61,0.763,0.776,1.847,0.834,2.21462829736211,0.0625507824430235,-0.00320536192005655,1,NaN,NaN
en655,2',18-19-20',NA,2020-07-25 18:10:12+00:00,2020-07-25 19:00:00+00:00,2020-07-26 19:15:00+00:00,41.03038,-70.87687,2.12566666666667,TF,wsw,N,65%,a,a,>10&<200,152,6,0.837516556,2.152385698,5.26,3,0.763,0.776,4.497,2.224,2.02203237410072,0.140353335136221,0.0179011195916903,1,NaN,NaN
en655,2',18-19-20',NA,2020-07-25 18:10:12+00:00,2020-07-25 19:00:00+00:00,2020-07-26 19:15:00+00:00,41.03038,-70.87687,2.12566666666667,TF,wsw,N,65%,a,b,>10&<200,152,6,0.837516556,2.152385698,4.66,2.77,0.763,0.776,3.897,1.994,1.9543630892678,0.117506553789806,0.0243816578682226,1,NaN,NaN
en655,2',18-19-20',NA,2020-07-25 18:10:12+00:00,2020-07-25 19:00:00+00:00,2020-07-26 19:15:00+00:00,41.03038,-70.87687,2.12566666666667,TF,wsw,N,65%,a,c,>10&<200,152,6,0.837516556,2.152385698,4.93,2.78,0.763,0.776,4.167,2.004,2.07934131736527,0.13356104878999,0.00903873865368592,1,NaN,NaN
en655,2',18-19-20',NA,2020-07-25 18:10:12+00:00,2020-07-25 19:00:00+00:00,2020-07-26 19:15:00+00:00,41.03038,-70.87687,2.12566666666667,TF,wsw,N,65%,b,a,>10&<200,152,6,0.837516556,2.152385698,4.1,2.32,0.763,0.776,3.337,1.544,2.16126943005181,0.110714267443575,-0.000846966139664649,1,NaN,NaN
en655,2',18-19-20',NA,2020-07-25 18:10:12+00:00,2020-07-25 19:00:00+00:00,2020-07-26 19:15:00+00:00,41.03038,-70.87687,2.12566666666667,TF,wsw,N,65%,b,b,>10&<200,152,6,0.837516556,2.152385698,4.14,2.35,0.763,0.776,3.377,1.574,2.14548919949174,0.111331748020505,0.000670280640346496,1,NaN,NaN
en655,2',18-19-20',NA,2020-07-25 18:10:12+00:00,2020-07-25 19:00:00+00:00,2020-07-26 19:15:00+00:00,41.03038,-70.87687,2.12566666666667,TF,wsw,N,65%,b,c,>10&<200,152,6,0.837516556,2.152385698,4.25,2.52,0.763,0.776,3.487,1.744,1.99942660550459,0.107626864558924,0.0164719524579278,1,NaN,NaN
en655,7',21-22-23',NA,2020-07-26 11:31:52+00:00,2020-07-26 12:20:00+00:00,2020-07-27 12:50:00+00:00,40.6889266666667,-70.8793666666667,1.67466666666667,T0,dil,NA,NA,NA,a,>0&<200,152,6,0.837516556,2.152385698,5.22,3.7,0.7835,0.778,4.4365,2.922,1.51830937713895,0.0935174333760701,0.114405011190008,1,NaN,NaN
en655,7',21-22-23',NA,2020-07-26 11:31:52+00:00,2020-07-26 12:20:00+00:00,2020-07-27 12:50:00+00:00,40.6889266666667,-70.8793666666667,1.67466666666667,T0,dil,NA,NA,NA,b,>0&<200,152,6,0.837516556,2.152385698,5.14,4.11,0.7835,0.778,4.3565,3.332,1.30747298919568,0.0632608851064931,0.173836166671116,1,NaN,NaN
en655,7',21-22-23',NA,2020-07-26 11:31:52+00:00,2020-07-26 12:20:00+00:00,2020-07-27 12:50:00+00:00,40.6889266666667,-70.8793666666667,1.67466666666667,T0,dil,NA,NA,NA,c,>0&<200,152,6,0.837516556,2.152385698,5.04,3.62,0.7835,0.778,4.2565,2.842,1.49771287825475,0.0873426276067687,0.114887210674133,1,NaN,NaN
en655,7',21-22-23',NA,2020-07-26 11:31:52+00:00,2020-07-26 12:20:00+00:00,2020-07-27 12:50:00+00:00,40.6889266666667,-70.8793666666667,1.67466666666667,T0,dil,NA,NA,NA,a,>10&<200,152,6,0.837516556,2.152385698,1.63,1.21,0.7835,0.778,0.8465,0.432,1.95949074074074,0.0255945699137544,0.00514550402619966,1,NaN,NaN
en655,7',21-22-23',NA,2020-07-26 11:31:52+00:00,2020-07-26 12:20:00+00:00,2020-07-27 12:50:00+00:00,40.6889266666667,-70.8793666666667,1.67466666666667,T0,dil,NA,NA,NA,b,>10&<200,152,6,0.837516556,2.152385698,1.64,1.18,0.7835,0.778,0.8565,0.402,2.13059701492537,0.028064492221475,0.000540854361537826,1,NaN,NaN
en655,7',21-22-23',NA,2020-07-26 11:31:52+00:00,2020-07-26 12:20:00+00:00,2020-07-27 12:50:00+00:00,40.6889266666667,-70.8793666666667,1.67466666666667,T0,dil,NA,NA,NA,c,>10&<200,152,6,0.837516556,2.152385698,1.42,1.63,0.7835,0.778,0.6365,0.852,0.747065727699531,-0.0133067064328446,0.0739329633699762,3,NaN,NaN
en655,7',21-22-23',NA,2020-07-26 11:31:52+00:00,2020-07-26 12:20:00+00:00,2020-07-27 12:50:00+00:00,40.6889266666667,-70.8793666666667,1.67466666666667,T0,wsw,NA,NA,NA,a,>0&<200,152,6,0.837516556,2.152385698,19.8,13.1,0.7835,0.778,19.0165,12.322,1.54329654276903,0.413372372225884,0.463431310848454,1,NaN,NaN
en655,7',21-22-23',NA,2020-07-26 11:31:52+00:00,2020-07-26 12:20:00+00:00,2020-07-27 12:50:00+00:00,40.6889266666667,-70.8793666666667,1.67466666666667,T0,wsw,NA,NA,NA,b,>0&<200,152,6,0.837516556,2.152385698,22.3,14.6,0.7835,0.778,21.5165,13.822,1.55668499493561,0.475120429918898,0.508419621002502,1,NaN,NaN
en655,7',21-22-23',NA,2020-07-26 11:31:52+00:00,2020-07-26 12:20:00+00:00,2020-07-27 12:50:00+00:00,40.6889266666667,-70.8793666666667,1.67466666666667,T0,wsw,NA,NA,NA,c,>0&<200,152,6,0.837516556,2.152385698,18.4,13.7,0.7835,0.778,17.6165,12.922,1.36329515554868,0.289876256839856,0.629621973373308,1,NaN,NaN
en655,7',21-22-23',NA,2020-07-26 11:31:52+00:00,2020-07-26 12:20:00+00:00,2020-07-27 12:50:00+00:00,40.6889266666667,-70.8793666666667,1.67466666666667,T0,wsw,NA,NA,NA,a,>10&<200,152,6,0.837516556,2.152385698,4.37,3.33,0.7835,0.778,3.5865,2.552,1.40536833855799,0.0638783656834233,0.117715774813713,3,NaN,NaN
en655,7',21-22-23',NA,2020-07-26 11:31:52+00:00,2020-07-26 12:20:00+00:00,2020-07-27 12:50:00+00:00,40.6889266666667,-70.8793666666667,1.67466666666667,T0,wsw,NA,NA,NA,b,>10&<200,152,6,0.837516556,2.152385698,4.44,2.52,0.7835,0.778,3.6565,1.742,2.09902411021814,0.118216656453276,0.00573984540644637,1,NaN,NaN
en655,7',21-22-23',NA,2020-07-26 11:31:52+00:00,2020-07-26 12:20:00+00:00,2020-07-27 12:50:00+00:00,40.6889266666667,-70.8793666666667,1.67466666666667,T0,wsw,NA,NA,NA,c,>10&<200,152,6,0.837516556,2.152385698,4.69,2.76,0.7835,0.778,3.9065,1.982,1.97098890010091,0.118834137030206,0.0222001836850463,1,NaN,NaN
en655,7',21-22-23',NA,2020-07-26 11:31:52+00:00,2020-07-26 12:20:00+00:00,2020-07-27 12:50:00+00:00,40.6889266666667,-70.8793666666667,1.67466666666667,TF,dil,N,15%,a,a,>0&<200,152,6,0.837516556,2.152385698,14.2,8.02,0.7525,0.7405,13.4475,7.2795,1.84731094168556,0.380862019850512,0.137129573311284,1,NaN,NaN
en655,7',21-22-23',NA,2020-07-26 11:31:52+00:00,2020-07-26 12:20:00+00:00,2020-07-27 12:50:00+00:00,40.6889266666667,-70.8793666666667,1.67466666666667,TF,dil,N,15%,a,b,>0&<200,152,6,0.837516556,2.152385698,11.1,8.28,0.7525,0.7405,10.3475,7.5395,1.37243849061609,0.173388546001984,0.363104017586636,3,NaN,NaN
en655,7',21-22-23',NA,2020-07-26 11:31:52+00:00,2020-07-26 12:20:00+00:00,2020-07-27 12:50:00+00:00,40.6889266666667,-70.8793666666667,1.67466666666667,TF,dil,N,15%,a,c,>0&<200,152,6,0.837516556,2.152385698,12.9,7.71,0.7525,0.7405,12.1475,6.9695,1.7429514312361,0.319731442734428,0.176201301072308,1,NaN,NaN
en655,7',21-22-23',NA,2020-07-26 11:31:52+00:00,2020-07-26 12:20:00+00:00,2020-07-27 12:50:00+00:00,40.6889266666667,-70.8793666666667,1.67466666666667,TF,dil,N,15%,b,a,>0&<200,152,6,0.837516556,2.152385698,13.3,8.43,0.7525,0.7405,12.5475,7.6895,1.63177059626764,0.299972064272663,0.247194136100663,1,NaN,NaN
en655,7',21-22-23',NA,2020-07-26 11:31:52+00:00,2020-07-26 12:20:00+00:00,2020-07-27 12:50:00+00:00,40.6889266666667,-70.8793666666667,1.67466666666667,TF,dil,N,15%,b,b,>0&<200,152,6,0.837516556,2.152385698,14.5,8.06,0.7525,0.7405,13.7475,7.3195,1.87820206298244,0.396916514850696,0.123921381453688,1,NaN,NaN
en655,7',21-22-23',NA,2020-07-26 11:31:52+00:00,2020-07-26 12:20:00+00:00,2020-07-27 12:50:00+00:00,40.6889266666667,-70.8793666666667,1.67466666666667,TF,dil,N,15%,b,c,>0&<200,152,6,0.837516556,2.152385698,12.7,8.24,0.7525,0.7405,11.9475,7.4995,1.59310620708047,0.274655360618527,0.258990899827504,1,NaN,NaN
en655,7',21-22-23',NA,2020-07-26 11:31:52+00:00,2020-07-26 12:20:00+00:00,2020-07-27 12:50:00+00:00,40.6889266666667,-70.8793666666667,1.67466666666667,TF,wsw,NoN,15%,a,a,>0&<200,152,6,0.837516556,2.152385698,35.8,20.9,0.7525,0.7405,35.0475,20.1595,1.73851037972172,0.919305082933597,0.515196122141645,1,NaN,NaN
en655,7',21-22-23',NA,2020-07-26 11:31:52+00:00,2020-07-26 12:20:00+00:00,2020-07-27 12:50:00+00:00,40.6889266666667,-70.8793666666667,1.67466666666667,TF,wsw,NoN,15%,a,b,>0&<200,152,6,0.837516556,2.152385698,39.9,21.8,0.7525,0.7405,39.1475,21.0595,1.85889978394549,1.11689886755124,0.381644158232237,1,NaN,NaN
en655,7',21-22-23',NA,2020-07-26 11:31:52+00:00,2020-07-26 12:20:00+00:00,2020-07-27 12:50:00+00:00,40.6889266666667,-70.8793666666667,1.67466666666667,TF,wsw,NoN,15%,a,c,>0&<200,152,6,0.837516556,2.152385698,40.6,23.2,0.7525,0.7405,39.8475,22.4595,1.7741935483871,1.07367522716613,0.524488408607938,1,NaN,NaN
en655,7',21-22-23',NA,2020-07-26 11:31:52+00:00,2020-07-26 12:20:00+00:00,2020-07-27 12:50:00+00:00,40.6889266666667,-70.8793666666667,1.67466666666667,TF,wsw,NoN,15%,b,a,>0&<200,152,6,0.837516556,2.152385698,32.6,20.7,0.7525,0.7405,31.8475,19.9595,1.59560610235727,0.734060909854554,0.686208779507746,1,NaN,NaN
en655,7',21-22-23',NA,2020-07-26 11:31:52+00:00,2020-07-26 12:20:00+00:00,2020-07-27 12:50:00+00:00,40.6889266666667,-70.8793666666667,1.67466666666667,TF,wsw,NoN,15%,b,b,>0&<200,152,6,0.837516556,2.152385698,33.1,22.1,0.7525,0.7405,32.3475,21.3595,1.5144315175917,0.678487657930841,0.84140264142205,1,NaN,NaN
en655,7',21-22-23',NA,2020-07-26 11:31:52+00:00,2020-07-26 12:20:00+00:00,2020-07-27 12:50:00+00:00,40.6889266666667,-70.8793666666667,1.67466666666667,TF,wsw,NoN,15%,b,c,>0&<200,152,6,0.837516556,2.152385698,31.5,21.4,0.7525,0.7405,30.7475,20.6595,1.48829836152859,0.622914406007128,0.847165588350467,1,NaN,NaN
en655,7',21-22-23',NA,2020-07-26 11:31:52+00:00,2020-07-26 12:20:00+00:00,2020-07-27 12:50:00+00:00,40.6889266666667,-70.8793666666667,1.67466666666667,TF,wsw,N,15%,a,a,>0&<200,152,6,0.837516556,2.152385698,60.3,36.5,0.7525,0.7405,59.5475,35.7595,1.66522182916428,1.46886279640142,1.07569663428327,1,NaN,NaN
en655,7',21-22-23',NA,2020-07-26 11:31:52+00:00,2020-07-26 12:20:00+00:00,2020-07-27 12:50:00+00:00,40.6889266666667,-70.8793666666667,1.67466666666667,TF,wsw,N,15%,a,b,>0&<200,152,6,0.837516556,2.152385698,62.6,36.9,0.7525,0.7405,61.8475,36.1595,1.7104080532087,1.58618410601815,0.986838356092427,1,NaN,NaN
en655,7',21-22-23',NA,2020-07-26 11:31:52+00:00,2020-07-26 12:20:00+00:00,2020-07-27 12:50:00+00:00,40.6889266666667,-70.8793666666667,1.67466666666667,TF,wsw,N,15%,a,c,>0&<200,152,6,0.837516556,2.152385698,58.5,33,0.7525,0.7405,57.7475,32.2595,1.79009284086858,1.57383449447955,0.721673411228667,1,NaN,NaN
en655,7',21-22-23',NA,2020-07-26 11:31:52+00:00,2020-07-26 12:20:00+00:00,2020-07-27 12:50:00+00:00,40.6889266666667,-70.8793666666667,1.67466666666667,TF,wsw,N,15%,b,a,>0&<200,152,6,0.837516556,2.152385698,54.1,32.8,0.7525,0.7405,53.3475,32.0595,1.66401534646517,1.31449265216889,0.966783737826384,1,NaN,NaN
en655,7',21-22-23',NA,2020-07-26 11:31:52+00:00,2020-07-26 12:20:00+00:00,2020-07-27 12:50:00+00:00,40.6889266666667,-70.8793666666667,1.67466666666667,TF,wsw,N,15%,b,b,>0&<200,152,6,0.837516556,2.152385698,54.7,33.8,0.7525,0.7405,53.9475,33.0595,1.63183048745444,1.28979342909168,1.0626405394683,1,NaN,NaN
en655,7',21-22-23',NA,2020-07-26 11:31:52+00:00,2020-07-26 12:20:00+00:00,2020-07-27 12:50:00+00:00,40.6889266666667,-70.8793666666667,1.67466666666667,TF,wsw,N,15%,b,c,>0&<200,152,6,0.837516556,2.152385698,56.6,33.9,0.7525,0.7405,55.8475,33.1595,1.68420814547867,1.40093993293911,0.958609793477344,1,NaN,NaN
en655,7',21-22-23',NA,2020-07-26 11:31:52+00:00,2020-07-26 12:20:00+00:00,2020-07-27 12:50:00+00:00,40.6889266666667,-70.8793666666667,1.67466666666667,TF,dil,N,15%,a,a,>10&<200,152,6,0.837516556,2.152385698,3.57,2.1,0.7525,0.7405,2.8175,1.3595,2.07245310776021,0.0900286681164148,0.00671005994230643,1,NaN,NaN
en655,7',21-22-23',NA,2020-07-26 11:31:52+00:00,2020-07-26 12:20:00+00:00,2020-07-27 12:50:00+00:00,40.6889266666667,-70.8793666666667,1.67466666666667,TF,dil,N,15%,a,b,>10&<200,152,6,0.837516556,2.152385698,3.38,2.22,0.7525,0.7405,2.6275,1.4795,1.77593781683001,0.0708867702315804,0.0343908672549059,1,NaN,NaN
en655,7',21-22-23',NA,2020-07-26 11:31:52+00:00,2020-07-26 12:20:00+00:00,2020-07-27 12:50:00+00:00,40.6889266666667,-70.8793666666667,1.67466666666667,TF,dil,N,15%,a,c,>10&<200,152,6,0.837516556,2.152385698,2.61,2.29,0.7525,0.7405,1.8575,1.5495,1.19877379799935,0.0190184017694484,0.0912402662165675,3,NaN,NaN
en655,7',21-22-23',NA,2020-07-26 11:31:52+00:00,2020-07-26 12:20:00+00:00,2020-07-27 12:50:00+00:00,40.6889266666667,-70.8793666666667,1.67466666666667,TF,dil,N,15%,b,a,>10&<200,152,6,0.837516556,2.152385698,2.53,1.78,0.7525,0.7405,1.7775,1.0395,1.70995670995671,0.0455700665774445,0.0283982363405699,1,NaN,NaN
en655,7',21-22-23',NA,2020-07-26 11:31:52+00:00,2020-07-26 12:20:00+00:00,2020-07-27 12:50:00+00:00,40.6889266666667,-70.8793666666667,1.67466666666667,TF,dil,N,15%,b,b,>10&<200,152,6,0.837516556,2.152385698,3.35,1.98,0.7525,0.7405,2.5975,1.2395,2.09560306575232,0.0838538623471134,0.00434595628384282,1,NaN,NaN
en655,7',21-22-23',NA,2020-07-26 11:31:52+00:00,2020-07-26 12:20:00+00:00,2020-07-27 12:50:00+00:00,40.6889266666667,-70.8793666666667,1.67466666666667,TF,dil,N,15%,b,c,>10&<200,152,6,0.837516556,2.152385698,3.62,2.12,0.7525,0.7405,2.8675,1.3795,2.07865168539326,0.0918811098472053,0.00628076978281016,1,NaN,NaN
en655,7',21-22-23',NA,2020-07-26 11:31:52+00:00,2020-07-26 12:20:00+00:00,2020-07-27 12:50:00+00:00,40.6889266666667,-70.8793666666667,1.67466666666667,TF,wsw,NoN,15%,a,a,>10&<200,152,6,0.837516556,2.152385698,7.77,5.42,0.7525,0.7405,7.0175,4.6795,1.49962602842184,0.144366958886267,0.188614930007286,1,NaN,NaN
en655,7',21-22-23',NA,2020-07-26 11:31:52+00:00,2020-07-26 12:20:00+00:00,2020-07-27 12:50:00+00:00,40.6889266666667,-70.8793666666667,1.67466666666667,TF,wsw,NoN,15%,a,b,>10&<200,152,6,0.837516556,2.152385698,8.62,4.53,0.7525,0.7405,7.8675,3.7895,2.07613141575406,0.251808579272112,0.0178430646988508,1,NaN,NaN
en655,7',21-22-23',NA,2020-07-26 11:31:52+00:00,2020-07-26 12:20:00+00:00,2020-07-27 12:50:00+00:00,40.6889266666667,-70.8793666666667,1.67466666666667,TF,wsw,NoN,15%,a,c,>10&<200,152,6,0.837516556,2.152385698,8.34,4.11,0.7525,0.7405,7.5875,3.3695,2.25181777711827,0.260453307349134,-0.0206878463753488,1,NaN,NaN
en655,7',21-22-23',NA,2020-07-26 11:31:52+00:00,2020-07-26 12:20:00+00:00,2020-07-27 12:50:00+00:00,40.6889266666667,-70.8793666666667,1.67466666666667,TF,wsw,NoN,15%,b,a,>10&<200,152,6,0.837516556,2.152385698,6.33,4.84,0.7525,0.7405,5.5775,4.0995,1.36053177216734,0.0912636292702751,0.200446864055747,3,NaN,NaN
en655,7',21-22-23',NA,2020-07-26 11:31:52+00:00,2020-07-26 12:20:00+00:00,2020-07-27 12:50:00+00:00,40.6889266666667,-70.8793666666667,1.67466666666667,TF,wsw,NoN,15%,b,b,>10&<200,152,6,0.837516556,2.152385698,6.85,4.42,0.7525,0.7405,6.0975,3.6795,1.65715450468814,0.149306803501709,0.112517506827136,1,NaN,NaN
en655,7',21-22-23',NA,2020-07-26 11:31:52+00:00,2020-07-26 12:20:00+00:00,2020-07-27 12:50:00+00:00,40.6889266666667,-70.8793666666667,1.67466666666667,TF,wsw,NoN,15%,b,c,>10&<200,152,6,0.837516556,2.152385698,7.16,4,0.7525,0.7405,6.4075,3.2595,1.96579229943243,0.194382885617609,0.0375552417140584,1,NaN,NaN
en655,7',21-22-23',NA,2020-07-26 11:31:52+00:00,2020-07-26 12:20:00+00:00,2020-07-27 12:50:00+00:00,40.6889266666667,-70.8793666666667,1.67466666666667,TF,wsw,N,15%,a,a,>10&<200,152,6,0.837516556,2.152385698,15.5,8.15,0.7525,0.7405,14.7475,7.4095,1.99035022606114,0.453107247351339,0.074134831023869,1,NaN,NaN
en655,7',21-22-23',NA,2020-07-26 11:31:52+00:00,2020-07-26 12:20:00+00:00,2020-07-27 12:50:00+00:00,40.6889266666667,-70.8793666666667,1.67466666666667,TF,wsw,N,15%,a,b,>10&<200,152,6,0.837516556,2.152385698,17.8,8.82,0.7525,0.7405,17.0475,8.0795,2.10996967634136,0.553756581390952,0.0211610746226103,1,NaN,NaN
en655,7',21-22-23',NA,2020-07-26 11:31:52+00:00,2020-07-26 12:20:00+00:00,2020-07-27 12:50:00+00:00,40.6889266666667,-70.8793666666667,1.67466666666667,TF,wsw,N,15%,a,c,>10&<200,152,6,0.837516556,2.152385698,18.4,8.92,0.7525,0.7405,17.6475,8.1795,2.15752796625711,0.584630610237459,-0.0025971963674258,1,NaN,NaN
en655,7',21-22-23',NA,2020-07-26 11:31:52+00:00,2020-07-26 12:20:00+00:00,2020-07-27 12:50:00+00:00,40.6889266666667,-70.8793666666667,1.67466666666667,TF,wsw,N,15%,b,a,>10&<200,152,6,0.837516556,2.152385698,13.7,7.87,0.7525,0.7405,12.9475,7.1295,1.81604600603128,0.359250199657957,0.148067756719132,1,NaN,NaN
en655,7',21-22-23',NA,2020-07-26 11:31:52+00:00,2020-07-26 12:20:00+00:00,2020-07-27 12:50:00+00:00,40.6889266666667,-70.8793666666667,1.67466666666667,TF,wsw,N,15%,b,b,>10&<200,152,6,0.837516556,2.152385698,15.6,7.83,0.7525,0.7405,14.8475,7.0895,2.09429437901121,0.479041431582405,0.0254302216520963,1,NaN,NaN
en655,7',21-22-23',NA,2020-07-26 11:31:52+00:00,2020-07-26 12:20:00+00:00,2020-07-27 12:50:00+00:00,40.6889266666667,-70.8793666666667,1.67466666666667,TF,wsw,N,15%,b,c,>10&<200,152,6,0.837516556,2.152385698,13.3,7.65,0.7525,0.7405,12.5475,6.9095,1.81597800130255,0.348135549273215,0.143527739819639,1,NaN,NaN
en655,7',21-22-23',NA,2020-07-26 11:31:52+00:00,2020-07-26 12:20:00+00:00,2020-07-27 12:50:00+00:00,40.6889266666667,-70.8793666666667,1.67466666666667,TF,dil,N,65%,a,a,>0&<200,152,6,0.837516556,2.152385698,12.9,7.45,0.7525,0.7405,12.1475,6.7095,1.81049258514047,0.335785937734612,0.1416458356453,1,NaN,NaN
en655,7',21-22-23',NA,2020-07-26 11:31:52+00:00,2020-07-26 12:20:00+00:00,2020-07-27 12:50:00+00:00,40.6889266666667,-70.8793666666667,1.67466666666667,TF,dil,N,65%,a,b,>0&<200,152,6,0.837516556,2.152385698,10.6,7.84,0.7525,0.7405,9.8475,7.0995,1.38706951193746,0.169683662540403,0.335499566479745,3,NaN,NaN
en655,7',21-22-23',NA,2020-07-26 11:31:52+00:00,2020-07-26 12:20:00+00:00,2020-07-27 12:50:00+00:00,40.6889266666667,-70.8793666666667,1.67466666666667,TF,dil,N,65%,a,c,>0&<200,152,6,0.837516556,2.152385698,11.6,7.02,0.7525,0.7405,10.8475,6.2795,1.72744645274305,0.282065127541689,0.164768887055398,1,NaN,NaN
en655,7',21-22-23',NA,2020-07-26 11:31:52+00:00,2020-07-26 12:20:00+00:00,2020-07-27 12:50:00+00:00,40.6889266666667,-70.8793666666667,1.67466666666667,TF,dil,N,65%,b,a,>0&<200,152,6,0.837516556,2.152385698,13.1,6.91,0.7525,0.7405,12.3475,6.1695,2.00137774536024,0.381479500427442,0.057527180527527,3,NaN,NaN
en655,7',21-22-23',NA,2020-07-26 11:31:52+00:00,2020-07-26 12:20:00+00:00,2020-07-27 12:50:00+00:00,40.6889266666667,-70.8793666666667,1.67466666666667,TF,dil,N,65%,b,b,>0&<200,152,6,0.837516556,2.152385698,12.9,6.89,0.7525,0.7405,12.1475,6.1495,1.97536385071957,0.3703648500427,0.0672186793409752,1,NaN,NaN
en655,7',21-22-23',NA,2020-07-26 11:31:52+00:00,2020-07-26 12:20:00+00:00,2020-07-27 12:50:00+00:00,40.6889266666667,-70.8793666666667,1.67466666666667,TF,dil,N,65%,b,c,>0&<200,152,6,0.837516556,2.152385698,9.1,7.57,0.7525,0.7405,8.3475,6.8295,1.22227103009005,0.0937335515779957,0.392237131229681,3,NaN,NaN
en655,7',21-22-23',NA,2020-07-26 11:31:52+00:00,2020-07-26 12:20:00+00:00,2020-07-27 12:50:00+00:00,40.6889266666667,-70.8793666666667,1.67466666666667,TF,wsw,NoN,65%,a,a,>0&<200,152,6,0.837516556,2.152385698,28.7,19.5,0.7525,0.7405,27.9475,18.7595,1.48977851222047,0.567341154083415,0.767539441001234,1,NaN,NaN
en655,7',21-22-23',NA,2020-07-26 11:31:52+00:00,2020-07-26 12:20:00+00:00,2020-07-27 12:50:00+00:00,40.6889266666667,-70.8793666666667,1.67466666666667,TF,wsw,NoN,65%,a,b,>0&<200,152,6,0.837516556,2.152385698,26.8,18.8,0.7525,0.7405,26.0475,18.0595,1.44231567872865,0.493243484851798,0.791826805237556,1,NaN,NaN
en655,7',21-22-23',NA,2020-07-26 11:31:52+00:00,2020-07-26 12:20:00+00:00,2020-07-27 12:50:00+00:00,40.6889266666667,-70.8793666666667,1.67466666666667,TF,wsw,NoN,65%,a,c,>0&<200,152,6,0.837516556,2.152385698,27.8,16.5,0.7525,0.7405,27.0475,15.7595,1.71626637900949,0.697012075238745,0.424395784151779,1,NaN,NaN
en655,7',21-22-23',NA,2020-07-26 11:31:52+00:00,2020-07-26 12:20:00+00:00,2020-07-27 12:50:00+00:00,40.6889266666667,-70.8793666666667,1.67466666666667,TF,wsw,NoN,65%,b,a,>0&<200,152,6,0.837516556,2.152385698,28.2,16,0.7525,0.7405,27.4475,15.2595,1.7987155542449,0.752585327162458,0.333243742945712,1,NaN,NaN
en655,7',21-22-23',NA,2020-07-26 11:31:52+00:00,2020-07-26 12:20:00+00:00,2020-07-27 12:50:00+00:00,40.6889266666667,-70.8793666666667,1.67466666666667,TF,wsw,NoN,65%,b,b,>0&<200,152,6,0.837516556,2.152385698,24.8,17,0.7525,0.7405,24.0475,16.2595,1.47898151849688,0.480893873313195,0.676092775359683,1,NaN,NaN
en655,7',21-22-23',NA,2020-07-26 11:31:52+00:00,2020-07-26 12:20:00+00:00,2020-07-27 12:50:00+00:00,40.6889266666667,-70.8793666666667,1.67466666666667,TF,wsw,NoN,65%,b,c,>0&<200,152,6,0.837516556,2.152385698,27.6,17.5,0.7525,0.7405,26.8475,16.7595,1.60192726513321,0.622914406007128,0.569651031948104,1,NaN,NaN
en655,7',21-22-23',NA,2020-07-26 11:31:52+00:00,2020-07-26 12:20:00+00:00,2020-07-27 12:50:00+00:00,40.6889266666667,-70.8793666666667,1.67466666666667,TF,wsw,N,65%,a,a,>0&<200,152,6,0.837516556,2.152385698,49.2,28.5,0.7525,0.7405,48.4475,27.7595,1.74525838001405,1.27744381755308,0.697854984613946,1,NaN,NaN
en655,7',21-22-23',NA,2020-07-26 11:31:52+00:00,2020-07-26 12:20:00+00:00,2020-07-27 12:50:00+00:00,40.6889266666667,-70.8793666666667,1.67466666666667,TF,wsw,N,65%,a,b,>0&<200,152,6,0.837516556,2.152385698,55.5,32.7,0.7525,0.7405,54.7475,31.9595,1.71302742533519,1.40711473870841,0.867045893430392,1,NaN,NaN
en655,7',21-22-23',NA,2020-07-26 11:31:52+00:00,2020-07-26 12:20:00+00:00,2020-07-27 12:50:00+00:00,40.6889266666667,-70.8793666666667,1.67466666666667,TF,wsw,N,65%,a,c,>0&<200,152,6,0.837516556,2.152385698,55.6,32,0.7525,0.7405,54.8475,31.2595,1.75458660567188,1.45651318486282,0.767837142280684,1,NaN,NaN
en655,7',21-22-23',NA,2020-07-26 11:31:52+00:00,2020-07-26 12:20:00+00:00,2020-07-27 12:50:00+00:00,40.6889266666667,-70.8793666666667,1.67466666666667,TF,wsw,N,65%,b,a,>0&<200,152,6,0.837516556,2.152385698,47.4,28.3,0.7525,0.7405,46.6475,27.5595,1.69261053357282,1.17864692524426,0.782420361209828,1,NaN,NaN
en655,7',21-22-23',NA,2020-07-26 11:31:52+00:00,2020-07-26 12:20:00+00:00,2020-07-27 12:50:00+00:00,40.6889266666667,-70.8793666666667,1.67466666666667,TF,wsw,N,65%,b,b,>0&<200,152,6,0.837516556,2.152385698,47.2,32.7,0.7525,0.7405,46.4475,31.9595,1.45332373785572,0.894605859856391,1.37955477228241,1,NaN,NaN
en655,7',21-22-23',NA,2020-07-26 11:31:52+00:00,2020-07-26 12:20:00+00:00,2020-07-27 12:50:00+00:00,40.6889266666667,-70.8793666666667,1.67466666666667,TF,wsw,N,65%,b,c,>0&<200,152,6,0.837516556,2.152385698,57.8,32.5,0.7525,0.7405,57.0475,31.7595,1.79623419764165,1.56148488294094,0.698444233484915,1,NaN,NaN
en655,7',21-22-23',NA,2020-07-26 11:31:52+00:00,2020-07-26 12:20:00+00:00,2020-07-27 12:50:00+00:00,40.6889266666667,-70.8793666666667,1.67466666666667,TF,dil,N,65%,a,a,>10&<200,152,6,0.837516556,2.152385698,3.33,2.13,0.7525,0.7405,2.5775,1.3895,1.85498380712487,0.073356692539301,0.0255167628763615,1,NaN,NaN
en655,7',21-22-23',NA,2020-07-26 11:31:52+00:00,2020-07-26 12:20:00+00:00,2020-07-27 12:50:00+00:00,40.6889266666667,-70.8793666666667,1.67466666666667,TF,dil,N,65%,a,b,>10&<200,152,6,0.837516556,2.152385698,4.12,2.35,0.7525,0.7405,3.3675,1.6095,2.09226467847158,0.108553085424319,0.00597503727557926,1,NaN,NaN
en655,7',21-22-23',NA,2020-07-26 11:31:52+00:00,2020-07-26 12:20:00+00:00,2020-07-27 12:50:00+00:00,40.6889266666667,-70.8793666666667,1.67466666666667,TF,dil,N,65%,a,c,>10&<200,152,6,0.837516556,2.152385698,3.75,2.25,0.7525,0.7405,2.9975,1.5095,1.9857568731368,0.0918811098472053,0.0155312549962223,1,NaN,NaN
en655,7',21-22-23',NA,2020-07-26 11:31:52+00:00,2020-07-26 12:20:00+00:00,2020-07-27 12:50:00+00:00,40.6889266666667,-70.8793666666667,1.67466666666667,TF,dil,N,65%,b,a,>10&<200,152,6,0.837516556,2.152385698,3,2.02,0.7525,0.7405,2.2475,1.2795,1.75654552559594,0.0597721198468378,0.0312740019267067,1,NaN,NaN
en655,7',21-22-23',NA,2020-07-26 11:31:52+00:00,2020-07-26 12:20:00+00:00,2020-07-27 12:50:00+00:00,40.6889266666667,-70.8793666666667,1.67466666666667,TF,dil,N,65%,b,b,>10&<200,152,6,0.837516556,2.152385698,3.38,2.1,0.7525,0.7405,2.6275,1.3595,1.93269584406032,0.0782965371547421,0.0184421909039791,1,NaN,NaN
en655,7',21-22-23',NA,2020-07-26 11:31:52+00:00,2020-07-26 12:20:00+00:00,2020-07-27 12:50:00+00:00,40.6889266666667,-70.8793666666667,1.67466666666667,TF,dil,N,65%,b,c,>10&<200,152,6,0.837516556,2.152385698,3.54,2.08,0.7525,0.7405,2.7875,1.3395,2.08100037327361,0.0894111875394847,0.00590438894794239,1,NaN,NaN
en655,7',21-22-23',NA,2020-07-26 11:31:52+00:00,2020-07-26 12:20:00+00:00,2020-07-27 12:50:00+00:00,40.6889266666667,-70.8793666666667,1.67466666666667,TF,wsw,NoN,65%,a,a,>10&<200,152,6,0.837516556,2.152385698,6.95,3.83,0.7525,0.7405,6.1975,3.0895,2.0059880239521,0.191912963309888,0.0279283756657786,1,NaN,NaN
en655,7',21-22-23',NA,2020-07-26 11:31:52+00:00,2020-07-26 12:20:00+00:00,2020-07-27 12:50:00+00:00,40.6889266666667,-70.8793666666667,1.67466666666667,TF,wsw,NoN,65%,a,b,>10&<200,152,6,0.837516556,2.152385698,7,4.05,0.7525,0.7405,6.2475,3.3095,1.88774739386614,0.181415793502076,0.0540802127578269,1,NaN,NaN
en655,7',21-22-23',NA,2020-07-26 11:31:52+00:00,2020-07-26 12:20:00+00:00,2020-07-27 12:50:00+00:00,40.6889266666667,-70.8793666666667,1.67466666666667,TF,wsw,NoN,65%,a,c,>10&<200,152,6,0.837516556,2.152385698,7.07,3.81,0.7525,0.7405,6.3175,3.0695,2.0581527936146,0.20055769138691,0.0178604960174624,1,NaN,NaN
en655,7',21-22-23',NA,2020-07-26 11:31:52+00:00,2020-07-26 12:20:00+00:00,2020-07-27 12:50:00+00:00,40.6889266666667,-70.8793666666667,1.67466666666667,TF,wsw,NoN,65%,b,a,>10&<200,152,6,0.837516556,2.152385698,6.59,3.87,0.7525,0.7405,5.8375,3.1295,1.865313947915,0.167213740232683,0.0554739018855726,1,NaN,NaN
en655,7',21-22-23',NA,2020-07-26 11:31:52+00:00,2020-07-26 12:20:00+00:00,2020-07-27 12:50:00+00:00,40.6889266666667,-70.8793666666667,1.67466666666667,TF,wsw,NoN,65%,b,b,>10&<200,152,6,0.837516556,2.152385698,5.39,3.27,0.7525,0.7405,4.6375,2.5295,1.83336627792054,0.130164905616874,0.0498281893625561,1,NaN,NaN
en655,7',21-22-23',NA,2020-07-26 11:31:52+00:00,2020-07-26 12:20:00+00:00,2020-07-27 12:50:00+00:00,40.6889266666667,-70.8793666666667,1.67466666666667,TF,wsw,NoN,65%,b,c,>10&<200,152,6,0.837516556,2.152385698,6.1,3.35,0.7525,0.7405,5.3475,2.6095,2.04924315002874,0.169066181963473,0.0166195193011338,1,NaN,NaN
en655,7',21-22-23',NA,2020-07-26 11:31:52+00:00,2020-07-26 12:20:00+00:00,2020-07-27 12:50:00+00:00,40.6889266666667,-70.8793666666667,1.67466666666667,TF,wsw,N,65%,a,a,>10&<200,152,6,0.837516556,2.152385698,15.2,8.58,0.7525,0.7405,14.4475,7.8395,1.84291089992984,0.408031165235438,0.149808671922594,1,NaN,NaN
en655,7',21-22-23',NA,2020-07-26 11:31:52+00:00,2020-07-26 12:20:00+00:00,2020-07-27 12:50:00+00:00,40.6889266666667,-70.8793666666667,1.67466666666667,TF,wsw,N,65%,a,b,>10&<200,152,6,0.837516556,2.152385698,16.2,8.2,0.7525,0.7405,15.4475,7.4595,2.07084925263087,0.493243484851798,0.0375564724516451,1,NaN,NaN
en655,7',21-22-23',NA,2020-07-26 11:31:52+00:00,2020-07-26 12:20:00+00:00,2020-07-27 12:50:00+00:00,40.6889266666667,-70.8793666666667,1.67466666666667,TF,wsw,N,65%,a,c,>10&<200,152,6,0.837516556,2.152385698,14.9,9.1,0.7525,0.7405,14.1475,8.3595,1.6923859082481,0.357397757927167,0.237444020084514,1,NaN,NaN
en655,7',21-22-23',NA,2020-07-26 11:31:52+00:00,2020-07-26 12:20:00+00:00,2020-07-27 12:50:00+00:00,40.6889266666667,-70.8793666666667,1.67466666666667,TF,wsw,N,65%,b,a,>10&<200,152,6,0.837516556,2.152385698,15.7,8.8,0.7525,0.7405,14.9475,8.0595,1.85464358831193,0.425320621389482,0.148173883052786,1,NaN,NaN
en655,7',21-22-23',NA,2020-07-26 11:31:52+00:00,2020-07-26 12:20:00+00:00,2020-07-27 12:50:00+00:00,40.6889266666667,-70.8793666666667,1.67466666666667,TF,wsw,N,65%,b,b,>10&<200,152,6,0.837516556,2.152385698,15.8,8.12,0.7525,0.7405,15.0475,7.3795,2.03909478961989,0.473484106390034,0.0516232446282328,1,NaN,NaN
en655,7',21-22-23',NA,2020-07-26 11:31:52+00:00,2020-07-26 12:20:00+00:00,2020-07-27 12:50:00+00:00,40.6889266666667,-70.8793666666667,1.67466666666667,TF,wsw,N,65%,b,c,>10&<200,152,6,0.837516556,2.152385698,12.4,8.06,0.7525,0.7405,11.6475,7.3195,1.59129721975545,0.267245593695366,0.253592302609018,1,NaN,NaN
en655,12',21-22-23',NA,2020-07-27 10:52:26+00:00,2020-07-27 11:30:00+00:00,2020-07-28 10:45:00+00:00,39.9242,-70.8921066666667,2.59933333333333,T0,dil,NA,NA,NA,a,>0&<200,152,6,0.837516556,2.152385698,2.21,1.67,0.758,0.76,1.452,0.91,1.5956043956044,0.0334674472696137,0.031285949224271,1,NaN,NaN
en655,12',21-22-23',NA,2020-07-27 10:52:26+00:00,2020-07-27 11:30:00+00:00,2020-07-28 10:45:00+00:00,39.9242,-70.8921066666667,2.59933333333333,T0,dil,NA,NA,NA,b,>0&<200,152,6,0.837516556,2.152385698,2.14,1.53,0.758,0.76,1.382,0.77,1.79480519480519,0.0377898113081247,0.0170015241867008,1,NaN,NaN
en655,12',21-22-23',NA,2020-07-27 10:52:26+00:00,2020-07-27 11:30:00+00:00,2020-07-28 10:45:00+00:00,39.9242,-70.8921066666667,2.59933333333333,T0,dil,NA,NA,NA,c,>0&<200,152,6,0.837516556,2.152385698,2.45,1.77,0.758,0.76,1.692,1.01,1.67524752475248,0.0421121753466357,0.0297569790037199,1,NaN,NaN
en655,12',21-22-23',NA,2020-07-27 10:52:26+00:00,2020-07-27 11:30:00+00:00,2020-07-28 10:45:00+00:00,39.9242,-70.8921066666667,2.59933333333333,T0,dil,NA,NA,NA,a,>10&<200,152,6,0.837516556,2.152385698,0.9,0.868,0.758,0.76,0.142,0.108,1.31481481481482,0.00209943396156249,0.00558558452342603,1,NaN,NaN
en655,12',21-22-23',NA,2020-07-27 10:52:26+00:00,2020-07-27 11:30:00+00:00,2020-07-28 10:45:00+00:00,39.9242,-70.8921066666667,2.59933333333333,T0,dil,NA,NA,NA,b,>10&<200,152,6,0.837516556,2.152385698,0.929,0.897,0.758,0.76,0.171,0.137,1.24817518248175,0.00209943396156249,0.00764915430180258,3,NaN,NaN
en655,12',21-22-23',NA,2020-07-27 10:52:26+00:00,2020-07-27 11:30:00+00:00,2020-07-28 10:45:00+00:00,39.9242,-70.8921066666667,2.59933333333333,T0,dil,NA,NA,NA,c,>10&<200,152,6,0.837516556,2.152385698,0.946,0.836,0.758,0.76,0.188,0.076,2.47368421052632,0.0069157824616176,-0.00150780649069975,1,NaN,NaN
en655,12',21-22-23',NA,2020-07-27 10:52:26+00:00,2020-07-27 11:30:00+00:00,2020-07-28 10:45:00+00:00,39.9242,-70.8921066666667,2.59933333333333,T0,wsw,NA,NA,NA,a,>0&<200,152,6,0.837516556,2.152385698,7.46,4.23,0.758,0.76,6.702,3.47,1.9314121037464,0.199569722463822,0.0473470751557165,1,NaN,NaN
en655,12',21-22-23',NA,2020-07-27 10:52:26+00:00,2020-07-27 11:30:00+00:00,2020-07-28 10:45:00+00:00,39.9242,-70.8921066666667,2.59933333333333,T0,wsw,NA,NA,NA,b,>0&<200,152,6,0.837516556,2.152385698,7.5,4.32,0.758,0.76,6.742,3.56,1.8938202247191,0.196482319579171,0.056838660111191,1,NaN,NaN
en655,12',21-22-23',NA,2020-07-27 10:52:26+00:00,2020-07-27 11:30:00+00:00,2020-07-28 10:45:00+00:00,39.9242,-70.8921066666667,2.59933333333333,T0,wsw,NA,NA,NA,c,>0&<200,152,6,0.837516556,2.152385698,6.62,4.62,0.758,0.76,5.862,3.86,1.51865284974093,0.123619611501415,0.15104864175836,1,NaN,NaN
en655,12',21-22-23',NA,2020-07-27 10:52:26+00:00,2020-07-27 11:30:00+00:00,2020-07-28 10:45:00+00:00,39.9242,-70.8921066666667,2.59933333333333,T0,wsw,NA,NA,NA,a,>10&<200,152,6,0.837516556,2.152385698,1.75,1.31,0.758,0.76,0.992,0.55,1.80363636363636,0.0272926415003123,0.0118440267102774,1,NaN,NaN
en655,12',21-22-23',NA,2020-07-27 10:52:26+00:00,2020-07-27 11:30:00+00:00,2020-07-28 10:45:00+00:00,39.9242,-70.8921066666667,2.59933333333333,T0,wsw,NA,NA,NA,b,>10&<200,152,6,0.837516556,2.152385698,1.93,1.21,0.758,0.76,1.172,0.45,2.60444444444444,0.0445820976543563,-0.0125611873002375,1,NaN,NaN
en655,12',21-22-23',NA,2020-07-27 10:52:26+00:00,2020-07-27 11:30:00+00:00,2020-07-28 10:45:00+00:00,39.9242,-70.8921066666667,2.59933333333333,T0,wsw,NA,NA,NA,c,>10&<200,152,6,0.837516556,2.152385698,1.42,1.19,0.758,0.76,0.662,0.43,1.53953488372093,0.0143255493847793,0.0162722093980453,1,NaN,NaN
en655,12',21-22-23',NA,2020-07-27 10:52:26+00:00,2020-07-27 11:30:00+00:00,2020-07-28 10:45:00+00:00,39.9242,-70.8921066666667,2.59933333333333,TF,dil,N,15%,a,a,>0&<200,152,6,0.837516556,2.152385698,4.46,2.93,0.7325,0.73,3.7275,2.2,1.69431818181818,0.0943201581260793,0.0622265147162795,1,NaN,NaN
en655,12',21-22-23',NA,2020-07-27 10:52:26+00:00,2020-07-27 11:30:00+00:00,2020-07-28 10:45:00+00:00,39.9242,-70.8921066666667,2.59933333333333,TF,dil,N,15%,a,b,>0&<200,152,6,0.837516556,2.152385698,4.9,2.71,0.7325,0.73,4.1675,1.98,2.10479797979798,0.135073876203469,0.0058181293546541,1,NaN,NaN
en655,12',21-22-23',NA,2020-07-27 10:52:26+00:00,2020-07-27 11:30:00+00:00,2020-07-28 10:45:00+00:00,39.9242,-70.8921066666667,2.59933333333333,TF,dil,N,15%,a,c,>0&<200,152,6,0.837516556,2.152385698,4.31,2.73,0.7325,0.73,3.5775,2,1.78875,0.09740756101073,0.044907596118687,1,NaN,NaN
en655,12',21-22-23',NA,2020-07-27 10:52:26+00:00,2020-07-27 11:30:00+00:00,2020-07-28 10:45:00+00:00,39.9242,-70.8921066666667,2.59933333333333,TF,dil,N,15%,b,a,>0&<200,152,6,0.837516556,2.152385698,4.52,2.77,0.7325,0.73,3.7875,2.04,1.85661764705882,0.107904730818542,0.037256729453463,1,NaN,NaN
en655,12',21-22-23',NA,2020-07-27 10:52:26+00:00,2020-07-27 11:30:00+00:00,2020-07-28 10:45:00+00:00,39.9242,-70.8921066666667,2.59933333333333,TF,dil,N,15%,b,b,>0&<200,152,6,0.837516556,2.152385698,4.8,2.97,0.7325,0.73,4.0675,2.24,1.81584821428571,0.112844575433984,0.0465484005509635,1,NaN,NaN
en655,12',21-22-23',NA,2020-07-27 10:52:26+00:00,2020-07-27 11:30:00+00:00,2020-07-28 10:45:00+00:00,39.9242,-70.8921066666667,2.59933333333333,TF,dil,N,15%,b,c,>0&<200,152,6,0.837516556,2.152385698,4.92,2.97,0.7325,0.73,4.1875,2.24,1.86941964285714,0.120254342357145,0.0391386336278018,1,NaN,NaN
en655,12',21-22-23',NA,2020-07-27 10:52:26+00:00,2020-07-27 11:30:00+00:00,2020-07-28 10:45:00+00:00,39.9242,-70.8921066666667,2.59933333333333,TF,wsw,NoN,15%,a,a,>0&<200,152,6,0.837516556,2.152385698,15.8,8.86,0.7325,0.73,15.0675,8.13,1.85332103321033,0.428377150245287,0.150133963485793,1,NaN,NaN
en655,12',21-22-23',NA,2020-07-27 10:52:26+00:00,2020-07-27 11:30:00+00:00,2020-07-28 10:45:00+00:00,39.9242,-70.8921066666667,2.59933333333333,TF,wsw,NoN,15%,a,b,>0&<200,152,6,0.837516556,2.152385698,13.8,9.46,0.7325,0.73,13.0675,8.73,1.49684994272623,0.267832200243449,0.353373460626456,1,NaN,NaN
en655,12',21-22-23',NA,2020-07-27 10:52:26+00:00,2020-07-27 11:30:00+00:00,2020-07-28 10:45:00+00:00,39.9242,-70.8921066666667,2.59933333333333,TF,wsw,NoN,15%,a,c,>0&<200,152,6,0.837516556,2.152385698,16,9.09,0.7325,0.73,15.2675,8.36,1.82625598086124,0.426524708514496,0.168352648286467,1,NaN,NaN
en655,12',21-22-23',NA,2020-07-27 10:52:26+00:00,2020-07-27 11:30:00+00:00,2020-07-28 10:45:00+00:00,39.9242,-70.8921066666667,2.59933333333333,TF,wsw,NoN,15%,b,a,>0&<200,152,6,0.837516556,2.152385698,16.2,10.8,0.7325,0.73,15.4675,10.07,1.53599801390268,0.333285141398044,0.38327167474857,1,NaN,NaN
en655,12',21-22-23',NA,2020-07-27 10:52:26+00:00,2020-07-27 11:30:00+00:00,2020-07-28 10:45:00+00:00,39.9242,-70.8921066666667,2.59933333333333,TF,wsw,NoN,15%,b,b,>0&<200,152,6,0.837516556,2.152385698,17.6,1.98,0.7325,0.73,16.8675,1.25,13.494,0.964350291020651,-0.875403317814765,3,NaN,NaN
en655,12',21-22-23',NA,2020-07-27 10:52:26+00:00,2020-07-27 11:30:00+00:00,2020-07-28 10:45:00+00:00,39.9242,-70.8921066666667,2.59933333333333,TF,wsw,NoN,15%,b,c,>0&<200,152,6,0.837516556,2.152385698,15.2,8.73,0.7325,0.73,14.4675,8,1.8084375,0.39935556312957,0.169905065388098,1,NaN,NaN
en655,12',21-22-23',NA,2020-07-27 10:52:26+00:00,2020-07-27 11:30:00+00:00,2020-07-28 10:45:00+00:00,39.9242,-70.8921066666667,2.59933333333333,TF,wsw,N,15%,a,a,>0&<200,152,6,0.837516556,2.152385698,17,10.8,0.7325,0.73,16.2675,10.07,1.61544190665343,0.382683587552456,0.333873228594159,1,NaN,NaN
en655,12',21-22-23',NA,2020-07-27 10:52:26+00:00,2020-07-27 11:30:00+00:00,2020-07-28 10:45:00+00:00,39.9242,-70.8921066666667,2.59933333333333,TF,wsw,N,15%,a,b,>0&<200,152,6,0.837516556,2.152385698,15.4,9.9,0.7325,0.73,14.6675,9.17,1.5995092693566,0.339459947167346,0.313055048271031,1,NaN,NaN
en655,12',21-22-23',NA,2020-07-27 10:52:26+00:00,2020-07-27 11:30:00+00:00,2020-07-28 10:45:00+00:00,39.9242,-70.8921066666667,2.59933333333333,TF,wsw,N,15%,a,c,>0&<200,152,6,0.837516556,2.152385698,15,11.2,0.7325,0.73,14.2675,10.47,1.3627029608405,0.234488249089222,0.510531598483276,1,NaN,NaN
en655,12',21-22-23',NA,2020-07-27 10:52:26+00:00,2020-07-27 11:30:00+00:00,2020-07-28 10:45:00+00:00,39.9242,-70.8921066666667,2.59933333333333,TF,wsw,N,15%,b,a,>0&<200,152,6,0.837516556,2.152385698,18,10.2,0.7325,0.73,17.2675,9.47,1.82338965153115,0.481480479861279,0.192381789146511,1,NaN,NaN
en655,12',21-22-23',NA,2020-07-27 10:52:26+00:00,2020-07-27 11:30:00+00:00,2020-07-28 10:45:00+00:00,39.9242,-70.8921066666667,2.59933333333333,TF,wsw,N,15%,b,b,>0&<200,152,6,0.837516556,2.152385698,20.2,10.3,0.7325,0.73,19.4675,9.57,2.03422152560084,0.611151401016609,0.069826625847652,1,NaN,NaN
en655,12',21-22-23',NA,2020-07-27 10:52:26+00:00,2020-07-27 11:30:00+00:00,2020-07-28 10:45:00+00:00,39.9242,-70.8921066666667,2.59933333333333,TF,wsw,N,15%,b,c,>0&<200,152,6,0.837516556,2.152385698,16.6,10.7,0.7325,0.73,15.8675,9.97,1.59152457372116,0.364159170244552,0.345281888045592,1,NaN,NaN
en655,12',21-22-23',NA,2020-07-27 10:52:26+00:00,2020-07-27 11:30:00+00:00,2020-07-28 10:45:00+00:00,39.9242,-70.8921066666667,2.59933333333333,TF,dil,N,15%,a,a,>10&<200,152,6,0.837516556,2.152385698,1.77,1.04,0.7325,0.73,1.0375,0.31,3.34677419354839,0.0449217119716679,-0.0228628626166082,3,NaN,NaN
en655,12',21-22-23',NA,2020-07-27 10:52:26+00:00,2020-07-27 11:30:00+00:00,2020-07-28 10:45:00+00:00,39.9242,-70.8921066666667,2.59933333333333,TF,dil,N,15%,a,b,>10&<200,152,6,0.837516556,2.152385698,1.32,1.04,0.7325,0.73,0.5875,0.31,1.89516129032258,0.0171350860098115,0.00492376334524818,1,NaN,NaN
en655,12',21-22-23',NA,2020-07-27 10:52:26+00:00,2020-07-27 11:30:00+00:00,2020-07-28 10:45:00+00:00,39.9242,-70.8921066666667,2.59933333333333,TF,dil,N,15%,a,c,>10&<200,152,6,0.837516556,2.152385698,1.25,0.981,0.7325,0.73,0.5175,0.251,2.06175298804781,0.0164558573751883,0.00140469484455354,1,NaN,NaN
en655,12',21-22-23',NA,2020-07-27 10:52:26+00:00,2020-07-27 11:30:00+00:00,2020-07-28 10:45:00+00:00,39.9242,-70.8921066666667,2.59933333333333,TF,dil,N,15%,b,a,>10&<200,152,6,0.837516556,2.152385698,1.34,1,0.7325,0.73,0.6075,0.27,2.25,0.0208399694713923,-0.00162742325892102,1,NaN,NaN
en655,12',21-22-23',NA,2020-07-27 10:52:26+00:00,2020-07-27 11:30:00+00:00,2020-07-28 10:45:00+00:00,39.9242,-70.8921066666667,2.59933333333333,TF,dil,N,15%,b,b,>10&<200,152,6,0.837516556,2.152385698,1.2,0.982,0.7325,0.73,0.4675,0.252,1.85515873015873,0.0133067064328446,0.00462500336546198,1,NaN,NaN
en655,12',21-22-23',NA,2020-07-27 10:52:26+00:00,2020-07-27 11:30:00+00:00,2020-07-28 10:45:00+00:00,39.9242,-70.8921066666667,2.59933333333333,TF,dil,N,15%,b,c,>10&<200,152,6,0.837516556,2.152385698,1.27,0.96,0.7325,0.73,0.5375,0.23,2.33695652173913,0.0189875277406019,-0.00262128467071893,1,NaN,NaN
en655,12',21-22-23',NA,2020-07-27 10:52:26+00:00,2020-07-27 11:30:00+00:00,2020-07-28 10:45:00+00:00,39.9242,-70.8921066666667,2.59933333333333,TF,wsw,NoN,15%,a,a,>10&<200,152,6,0.837516556,2.152385698,2.63,1.8,0.7325,0.73,1.8975,1.07,1.77336448598131,0.0510965177409693,0.0250420913232688,1,NaN,NaN
en655,12',21-22-23',NA,2020-07-27 10:52:26+00:00,2020-07-27 11:30:00+00:00,2020-07-28 10:45:00+00:00,39.9242,-70.8921066666667,2.59933333333333,TF,wsw,NoN,15%,a,b,>10&<200,152,6,0.837516556,2.152385698,2.73,1.98,0.7325,0.73,1.9975,1.25,1.598,0.0461566731255282,0.0427903000803575,1,NaN,NaN
en655,12',21-22-23',NA,2020-07-27 10:52:26+00:00,2020-07-27 11:30:00+00:00,2020-07-28 10:45:00+00:00,39.9242,-70.8921066666667,2.59933333333333,TF,wsw,NoN,15%,a,c,>10&<200,152,6,0.837516556,2.152385698,3.17,2,0.7325,0.73,2.4375,1.27,1.91929133858268,0.0720908573565942,0.0182792674205857,1,NaN,NaN
en655,12',21-22-23',NA,2020-07-27 10:52:26+00:00,2020-07-27 11:30:00+00:00,2020-07-28 10:45:00+00:00,39.9242,-70.8921066666667,2.59933333333333,TF,wsw,NoN,15%,b,a,>10&<200,152,6,0.837516556,2.152385698,2.96,1.99,0.7325,0.73,2.2275,1.26,1.76785714285714,0.0597412458179913,0.0299173031735414,1,NaN,NaN
en655,12',21-22-23',NA,2020-07-27 10:52:26+00:00,2020-07-27 11:30:00+00:00,2020-07-28 10:45:00+00:00,39.9242,-70.8921066666667,2.59933333333333,TF,wsw,NoN,15%,b,b,>10&<200,152,6,0.837516556,2.152385698,2.89,1.93,0.7325,0.73,2.1575,1.2,1.79791666666667,0.0591237652410612,0.026265329036589,1,NaN,NaN
en655,12',21-22-23',NA,2020-07-27 10:52:26+00:00,2020-07-27 11:30:00+00:00,2020-07-28 10:45:00+00:00,39.9242,-70.8921066666667,2.59933333333333,TF,wsw,NoN,15%,b,c,>10&<200,152,6,0.837516556,2.152385698,3.25,1.95,0.7325,0.73,2.5175,1.22,2.06352459016393,0.080118104856686,0.00669414099225835,1,NaN,NaN
en655,12',21-22-23',NA,2020-07-27 10:52:26+00:00,2020-07-27 11:30:00+00:00,2020-07-28 10:45:00+00:00,39.9242,-70.8921066666667,2.59933333333333,TF,wsw,N,15%,a,a,>10&<200,152,6,0.837516556,2.152385698,3.66,2.28,0.7325,0.73,2.9275,1.55,1.88870967741936,0.0850579494721272,0.025236297303171,1,NaN,NaN
en655,12',21-22-23',NA,2020-07-27 10:52:26+00:00,2020-07-27 11:30:00+00:00,2020-07-28 10:45:00+00:00,39.9242,-70.8921066666667,2.59933333333333,TF,wsw,N,15%,a,b,>10&<200,152,6,0.837516556,2.152385698,3.47,2.02,0.7325,0.73,2.7375,1.29,2.12209302325581,0.0893803135106382,0.00241296283783581,1,NaN,NaN
en655,12',21-22-23',NA,2020-07-27 10:52:26+00:00,2020-07-27 11:30:00+00:00,2020-07-28 10:45:00+00:00,39.9242,-70.8921066666667,2.59933333333333,TF,wsw,N,15%,a,c,>10&<200,152,6,0.837516556,2.152385698,4.16,2.44,0.7325,0.73,3.4275,1.71,2.00438596491228,0.106052289087752,0.0156271702578995,1,NaN,NaN
en655,12',21-22-23',NA,2020-07-27 10:52:26+00:00,2020-07-27 11:30:00+00:00,2020-07-28 10:45:00+00:00,39.9242,-70.8921066666667,2.59933333333333,TF,wsw,N,15%,b,a,>10&<200,152,6,0.837516556,2.152385698,3.38,2.04,0.7325,0.73,2.6475,1.31,2.02099236641221,0.0825880271644066,0.0106284007553616,1,NaN,NaN
en655,12',21-22-23',NA,2020-07-27 10:52:26+00:00,2020-07-27 11:30:00+00:00,2020-07-28 10:45:00+00:00,39.9242,-70.8921066666667,2.59933333333333,TF,wsw,N,15%,b,b,>10&<200,152,6,0.837516556,2.152385698,3.02,1.88,0.7325,0.73,2.2875,1.15,1.98913043478261,0.0702384156258038,0.011592799723611,1,NaN,NaN
en655,12',21-22-23',NA,2020-07-27 10:52:26+00:00,2020-07-27 11:30:00+00:00,2020-07-28 10:45:00+00:00,39.9242,-70.8921066666667,2.59933333333333,TF,wsw,N,15%,b,c,>10&<200,152,6,0.837516556,2.152385698,2.45,1.98,0.7325,0.73,1.7175,1.25,1.374,0.0288672169714842,0.0600797562344015,3,NaN,NaN
en655,12',21-22-23',NA,2020-07-27 10:52:26+00:00,2020-07-27 11:30:00+00:00,2020-07-28 10:45:00+00:00,39.9242,-70.8921066666667,2.59933333333333,TF,dil,N,65%,a,a,>0&<200,152,6,0.837516556,2.152385698,4.17,2.6,0.7325,0.73,3.4375,1.87,1.83823529411765,0.0967900804337999,0.0362745914822051,1,NaN,NaN
en655,12',21-22-23',NA,2020-07-27 10:52:26+00:00,2020-07-27 11:30:00+00:00,2020-07-28 10:45:00+00:00,39.9242,-70.8921066666667,2.59933333333333,TF,dil,N,65%,a,b,>0&<200,152,6,0.837516556,2.152385698,3.81,2.33,0.7325,0.73,3.0775,1.6,1.9234375,0.0912327552414286,0.022619370462105,1,NaN,NaN
en655,12',21-22-23',NA,2020-07-27 10:52:26+00:00,2020-07-27 11:30:00+00:00,2020-07-28 10:45:00+00:00,39.9242,-70.8921066666667,2.59933333333333,TF,dil,N,65%,a,c,>0&<200,152,6,0.837516556,2.152385698,3.75,2.73,0.7325,0.73,3.0175,2,1.50875,0.062828648702642,0.079486508426775,1,NaN,NaN
en655,12',21-22-23',NA,2020-07-27 10:52:26+00:00,2020-07-27 11:30:00+00:00,2020-07-28 10:45:00+00:00,39.9242,-70.8921066666667,2.59933333333333,TF,dil,N,65%,b,a,>0&<200,152,6,0.837516556,2.152385698,3.25,2.59,0.7325,0.73,2.5175,1.86,1.35349462365591,0.0405993479331569,0.0917537481972009,1,NaN,NaN
en655,12',21-22-23',NA,2020-07-27 10:52:26+00:00,2020-07-27 11:30:00+00:00,2020-07-28 10:45:00+00:00,39.9242,-70.8921066666667,2.59933333333333,TF,dil,N,65%,b,b,>0&<200,152,6,0.837516556,2.152385698,3.7,2.33,0.7325,0.73,2.9675,1.6,1.8546875,0.084440468895197,0.0294116568083366,1,NaN,NaN
en655,12',21-22-23',NA,2020-07-27 10:52:26+00:00,2020-07-27 11:30:00+00:00,2020-07-28 10:45:00+00:00,39.9242,-70.8921066666667,2.59933333333333,TF,dil,N,65%,b,c,>0&<200,152,6,0.837516556,2.152385698,3.65,2.48,0.7325,0.73,2.9175,1.75,1.66714285714286,0.0720908573565942,0.0524349051316457,1,NaN,NaN
en655,12',21-22-23',NA,2020-07-27 10:52:26+00:00,2020-07-27 11:30:00+00:00,2020-07-28 10:45:00+00:00,39.9242,-70.8921066666667,2.59933333333333,TF,wsw,NoN,65%,a,a,>0&<200,152,6,0.837516556,2.152385698,11.6,5.83,0.7325,0.73,10.8675,5.1,2.13088235294118,0.35613192274446,0.00677172793555351,1,NaN,NaN
en655,12',21-22-23',NA,2020-07-27 10:52:26+00:00,2020-07-27 11:30:00+00:00,2020-07-28 10:45:00+00:00,39.9242,-70.8921066666667,2.59933333333333,TF,wsw,NoN,65%,a,b,>0&<200,152,6,0.837516556,2.152385698,12.4,6.33,0.7325,0.73,11.6675,5.6,2.08348214285714,0.374656340052364,0.0238260999100034,1,NaN,NaN
en655,12',21-22-23',NA,2020-07-27 10:52:26+00:00,2020-07-27 11:30:00+00:00,2020-07-28 10:45:00+00:00,39.9242,-70.8921066666667,2.59933333333333,TF,wsw,NoN,65%,a,c,>0&<200,152,6,0.837516556,2.152385698,8.18,4.92,0.7325,0.73,7.4475,4.19,1.77744630071599,0.201144297934994,0.0970059562511346,1,NaN,NaN
en655,12',21-22-23',NA,2020-07-27 10:52:26+00:00,2020-07-27 11:30:00+00:00,2020-07-28 10:45:00+00:00,39.9242,-70.8921066666667,2.59933333333333,TF,wsw,NoN,65%,b,a,>0&<200,152,6,0.837516556,2.152385698,11.9,7.18,0.7325,0.73,11.1675,6.45,1.73139534883721,0.291296462166795,0.167669919575575,1,NaN,NaN
en655,12',21-22-23',NA,2020-07-27 10:52:26+00:00,2020-07-27 11:30:00+00:00,2020-07-28 10:45:00+00:00,39.9242,-70.8921066666667,2.59933333333333,TF,wsw,NoN,65%,b,b,>0&<200,152,6,0.837516556,2.152385698,14.7,8.26,0.7325,0.73,13.9675,7.53,1.85491367861886,0.397503121398779,0.138313445193476,1,NaN,NaN
en655,12',21-22-23',NA,2020-07-27 10:52:26+00:00,2020-07-27 11:30:00+00:00,2020-07-28 10:45:00+00:00,39.9242,-70.8921066666667,2.59933333333333,TF,wsw,NoN,65%,b,c,>0&<200,152,6,0.837516556,2.152385698,14.2,7.72,0.7325,0.73,13.4675,6.99,1.92668097281831,0.3999730437065,0.0974184304608126,1,NaN,NaN
en655,12',21-22-23',NA,2020-07-27 10:52:26+00:00,2020-07-27 11:30:00+00:00,2020-07-28 10:45:00+00:00,39.9242,-70.8921066666667,2.59933333333333,TF,wsw,N,65%,a,a,>0&<200,152,6,0.837516556,2.152385698,11.7,8.01,0.7325,0.73,10.9675,7.28,1.50652472527473,0.22769596274299,0.290331209208088,1,NaN,NaN
en655,12',21-22-23',NA,2020-07-27 10:52:26+00:00,2020-07-27 11:30:00+00:00,2020-07-28 10:45:00+00:00,39.9242,-70.8921066666667,2.59933333333333,TF,wsw,N,65%,a,b,>0&<200,152,6,0.837516556,2.152385698,14.4,8.06,0.7325,0.73,13.6675,7.33,1.86459754433834,0.391328315629478,0.130256735249835,1,NaN,NaN
en655,12',21-22-23',NA,2020-07-27 10:52:26+00:00,2020-07-27 11:30:00+00:00,2020-07-28 10:45:00+00:00,39.9242,-70.8921066666667,2.59933333333333,TF,wsw,N,65%,a,c,>0&<200,152,6,0.837516556,2.152385698,16.2,8.14,0.7325,0.73,15.4675,7.41,2.08738191632928,0.497534974861462,0.0297426823030276,1,NaN,NaN
en655,12',21-22-23',NA,2020-07-27 10:52:26+00:00,2020-07-27 11:30:00+00:00,2020-07-28 10:45:00+00:00,39.9242,-70.8921066666667,2.59933333333333,TF,wsw,N,65%,b,a,>0&<200,152,6,0.837516556,2.152385698,12,9.78,0.7325,0.73,11.2675,9.05,1.24502762430939,0.136926317934259,0.507049768076353,3,NaN,NaN
en655,12',21-22-23',NA,2020-07-27 10:52:26+00:00,2020-07-27 11:30:00+00:00,2020-07-28 10:45:00+00:00,39.9242,-70.8921066666667,2.59933333333333,TF,wsw,N,65%,b,b,>0&<200,152,6,0.837516556,2.152385698,16.5,7.85,0.7325,0.73,15.7675,7.12,2.21453651685393,0.533966328900341,-0.0273243695196164,3,NaN,NaN
en655,12',21-22-23',NA,2020-07-27 10:52:26+00:00,2020-07-27 11:30:00+00:00,2020-07-28 10:45:00+00:00,39.9242,-70.8921066666667,2.59933333333333,TF,wsw,N,65%,b,c,>0&<200,152,6,0.837516556,2.152385698,14,8.06,0.7325,0.73,13.2675,7.33,1.8100272851296,0.366629092552272,0.154955958327041,1,NaN,NaN
en655,12',21-22-23',NA,2020-07-27 10:52:26+00:00,2020-07-27 11:30:00+00:00,2020-07-28 10:45:00+00:00,39.9242,-70.8921066666667,2.59933333333333,TF,dil,N,65%,a,a,>10&<200,152,6,0.837516556,2.152385698,1.37,0.966,0.7325,0.73,0.6375,0.236,2.70127118644068,0.0247918451637452,-0.00799865662247403,3,NaN,NaN
en655,12',21-22-23',NA,2020-07-27 10:52:26+00:00,2020-07-27 11:30:00+00:00,2020-07-28 10:45:00+00:00,39.9242,-70.8921066666667,2.59933333333333,TF,dil,N,65%,a,b,>10&<200,152,6,0.837516556,2.152385698,1.15,0.957,0.7325,0.73,0.4175,0.227,1.83920704845815,0.0117630049905192,0.00438976534366962,1,NaN,NaN
en655,12',21-22-23',NA,2020-07-27 10:52:26+00:00,2020-07-27 11:30:00+00:00,2020-07-28 10:45:00+00:00,39.9242,-70.8921066666667,2.59933333333333,TF,dil,N,65%,a,c,>10&<200,152,6,0.837516556,2.152385698,1.36,1.06,0.7325,0.73,0.6275,0.33,1.90151515151515,0.0183700471636718,0.00511195376268207,1,NaN,NaN
en655,12',21-22-23',NA,2020-07-27 10:52:26+00:00,2020-07-27 11:30:00+00:00,2020-07-28 10:45:00+00:00,39.9242,-70.8921066666667,2.59933333333333,TF,dil,N,65%,b,a,>10&<200,152,6,0.837516556,2.152385698,1.23,0.992,0.7325,0.73,0.4975,0.262,1.89885496183206,0.0145416675867049,0.00410161799724877,1,NaN,NaN
en655,12',21-22-23',NA,2020-07-27 10:52:26+00:00,2020-07-27 11:30:00+00:00,2020-07-28 10:45:00+00:00,39.9242,-70.8921066666667,2.59933333333333,TF,dil,N,65%,b,b,>10&<200,152,6,0.837516556,2.152385698,1.41,0.996,0.7325,0.73,0.6775,0.266,2.54699248120301,0.0254093257406754,-0.0064814098424629,1,NaN,NaN
en655,12',21-22-23',NA,2020-07-27 10:52:26+00:00,2020-07-27 11:30:00+00:00,2020-07-28 10:45:00+00:00,39.9242,-70.8921066666667,2.59933333333333,TF,dil,N,65%,b,c,>10&<200,152,6,0.837516556,2.152385698,1.4,1.01,0.7325,0.73,0.6675,0.28,2.38392857142857,0.023927372356043,-0.00400325035792463,1,NaN,NaN
en655,12',21-22-23',NA,2020-07-27 10:52:26+00:00,2020-07-27 11:30:00+00:00,2020-07-28 10:45:00+00:00,39.9242,-70.8921066666667,2.59933333333333,TF,wsw,NoN,65%,a,a,>10&<200,152,6,0.837516556,2.152385698,2.72,1.86,0.7325,0.73,1.9875,1.13,1.75884955752212,0.0529489594717598,0.0274591043063609,1,NaN,NaN
en655,12',21-22-23',NA,2020-07-27 10:52:26+00:00,2020-07-27 11:30:00+00:00,2020-07-28 10:45:00+00:00,39.9242,-70.8921066666667,2.59933333333333,TF,wsw,NoN,65%,a,b,>10&<200,152,6,0.837516556,2.152385698,2.64,1.77,0.7325,0.73,1.9075,1.04,1.83413461538462,0.0535664400486899,0.020437441658607,1,NaN,NaN
en655,12',21-22-23',NA,2020-07-27 10:52:26+00:00,2020-07-27 11:30:00+00:00,2020-07-28 10:45:00+00:00,39.9242,-70.8921066666667,2.59933333333333,TF,wsw,NoN,65%,a,c,>10&<200,152,6,0.837516556,2.152385698,2.6,1.59,0.7325,0.73,1.8675,0.86,2.17151162790698,0.0622111681257119,-0.00101565056006256,1,NaN,NaN
en655,12',21-22-23',NA,2020-07-27 10:52:26+00:00,2020-07-27 11:30:00+00:00,2020-07-28 10:45:00+00:00,39.9242,-70.8921066666667,2.59933333333333,TF,wsw,NoN,65%,b,a,>10&<200,152,6,0.837516556,2.152385698,3.88,1.71,0.7325,0.73,3.1475,0.98,3.21173469387755,0.133838915049608,-0.0641044880561941,3,NaN,NaN
en655,12',21-22-23',NA,2020-07-27 10:52:26+00:00,2020-07-27 11:30:00+00:00,2020-07-28 10:45:00+00:00,39.9242,-70.8921066666667,2.59933333333333,TF,wsw,NoN,65%,b,b,>10&<200,152,6,0.837516556,2.152385698,3.37,1.71,0.7325,0.73,2.6375,0.98,2.69132653061224,0.102347405626171,-0.0326129786327568,3,NaN,NaN
en655,12',21-22-23',NA,2020-07-27 10:52:26+00:00,2020-07-27 11:30:00+00:00,2020-07-28 10:45:00+00:00,39.9242,-70.8921066666667,2.59933333333333,TF,wsw,NoN,65%,b,c,>10&<200,152,6,0.837516556,2.152385698,2.58,1.62,0.7325,0.73,1.8475,0.89,2.07584269662921,0.0591237652410612,0.00420647968152942,1,NaN,NaN
en655,12',21-22-23',NA,2020-07-27 10:52:26+00:00,2020-07-27 11:30:00+00:00,2020-07-28 10:45:00+00:00,39.9242,-70.8921066666667,2.59933333333333,TF,wsw,N,65%,a,a,>10&<200,152,6,0.837516556,2.152385698,3.64,1.99,0.7325,0.73,2.9075,1.26,2.30753968253968,0.101729925049241,-0.0120713760577083,1,NaN,NaN
en655,12',21-22-23',NA,2020-07-27 10:52:26+00:00,2020-07-27 11:30:00+00:00,2020-07-28 10:45:00+00:00,39.9242,-70.8921066666667,2.59933333333333,TF,wsw,N,65%,a,b,>10&<200,152,6,0.837516556,2.152385698,3.35,2.24,0.7325,0.73,2.6175,1.51,1.73344370860927,0.0683859738950133,0.0390619697376966,1,NaN,NaN
en655,12',21-22-23',NA,2020-07-27 10:52:26+00:00,2020-07-27 11:30:00+00:00,2020-07-28 10:45:00+00:00,39.9242,-70.8921066666667,2.59933333333333,TF,wsw,N,65%,a,c,>10&<200,152,6,0.837516556,2.152385698,2.82,1.79,0.7325,0.73,2.0875,1.06,1.96933962264151,0.0634461292795722,0.0119809039990189,1,NaN,NaN
en655,12',21-22-23',NA,2020-07-27 10:52:26+00:00,2020-07-27 11:30:00+00:00,2020-07-28 10:45:00+00:00,39.9242,-70.8921066666667,2.59933333333333,TF,wsw,N,65%,b,a,>10&<200,152,6,0.837516556,2.152385698,3.62,2.11,0.7325,0.73,2.8875,1.38,2.09239130434783,0.0930851969722191,0.00511226144707869,1,NaN,NaN
en655,12',21-22-23',NA,2020-07-27 10:52:26+00:00,2020-07-27 11:30:00+00:00,2020-07-28 10:45:00+00:00,39.9242,-70.8921066666667,2.59933333333333,TF,wsw,N,65%,b,b,>10&<200,152,6,0.837516556,2.152385698,2.93,1.82,0.7325,0.73,2.1975,1.09,2.01605504587156,0.0683859738950133,0.00917578674051898,1,NaN,NaN
en655,12',21-22-23',NA,2020-07-27 10:52:26+00:00,2020-07-27 11:30:00+00:00,2020-07-28 10:45:00+00:00,39.9242,-70.8921066666667,2.59933333333333,TF,wsw,N,65%,b,c,>10&<200,152,6,0.837516556,2.152385698,2.96,1.81,0.7325,0.73,2.2275,1.08,2.0625,0.0708558962027339,0.00599428864715133,1,NaN,NaN
