cruise,cast,niskin,niskin_second_cast,station,date_time_utc_sampling,date_time_utc_start,date_time_utc_end,latitude,longitude,depth,temperature_sampling,incubation_tank,temperature_incubation_avg,temperature_incubation_std,light_level,size_fraction,Chla,Chlad10,Chlau10,Chlad10per,Chlau10per,duration_incubation,dilution,mu_0,mu_0_std,grazing,grazing_std,mu_N,mu_N_std,iode_quality_flag
en608,1,11-12-13-14,NA,L1,2018-01-31 19:44:59+00:00,2018-01-31 21:00:00+00:00,2018-02-01 21:30:00+00:00,41.1964,-70.8777,2.84,2.31,1,5.02,1.22,15%,>0&<200,6.72,0.96,5.76,0.14,0.86,1.02,0.2,0.12,0.09,0.24,0.07,n/n,n/n,1
en608,1,11-12-13-14,NA,L1,2018-01-31 19:44:59+00:00,2018-01-31 21:00:00+00:00,2018-02-01 21:30:00+00:00,41.1964,-70.8777,2.84,2.31,1,5.02,1.22,65%,>0&<10,6.72,0.96,5.76,0.14,0.86,1.02,0.2,NaN,NaN,NaN,NaN,1.3,0,1
en608,1,11-12-13-14,NA,L1,2018-01-31 19:44:59+00:00,2018-01-31 21:00:00+00:00,2018-02-01 21:30:00+00:00,41.1964,-70.8777,2.84,2.31,1,5.02,1.22,65%,>0&<200,6.72,0.96,5.76,0.14,0.86,1.02,0.2,0.17,0.2,0.43,0.11,n/n,n/n,1
en608,1,11-12-13-14,NA,L1,2018-01-31 19:44:59+00:00,2018-01-31 21:00:00+00:00,2018-02-01 21:30:00+00:00,41.1964,-70.8777,2.84,2.31,1,5.02,1.22,65%,>10&<200,6.72,0.96,5.76,0.14,0.86,1.02,0.2,NaN,NaN,0.31,0.13,0.38,0.06,1
en608,5,17-18-19-20,NA,L3,2018-02-01 09:33:26+00:00,2018-02-01 11:00:00+00:00,2018-02-02 11:00:00+00:00,40.8559,-70.8844,3.13,4.87,1,6.84,1.05,15%,>0&<200,2.88,0,2.88,0,1,1,0.23,0.42,0.07,0.19,0.05,n/n,n/n,1
en608,5,17-18-19-20,NA,L3,2018-02-01 09:33:26+00:00,2018-02-01 11:00:00+00:00,2018-02-02 11:00:00+00:00,40.8559,-70.8844,3.13,4.87,1,6.84,1.05,65%,>0&<10,2.88,0,2.88,0,1,1,0.23,NaN,NaN,NaN,NaN,n/n,n/n,3
en608,5,17-18-19-20,NA,L3,2018-02-01 09:33:26+00:00,2018-02-01 11:00:00+00:00,2018-02-02 11:00:00+00:00,40.8559,-70.8844,3.13,4.87,1,6.84,1.05,65%,>0&<200,2.88,0,2.88,0,1,1,0.23,0.29,0.11,NaN,NaN,n/n,n/n,1
en608,5,17-18-19-20,NA,L3,2018-02-01 09:33:26+00:00,2018-02-01 11:00:00+00:00,2018-02-02 11:00:00+00:00,40.8559,-70.8844,3.13,4.87,1,6.84,1.05,65%,>10&<200,2.88,0,2.88,0,1,1,0.23,NaN,NaN,0,0,0.11,0.06,1
en608,8,20-21-22-23,NA,L4,2018-02-01 19:31:38+00:00,2018-02-01 20:30:00+00:00,2018-02-02 20:50:00+00:00,40.6928,-70.8842,5.33,4.5,1,7.19,1.1,15%,>0&<200,3.13,1.2,1.93,0.38,0.62,1.01,0.21,0.34,0.07,NaN,NaN,n/n,n/n,1
en608,8,20-21-22-23,NA,L4,2018-02-01 19:31:38+00:00,2018-02-01 20:30:00+00:00,2018-02-02 20:50:00+00:00,40.6928,-70.8842,5.33,4.5,1,7.19,1.1,65%,>0&<10,3.13,1.2,1.93,0.38,0.62,1.01,0.21,NaN,NaN,0,0,-0.77,0.57,1
en608,8,20-21-22-23,NA,L4,2018-02-01 19:31:38+00:00,2018-02-01 20:30:00+00:00,2018-02-02 20:50:00+00:00,40.6928,-70.8842,5.33,4.5,1,7.19,1.1,65%,>0&<200,3.13,1.2,1.93,0.38,0.62,1.01,0.21,0.28,0.08,NaN,NaN,n/n,n/n,1
en608,8,20-21-22-23,NA,L4,2018-02-01 19:31:38+00:00,2018-02-01 20:30:00+00:00,2018-02-02 20:50:00+00:00,40.6928,-70.8842,5.33,4.5,1,7.19,1.1,65%,>10&<200,3.13,1.2,1.93,0.38,0.62,1.01,0.21,NaN,NaN,0,0,0.57,0.16,1
en608,15,22-23-24,NA,L8,2018-02-02 19:23:45+00:00,2018-02-02 20:50:00+00:00,2018-02-03 21:00:00+00:00,40.12,-70.8063,6.11,8.51,1,8.97,1.35,15%,>0&<200,2.35,0.38,1.97,0.16,0.84,1.01,0.16,0.55,0.06,0.36,0.04,n/n,n/n,1
en608,15,22-23-24,NA,L8,2018-02-02 19:23:45+00:00,2018-02-02 20:50:00+00:00,2018-02-03 21:00:00+00:00,40.12,-70.8063,6.11,8.51,1,8.97,1.35,65%,>0&<10,2.35,0.38,1.97,0.16,0.84,1.01,0.16,NaN,NaN,NaN,NaN,n/n,n/n,1
en608,15,22-23-24,NA,L8,2018-02-02 19:23:45+00:00,2018-02-02 20:50:00+00:00,2018-02-03 21:00:00+00:00,40.12,-70.8063,6.11,8.51,1,8.97,1.35,65%,>0&<200,2.35,0.38,1.97,0.16,0.84,1.01,0.16,0.59,0.1,0.47,0.06,n/n,n/n,1
en608,15,22-23-24,NA,L8,2018-02-02 19:23:45+00:00,2018-02-02 20:50:00+00:00,2018-02-03 21:00:00+00:00,40.12,-70.8063,6.11,8.51,1,8.97,1.35,65%,>10&<200,2.35,0.38,1.97,0.16,0.84,1.01,0.16,NaN,NaN,0.37,0.06,0.46,0.07,1
en608,19,11-12,NA,L11,2018-02-03 18:14:34+00:00,2018-02-03 20:00:00+00:00,2018-02-04 20:00:00+00:00,39.764,-70.8892,54.51,10.03,1,6.97,1.52,5%,>0&<200,1.54,NaN,NaN,NaN,NaN,1,0.26,0.2,0.06,0,0,0.33,0.06,1
en608,19,15,NA,L11,2018-02-03 18:17:18+00:00,2018-02-03 20:00:00+00:00,2018-02-04 20:00:00+00:00,39.7635,-70.8898,24.83,9.9,1,6.97,1.52,5%,>0&<200,1.66,NaN,NaN,NaN,NaN,1,0.22,0.29,0.08,0,0,n/n,n/n,1
en608,19,21-22-23,NA,L11,2018-02-03 18:20:36+00:00,2018-02-03 20:00:00+00:00,2018-02-04 20:00:00+00:00,39.7631,-70.8898,4.06,9.89,1,6.97,1.52,5%,>0&<200,1.9,0.65,1.25,0.34,0.66,1,0.17,0.51,0.05,0.36,0.03,n/n,n/n,1
en608,19,21-22-23,NA,L11,2018-02-03 18:20:36+00:00,2018-02-03 20:00:00+00:00,2018-02-04 20:00:00+00:00,39.7631,-70.8898,4.06,9.89,1,6.97,1.52,65%,>0&<10,1.9,0.65,1.25,0.34,0.66,1,0.17,NaN,NaN,NaN,NaN,n/n,n/n,1
en608,19,21-22-23,NA,L11,2018-02-03 18:20:36+00:00,2018-02-03 20:00:00+00:00,2018-02-04 20:00:00+00:00,39.7631,-70.8898,4.06,9.89,1,6.97,1.52,65%,>0&<200,1.9,0.65,1.25,0.34,0.66,1,0.17,0.39,0.07,0.22,0.05,n/n,n/n,1
en608,19,21-22-23,NA,L11,2018-02-03 18:20:36+00:00,2018-02-03 20:00:00+00:00,2018-02-04 20:00:00+00:00,39.7631,-70.8898,4.06,9.89,1,6.97,1.52,65%,>10&<200,1.9,0.65,1.25,0.34,0.66,1,0.17,NaN,NaN,NaN,NaN,0.44,0.06,1
en617,1,13-14-15,NA,L1,2018-07-20 17:39:19+00:00,2018-07-20 18:54:00+00:00,2018-07-21 19:00:00+00:00,41.2034,-70.8855,1.88,20.16,1,22.32,0.91,15%,>0&<10,1.49,1.16,0.33,0.78,0.22,1,0.21,NaN,NaN,NaN,NaN,1.46,0.09,1
en617,1,13-14-15,NA,L1,2018-07-20 17:39:19+00:00,2018-07-20 18:54:00+00:00,2018-07-21 19:00:00+00:00,41.2034,-70.8855,1.88,20.16,1,22.32,0.91,15%,>0&<200,1.49,1.16,0.33,0.78,0.22,1,0.21,0.73,0.08,NaN,NaN,1.45,0.09,1
en617,1,13-14-15,NA,L1,2018-07-20 17:39:19+00:00,2018-07-20 18:54:00+00:00,2018-07-21 19:00:00+00:00,41.2034,-70.8855,1.88,20.16,1,22.32,0.91,15%,>10&<200,1.49,1.16,0.33,0.78,0.22,1,0.21,NaN,NaN,0.41,0.09,1.81,0.12,1
en617,1,13-14-15,NA,L1,2018-07-20 17:39:19+00:00,2018-07-20 18:54:00+00:00,2018-07-21 19:00:00+00:00,41.2034,-70.8855,1.88,20.16,1,22.32,0.91,65%,>0&<10,1.49,1.16,0.33,0.78,0.22,1,0.21,NaN,NaN,0.58,0.17,1.73,0.32,1
en617,1,13-14-15,NA,L1,2018-07-20 17:39:19+00:00,2018-07-20 18:54:00+00:00,2018-07-21 19:00:00+00:00,41.2034,-70.8855,1.88,20.16,1,22.32,0.91,65%,>0&<200,1.49,1.16,0.33,0.78,0.22,1,0.21,0.66,0.21,0.15,0.05,1.58,0.07,1
en617,1,13-14-15,NA,L1,2018-07-20 17:39:19+00:00,2018-07-20 18:54:00+00:00,2018-07-21 19:00:00+00:00,41.2034,-70.8855,1.88,20.16,1,22.32,0.91,65%,>10&<200,1.49,1.16,0.33,0.78,0.22,1,0.21,NaN,NaN,0,0,1.58,0.17,1
en617,5,17-18-19-20,NA,L3,2018-07-21 07:04:37+00:00,2018-07-21 08:10:00+00:00,2018-07-22 08:00:00+00:00,40.865,-70.8887,1.62,22.49,1,21.94,0.9,15%,>0&<10,0.49,0.46,0.03,0.93,0.07,0.99,0.25,NaN,NaN,0.51,0.03,1.46,0.05,1
en617,5,17-18-19-20,NA,L3,2018-07-21 07:04:37+00:00,2018-07-21 08:10:00+00:00,2018-07-22 08:00:00+00:00,40.865,-70.8887,1.62,22.49,1,21.94,0.9,15%,>0&<200,0.49,0.46,0.03,0.93,0.07,0.99,0.25,1.16,0.21,0,0,n/n,n/n,1
en617,5,17-18-19-20,NA,L3,2018-07-21 07:04:37+00:00,2018-07-21 08:10:00+00:00,2018-07-22 08:00:00+00:00,40.865,-70.8887,1.62,22.49,1,21.94,0.9,15%,>10&<200,0.49,0.46,0.03,0.93,0.07,0.99,0.25,NaN,NaN,NaN,NaN,1.4,0.22,1
en617,5,17-18-19-20,NA,L3,2018-07-21 07:04:37+00:00,2018-07-21 08:10:00+00:00,2018-07-22 08:00:00+00:00,40.865,-70.8887,1.62,22.49,1,21.94,0.9,65%,>0&<10,0.49,0.46,0.03,0.93,0.07,0.99,0.25,NaN,NaN,0,0,1.1,0.15,1
en617,5,17-18-19-20,NA,L3,2018-07-21 07:04:37+00:00,2018-07-21 08:10:00+00:00,2018-07-22 08:00:00+00:00,40.865,-70.8887,1.62,22.49,1,21.94,0.9,65%,>0&<200,0.49,0.46,0.03,0.93,0.07,0.99,0.25,1.13,0.21,0,0,n/n,n/n,1
en617,5,17-18-19-20,NA,L3,2018-07-21 07:04:37+00:00,2018-07-21 08:10:00+00:00,2018-07-22 08:00:00+00:00,40.865,-70.8887,1.62,22.49,1,21.94,0.9,65%,>10&<200,0.49,0.46,0.03,0.93,0.07,0.99,0.25,NaN,NaN,NaN,NaN,1.24,0.08,1
en617,8,17-18-19-20,NA,L4,2018-07-21 15:13:46+00:00,2018-07-21 16:00:00+00:00,2018-07-22 17:00:00+00:00,40.702,-70.8765,2.31,21.35,1,22.53,1.11,15%,>0&<10,0.61,0.59,0.02,0.97,0.03,1.04,0.18,NaN,NaN,0.16,0.03,0.97,0.06,1
en617,8,17-18-19-20,NA,L4,2018-07-21 15:13:46+00:00,2018-07-21 16:00:00+00:00,2018-07-22 17:00:00+00:00,40.702,-70.8765,2.31,21.35,1,22.53,1.11,15%,>0&<200,0.61,0.59,0.02,0.97,0.03,1.04,0.18,0.89,0.1,0.22,0.07,1.03,0.1,1
en617,8,17-18-19-20,NA,L4,2018-07-21 15:13:46+00:00,2018-07-21 16:00:00+00:00,2018-07-22 17:00:00+00:00,40.702,-70.8765,2.31,21.35,1,22.53,1.11,15%,>10&<200,0.61,0.59,0.02,0.97,0.03,1.04,0.18,NaN,NaN,NaN,NaN,1.07,0.06,1
en617,8,17-18-19-20,NA,L4,2018-07-21 15:13:46+00:00,2018-07-21 16:00:00+00:00,2018-07-22 17:00:00+00:00,40.702,-70.8765,2.31,21.35,1,22.53,1.11,65%,>0&<10,0.61,0.59,0.02,0.97,0.03,1.04,0.18,NaN,NaN,0.31,0.08,1.28,0.06,1
en617,8,17-18-19-20,NA,L4,2018-07-21 15:13:46+00:00,2018-07-21 16:00:00+00:00,2018-07-22 17:00:00+00:00,40.702,-70.8765,2.31,21.35,1,22.53,1.11,65%,>0&<200,0.61,0.59,0.02,0.97,0.03,1.04,0.18,0.99,0.05,0.14,0.04,1.19,0.04,1
en617,8,17-18-19-20,NA,L4,2018-07-21 15:13:46+00:00,2018-07-21 16:00:00+00:00,2018-07-22 17:00:00+00:00,40.702,-70.8765,2.31,21.35,1,22.53,1.11,65%,>10&<200,0.61,0.59,0.02,0.97,0.03,1.04,0.18,NaN,NaN,NaN,NaN,1.48,0.14,1
en617,14,20-21-22-23-24,NA,L8,2018-07-22 09:27:03+00:00,2018-07-22 10:30:00+00:00,2018-07-23 10:30:00+00:00,40.1453,-70.7594,7.02,23.02,1,23.7,0.39,15%,>0&<10,0.34,0.29,0.05,0.86,0.14,1,0.21,NaN,NaN,1.11,0.03,1.6,0.02,1
en617,14,20-21-22-23-24,NA,L8,2018-07-22 09:27:03+00:00,2018-07-22 10:30:00+00:00,2018-07-23 10:30:00+00:00,40.1453,-70.7594,7.02,23.02,1,23.7,0.39,15%,>0&<200,0.34,0.29,0.05,0.86,0.14,1,0.21,0.89,0.09,0.33,0.07,n/n,n/n,1
en617,14,20-21-22-23-24,NA,L8,2018-07-22 09:27:03+00:00,2018-07-22 10:30:00+00:00,2018-07-23 10:30:00+00:00,40.1453,-70.7594,7.02,23.02,1,23.7,0.39,15%,>10&<200,0.34,0.29,0.05,0.86,0.14,1,0.21,NaN,NaN,NaN,NaN,0.88,0.06,1
en617,14,20-21-22-23-24,NA,L8,2018-07-22 09:27:03+00:00,2018-07-22 10:30:00+00:00,2018-07-23 10:30:00+00:00,40.1453,-70.7594,7.02,23.02,1,23.7,0.39,65%,>0&<10,0.34,0.29,0.05,0.86,0.14,1,0.21,NaN,NaN,0.92,0.1,1.66,0.11,1
en617,14,20-21-22-23-24,NA,L8,2018-07-22 09:27:03+00:00,2018-07-22 10:30:00+00:00,2018-07-23 10:30:00+00:00,40.1453,-70.7594,7.02,23.02,1,23.7,0.39,65%,>0&<200,0.34,0.29,0.05,0.86,0.14,1,0.21,0.41,0.08,0,0,0.82,0.15,1
en617,14,20-21-22-23-24,NA,L8,2018-07-22 09:27:03+00:00,2018-07-22 10:30:00+00:00,2018-07-23 10:30:00+00:00,40.1453,-70.7594,7.02,23.02,1,23.7,0.39,65%,>10&<200,0.34,0.29,0.05,0.86,0.14,1,0.21,NaN,NaN,NaN,NaN,1.2,0.25,1
en617,18,19-20,NA,L10,2018-07-22 22:08:59+00:00,2018-07-22 22:30:00+00:00,2018-07-23 22:39:00+00:00,39.949,-70.88,5.05,23.61,1,24.57,1.33,65%,>0&<10,0.32,0.28,0.04,0.88,0.12,1.01,0.21,NaN,NaN,0,0,0.51,0.35,1
en617,18,19-20,NA,L10,2018-07-22 22:08:59+00:00,2018-07-22 22:30:00+00:00,2018-07-23 22:39:00+00:00,39.949,-70.88,5.05,23.61,1,24.57,1.33,65%,>0&<200,0.32,0.28,0.04,0.88,0.12,1.01,0.21,0.19,0.07,0,0,0.62,0.29,1
en617,18,19-20,NA,L10,2018-07-22 22:08:59+00:00,2018-07-22 22:30:00+00:00,2018-07-23 22:39:00+00:00,39.949,-70.88,5.05,23.61,1,24.57,1.33,65%,>10&<200,0.32,0.28,0.04,0.88,0.12,1.01,0.21,NaN,NaN,0,0,0.69,0.48,1
en617,21,14-15,NA,L11,2018-07-23 13:58:31+00:00,2018-07-23 16:00:00+00:00,2018-07-24 16:14:00+00:00,39.7647,-70.8595,30.33,14.68,1,23.85,1.61,15%,>0&<10,1.91,1.31,0.6,0.69,0.31,1.01,0.36,NaN,NaN,NaN,NaN,0.13,0.06,3
en617,21,14-15,NA,L11,2018-07-23 13:58:31+00:00,2018-07-23 16:00:00+00:00,2018-07-24 16:14:00+00:00,39.7647,-70.8595,30.33,14.68,1,23.85,1.61,15%,>0&<200,1.91,1.31,0.6,0.69,0.31,1.01,0.36,-0.19,0.04,0,0,0.11,0.04,3
en617,21,14-15,NA,L11,2018-07-23 13:58:31+00:00,2018-07-23 16:00:00+00:00,2018-07-24 16:14:00+00:00,39.7647,-70.8595,30.33,14.68,1,23.85,1.61,15%,>10&<200,1.91,1.31,0.6,0.69,0.31,1.01,0.36,NaN,NaN,0.57,0.16,0.62,0.1,3
en617,21,17-18,NA,L11,2018-07-23 14:00:59+00:00,2018-07-23 16:00:00+00:00,2018-07-24 16:14:00+00:00,39.7643,-70.8586,20.77,22.31,1,23.85,1.61,15%,>0&<10,0.71,0.48,0.22,0.68,0.32,1.01,0.49,NaN,NaN,NaN,NaN,0.78,0.02,3
en617,21,17-18,NA,L11,2018-07-23 14:00:59+00:00,2018-07-23 16:00:00+00:00,2018-07-24 16:14:00+00:00,39.7643,-70.8586,20.77,22.31,1,23.85,1.61,15%,>0&<200,0.71,0.48,0.22,0.68,0.32,1.01,0.49,0.46,0.03,NaN,NaN,0.65,0.02,3
en617,21,17-18,NA,L11,2018-07-23 14:00:59+00:00,2018-07-23 16:00:00+00:00,2018-07-24 16:14:00+00:00,39.7643,-70.8586,20.77,22.31,1,23.85,1.61,15%,>10&<200,0.71,0.48,0.22,0.68,0.32,1.01,0.49,NaN,NaN,NaN,NaN,0.32,0.09,3
en617,21,19-21-23-24,NA,L11,2018-07-23 14:04:33+00:00,2018-07-23 16:00:00+00:00,2018-07-24 16:14:00+00:00,39.7637,-70.8575,5.27,23.06,1,23.85,1.61,15%,>0&<10,0.37,0.26,0.11,0.7,0.3,1.01,0.28,NaN,NaN,NaN,NaN,1.03,0.06,1
en617,21,19-21-23-24,NA,L11,2018-07-23 14:04:33+00:00,2018-07-23 16:00:00+00:00,2018-07-24 16:14:00+00:00,39.7637,-70.8575,5.27,23.06,1,23.85,1.61,15%,>0&<200,0.37,0.26,0.11,0.7,0.3,1.01,0.28,0.62,0.1,NaN,NaN,0.83,0.03,1
en617,21,19-21-23-24,NA,L11,2018-07-23 14:04:33+00:00,2018-07-23 16:00:00+00:00,2018-07-24 16:14:00+00:00,39.7637,-70.8575,5.27,23.06,1,23.85,1.61,15%,>10&<200,0.37,0.26,0.11,0.7,0.3,1.01,0.28,NaN,NaN,0,0,0.27,0.13,1
en617,21,19-21-23-24,NA,L11,2018-07-23 14:04:33+00:00,2018-07-23 16:00:00+00:00,2018-07-24 16:14:00+00:00,39.7637,-70.8575,5.27,23.06,1,23.85,1.61,65%,>0&<10,0.37,0.26,0.11,0.7,0.3,1.01,0.28,NaN,NaN,NaN,NaN,0.7,0.01,1
en617,21,19-21-23-24,NA,L11,2018-07-23 14:04:33+00:00,2018-07-23 16:00:00+00:00,2018-07-24 16:14:00+00:00,39.7637,-70.8575,5.27,23.06,1,23.85,1.61,65%,>0&<200,0.37,0.26,0.11,0.7,0.3,1.01,0.28,0.29,0.03,NaN,NaN,0.54,0.06,1
en617,21,19-21-23-24,NA,L11,2018-07-23 14:04:33+00:00,2018-07-23 16:00:00+00:00,2018-07-24 16:14:00+00:00,39.7637,-70.8575,5.27,23.06,1,23.85,1.61,65%,>10&<200,0.37,0.26,0.11,0.7,0.3,1.01,0.28,NaN,NaN,0,0,0.21,0.05,1
en627,3,8-10-11,NA,L1,2019-02-01 21:55:07+00:00,2019-02-01 23:10:00+00:00,2019-02-02 23:25:00+00:00,41.1985,-70.8796,2.14,3.82,1,5.27,1.82,15%,>0&<10,2.23,0,2.23,0,1,1.01,0.13,NaN,NaN,NaN,NaN,n/n,n/n,3
en627,3,8-10-11,NA,L1,2019-02-01 21:55:07+00:00,2019-02-01 23:10:00+00:00,2019-02-02 23:25:00+00:00,41.1985,-70.8796,2.14,3.82,1,5.27,1.82,15%,>0&<200,2.23,0,2.23,0,1,1.01,0.13,0.27,0.11,0,0,n/n,n/n,1
en627,3,8-10-11,NA,L1,2019-02-01 21:55:07+00:00,2019-02-01 23:10:00+00:00,2019-02-02 23:25:00+00:00,41.1985,-70.8796,2.14,3.82,1,5.27,1.82,15%,>10&<200,2.23,0,2.23,0,1,1.01,0.13,NaN,NaN,0,0,0.25,0.13,1
en627,3,8-10-11,NA,L1,2019-02-01 21:55:07+00:00,2019-02-01 23:10:00+00:00,2019-02-02 23:25:00+00:00,41.1985,-70.8796,2.14,3.82,1,5.27,1.82,65%,>0&<10,2.23,0,2.23,0,1,1.01,0.13,NaN,NaN,NaN,NaN,n/n,n/n,3
en627,3,8-10-11,NA,L1,2019-02-01 21:55:07+00:00,2019-02-01 23:10:00+00:00,2019-02-02 23:25:00+00:00,41.1985,-70.8796,2.14,3.82,1,5.27,1.82,65%,>0&<200,2.23,0,2.23,0,1,1.01,0.13,0.31,0.11,0,0,n/n,n/n,1
en627,3,8-10-11,NA,L1,2019-02-01 21:55:07+00:00,2019-02-01 23:10:00+00:00,2019-02-02 23:25:00+00:00,41.1985,-70.8796,2.14,3.82,1,5.27,1.82,65%,>10&<200,2.23,0,2.23,0,1,1.01,0.13,NaN,NaN,0,0,0.38,0.07,1
en627,8,9-10-11,NA,L3,2019-02-02 10:18:01+00:00,2019-02-02 11:20:00+00:00,2019-02-03 11:35:00+00:00,40.8643,-70.8879,5.03,6.07,1,5.89,1.34,15%,>0&<10,3.21,0,3.21,0,1,1.01,0.15,NaN,NaN,NaN,NaN,n/n,n/n,3
en627,8,9-10-11,NA,L3,2019-02-02 10:18:01+00:00,2019-02-02 11:20:00+00:00,2019-02-03 11:35:00+00:00,40.8643,-70.8879,5.03,6.07,1,5.89,1.34,15%,>0&<200,3.21,0,3.21,0,1,1.01,0.15,0.08,0.19,0,0,n/n,n/n,1
en627,8,9-10-11,NA,L3,2019-02-02 10:18:01+00:00,2019-02-02 11:20:00+00:00,2019-02-03 11:35:00+00:00,40.8643,-70.8879,5.03,6.07,1,5.89,1.34,15%,>10&<200,3.21,0,3.21,0,1,1.01,0.15,NaN,NaN,0,0,-0.04,0.14,1
en627,8,9-10-11,NA,L3,2019-02-02 10:18:01+00:00,2019-02-02 11:20:00+00:00,2019-02-03 11:35:00+00:00,40.8643,-70.8879,5.03,6.07,1,5.89,1.34,65%,>0&<10,3.21,0,3.21,0,1,1.01,0.15,NaN,NaN,NaN,NaN,n/n,n/n,3
en627,8,9-10-11,NA,L3,2019-02-02 10:18:01+00:00,2019-02-02 11:20:00+00:00,2019-02-03 11:35:00+00:00,40.8643,-70.8879,5.03,6.07,1,5.89,1.34,65%,>0&<200,3.21,0,3.21,0,1,1.01,0.15,0.12,0.11,0.27,0.08,n/n,n/n,1
en627,8,9-10-11,NA,L3,2019-02-02 10:18:01+00:00,2019-02-02 11:20:00+00:00,2019-02-03 11:35:00+00:00,40.8643,-70.8879,5.03,6.07,1,5.89,1.34,65%,>10&<200,3.21,0,3.21,0,1,1.01,0.15,NaN,NaN,0,0,-0.02,0.06,1
en627,11-12,11,11-12,L4,2019-02-02 19:54:48+00:00,2019-02-02 21:00:00+00:00,2019-02-03 21:00:00+00:00,40.6971,-70.8776,2.9,6.23,1,6.32,1.85,15%,>0&<10,1.85,0.25,1.6,0.14,0.86,1,0.31,NaN,NaN,NaN,NaN,n/n,n/n,1
en627,11-12,11,11-12,L4,2019-02-02 19:54:48+00:00,2019-02-02 21:00:00+00:00,2019-02-03 21:00:00+00:00,40.6971,-70.8776,2.9,6.23,1,6.32,1.85,15%,>0&<200,1.85,0.25,1.6,0.14,0.86,1,0.31,0.29,0.11,0,0,n/n,n/n,1
en627,11-12,11,11-12,L4,2019-02-02 19:54:48+00:00,2019-02-02 21:00:00+00:00,2019-02-03 21:00:00+00:00,40.6971,-70.8776,2.9,6.23,1,6.32,1.85,15%,>10&<200,1.85,0.25,1.6,0.14,0.86,1,0.31,NaN,NaN,NaN,NaN,0.45,0.05,1
en627,11-12,11,11-12,L4,2019-02-02 19:54:48+00:00,2019-02-02 21:00:00+00:00,2019-02-03 21:00:00+00:00,40.6971,-70.8776,2.9,6.23,1,6.32,1.85,65%,>0&<10,1.85,0.25,1.6,0.14,0.86,1,0.31,NaN,NaN,NaN,NaN,n/n,n/n,1
en627,11-12,11,11-12,L4,2019-02-02 19:54:48+00:00,2019-02-02 21:00:00+00:00,2019-02-03 21:00:00+00:00,40.6971,-70.8776,2.9,6.23,1,6.32,1.85,65%,>0&<200,1.85,0.25,1.6,0.14,0.86,1,0.31,0.47,0.06,0.3,0.13,n/n,n/n,1
en627,11-12,11,11-12,L4,2019-02-02 19:54:48+00:00,2019-02-02 21:00:00+00:00,2019-02-03 21:00:00+00:00,40.6971,-70.8776,2.9,6.23,1,6.32,1.85,65%,>10&<200,1.85,0.25,1.6,0.14,0.86,1,0.31,NaN,NaN,NaN,NaN,0.45,0.07,1
en627,18-19,11-12,11-12,L8,2019-02-03 17:41:48+00:00,2019-02-03 18:40:00+00:00,2019-02-04 18:30:00+00:00,40.1349,-70.7643,2.39,6.7,1,8.16,0.97,15%,>0&<10,1.29,0.72,0.56,0.56,0.44,0.99,0.16,NaN,NaN,0.64,0.14,0.57,0.16,1
en627,18-19,11-12,11-12,L8,2019-02-03 17:41:48+00:00,2019-02-03 18:40:00+00:00,2019-02-04 18:30:00+00:00,40.1349,-70.7643,2.39,6.7,1,8.16,0.97,15%,>0&<200,1.29,0.72,0.56,0.56,0.44,0.99,0.16,0.35,0.11,0.24,0.09,n/n,n/n,1
en627,18-19,11-12,11-12,L8,2019-02-03 17:41:48+00:00,2019-02-03 18:40:00+00:00,2019-02-04 18:30:00+00:00,40.1349,-70.7643,2.39,6.7,1,8.16,0.97,15%,>10&<200,1.29,0.72,0.56,0.56,0.44,0.99,0.16,NaN,NaN,0,0,0.34,0.08,1
en627,18-19,11-12,11-12,L8,2019-02-03 17:41:48+00:00,2019-02-03 18:40:00+00:00,2019-02-04 18:30:00+00:00,40.1349,-70.7643,2.39,6.7,1,8.16,0.97,65%,>0&<10,1.29,0.72,0.56,0.56,0.44,0.99,0.16,NaN,NaN,1.21,0.22,0.97,0.19,1
en627,18-19,11-12,11-12,L8,2019-02-03 17:41:48+00:00,2019-02-03 18:40:00+00:00,2019-02-04 18:30:00+00:00,40.1349,-70.7643,2.39,6.7,1,8.16,0.97,65%,>0&<200,1.29,0.72,0.56,0.56,0.44,0.99,0.16,0.41,0.1,0.44,0.15,0.57,0.03,1
en627,18-19,11-12,11-12,L8,2019-02-03 17:41:48+00:00,2019-02-03 18:40:00+00:00,2019-02-04 18:30:00+00:00,40.1349,-70.7643,2.39,6.7,1,8.16,0.97,65%,>10&<200,1.29,0.72,0.56,0.56,0.44,0.99,0.16,NaN,NaN,NaN,NaN,0.45,0.12,1
en627,23-24,10-11,11-12,L10,2019-02-04 06:43:35+00:00,2019-02-04 08:00:00+00:00,2019-02-05 08:00:00+00:00,39.9357,-70.8837,4.92,6.96,1,10.11,1.98,15%,>0&<10,2.07,0.62,1.46,0.3,0.7,1,0.17,NaN,NaN,1.43,0.43,1.18,0.81,1
en627,23-24,10-11,11-12,L10,2019-02-04 06:43:35+00:00,2019-02-04 08:00:00+00:00,2019-02-05 08:00:00+00:00,39.9357,-70.8837,4.92,6.96,1,10.11,1.98,15%,>0&<200,2.07,0.62,1.46,0.3,0.7,1,0.17,0.49,0.17,0.57,0.1,n/n,n/n,1
en627,23-24,10-11,11-12,L10,2019-02-04 06:43:35+00:00,2019-02-04 08:00:00+00:00,2019-02-05 08:00:00+00:00,39.9357,-70.8837,4.92,6.96,1,10.11,1.98,15%,>10&<200,2.07,0.62,1.46,0.3,0.7,1,0.17,NaN,NaN,0.29,0.13,0.24,0.21,1
en627,23-24,10-11,11-12,L10,2019-02-04 06:43:35+00:00,2019-02-04 08:00:00+00:00,2019-02-05 08:00:00+00:00,39.9357,-70.8837,4.92,6.96,1,10.11,1.98,65%,>0&<10,2.07,0.62,1.46,0.3,0.7,1,0.17,NaN,NaN,0,0,-0.46,1.42,1
en627,23-24,10-11,11-12,L10,2019-02-04 06:43:35+00:00,2019-02-04 08:00:00+00:00,2019-02-05 08:00:00+00:00,39.9357,-70.8837,4.92,6.96,1,10.11,1.98,65%,>0&<200,2.07,0.62,1.46,0.3,0.7,1,0.17,0.42,0.14,0.41,0.1,n/n,n/n,1
en627,23-24,10-11,11-12,L10,2019-02-04 06:43:35+00:00,2019-02-04 08:00:00+00:00,2019-02-05 08:00:00+00:00,39.9357,-70.8837,4.92,6.96,1,10.11,1.98,65%,>10&<200,2.07,0.62,1.46,0.3,0.7,1,0.17,NaN,NaN,0,0,0.12,0.14,1
en627,30,1-2-3-4,NA,L11,2019-02-05 06:39:33+00:00,2019-02-05 07:30:00+00:00,2019-02-06 07:30:00+00:00,39.7789,-70.886,4.89,6.47,1,8.4,1.76,65%,>0,2.4,NaN,NaN,NaN,NaN,1,0.26,-0.03,0.18,0,0,n/n,n/n,1
en627,30,1-2-3-4,NA,L11,2019-02-05 06:39:33+00:00,2019-02-05 07:30:00+00:00,2019-02-06 07:30:00+00:00,39.7789,-70.886,4.89,6.47,1,8.4,1.76,65%,>0&<200,2.4,NaN,NaN,NaN,NaN,1,0.26,NaN,NaN,0.25,0.06,0.02,0.1,1
en627,25,5-6,NA,L11,2019-02-04 12:02:14+00:00,2019-02-04 13:30:00+00:00,2019-02-05 13:30:00+00:00,39.7767,-70.8903,29.83,7.96,1,10.45,1.57,15%,>0&<10,1.5,0.31,1.19,0.21,0.79,1,0.56,NaN,NaN,0,0,0.09,0.83,3
en627,25,5-6,NA,L11,2019-02-04 12:02:14+00:00,2019-02-04 13:30:00+00:00,2019-02-05 13:30:00+00:00,39.7767,-70.8903,29.83,7.96,1,10.45,1.57,15%,>0&<200,1.5,0.31,1.19,0.21,0.79,1,0.56,0.35,0.15,NaN,NaN,n/n,n/n,3
en627,25,5-6,NA,L11,2019-02-04 12:02:14+00:00,2019-02-04 13:30:00+00:00,2019-02-05 13:30:00+00:00,39.7767,-70.8903,29.83,7.96,1,10.45,1.57,15%,>10&<200,1.5,0.31,1.19,0.21,0.79,1,0.56,NaN,NaN,0,0,0.35,0.1,3
en627,25,9-10-11,NA,L11,2019-02-04 12:05:13+00:00,2019-02-04 13:30:00+00:00,2019-02-05 13:30:00+00:00,39.7767,-70.891,4.91,7.49,1,10.45,1.57,15%,>0&<10,1.98,0.57,1.42,0.29,0.71,1,0.26,NaN,NaN,0,0,-0.3,0.29,1
en627,25,9-10-11,NA,L11,2019-02-04 12:05:13+00:00,2019-02-04 13:30:00+00:00,2019-02-05 13:30:00+00:00,39.7767,-70.891,4.91,7.49,1,10.45,1.57,15%,>0&<200,1.98,0.57,1.42,0.29,0.71,1,0.26,0.48,0.1,0.28,0.08,n/n,n/n,1
en627,25,9-10-11,NA,L11,2019-02-04 12:05:13+00:00,2019-02-04 13:30:00+00:00,2019-02-05 13:30:00+00:00,39.7767,-70.891,4.91,7.49,1,10.45,1.57,15%,>10&<200,1.98,0.57,1.42,0.29,0.71,1,0.26,NaN,NaN,0,0,0.36,0.06,1
en627,25,9-10-11,NA,L11,2019-02-04 12:05:13+00:00,2019-02-04 13:30:00+00:00,2019-02-05 13:30:00+00:00,39.7767,-70.891,4.91,7.49,1,10.45,1.57,65%,>0&<10,1.98,0.57,1.42,0.29,0.71,1,0.26,NaN,NaN,0,0,-0.26,1,1
en627,25,9-10-11,NA,L11,2019-02-04 12:05:13+00:00,2019-02-04 13:30:00+00:00,2019-02-05 13:30:00+00:00,39.7767,-70.891,4.91,7.49,1,10.45,1.57,65%,>0&<200,1.98,0.57,1.42,0.29,0.71,1,0.26,0.28,0.14,0,0,n/n,n/n,1
en627,25,9-10-11,NA,L11,2019-02-04 12:05:13+00:00,2019-02-04 13:30:00+00:00,2019-02-05 13:30:00+00:00,39.7767,-70.891,4.91,7.49,1,10.45,1.57,65%,>10&<200,1.98,0.57,1.42,0.29,0.71,1,0.26,NaN,NaN,0,0,0.21,0.17,1
en627,25,1-2,NA,L11,2019-02-04 11:59:35+00:00,2019-02-04 13:30:00+00:00,2019-02-05 13:30:00+00:00,39.7766,-70.8895,50.09,8.95,1,10.45,1.57,5%,>0&<10,1.21,0.1,1.11,0.09,0.91,1,0.54,NaN,NaN,NaN,NaN,n/n,n/n,3
en627,25,1-2,NA,L11,2019-02-04 11:59:35+00:00,2019-02-04 13:30:00+00:00,2019-02-05 13:30:00+00:00,39.7766,-70.8895,50.09,8.95,1,10.45,1.57,5%,>0&<200,1.21,0.1,1.11,0.09,0.91,1,0.54,-0,0.41,NaN,NaN,n/n,n/n,3
en627,25,1-2,NA,L11,2019-02-04 11:59:35+00:00,2019-02-04 13:30:00+00:00,2019-02-05 13:30:00+00:00,39.7766,-70.8895,50.09,8.95,1,10.45,1.57,5%,>10&<200,1.21,0.1,1.11,0.09,0.91,1,0.54,NaN,NaN,0,0,0.1,0.23,3
en644,1,20-21-22,NA,L1,2019-08-20 19:18:27+00:00,2019-08-20 20:12:00+00:00,2019-08-21 22:10:00+00:00,41.1968,-70.8776,2.43,20.83,3,24.2,2,100%,>0&<10,0.59,0.38,0.21,0.64,0.36,1.08,0.24,0.21,1.29,0,0,n/n,n/n,3
en644,1,20-21-22,NA,L1,2019-08-20 19:18:27+00:00,2019-08-20 20:12:00+00:00,2019-08-21 22:10:00+00:00,41.1968,-70.8776,2.43,20.83,3,24.2,2,100%,>0&<200,0.59,0.38,0.21,0.64,0.36,1.08,0.24,1.23,0.99,0,0,n/n,n/n,3
en644,1,20-21-22,NA,L1,2019-08-20 19:18:27+00:00,2019-08-20 20:12:00+00:00,2019-08-21 22:10:00+00:00,41.1968,-70.8776,2.43,20.83,3,24.2,2,100%,>10&<200,0.59,0.38,0.21,0.64,0.36,1.08,0.24,3.18,1.42,1.75,0.78,n/n,n/n,3
en644,1,20-21-22,NA,L1,2019-08-20 19:18:27+00:00,2019-08-20 20:12:00+00:00,2019-08-21 22:10:00+00:00,41.1968,-70.8776,2.43,20.83,3,24.2,2,15%,>0&<10,0.59,0.38,0.21,0.64,0.36,1.08,0.24,1.61,0.31,0.76,0.19,n/n,n/n,1
en644,1,20-21-22,NA,L1,2019-08-20 19:18:27+00:00,2019-08-20 20:12:00+00:00,2019-08-21 22:10:00+00:00,41.1968,-70.8776,2.43,20.83,3,24.2,2,15%,>0&<200,0.59,0.38,0.21,0.64,0.36,1.08,0.24,1.38,0.71,0,0,n/n,n/n,1
en644,1,20-21-22,NA,L1,2019-08-20 19:18:27+00:00,2019-08-20 20:12:00+00:00,2019-08-21 22:10:00+00:00,41.1968,-70.8776,2.43,20.83,3,24.2,2,15%,>10&<200,0.59,0.38,0.21,0.64,0.36,1.08,0.24,1.95,0.94,0,0,n/n,n/n,1
en644,2,18-19-20,NA,L2,2019-08-21 00:48:42+00:00,2019-08-21 01:30:00+00:00,2019-08-22 00:30:00+00:00,41.0237,-70.8715,1.78,21.48,3,24.68,1.88,100%,>0&<10,0.65,0.48,0.17,0.74,0.26,0.96,0.19,1.22,0.63,0.47,0.21,2.17,0.31,3
en644,2,18-19-20,NA,L2,2019-08-21 00:48:42+00:00,2019-08-21 01:30:00+00:00,2019-08-22 00:30:00+00:00,41.0237,-70.8715,1.78,21.48,3,24.68,1.88,100%,>0&<200,0.65,0.48,0.17,0.74,0.26,0.96,0.19,0.61,0.13,0.37,0.12,2.5,0.18,3
en644,2,18-19-20,NA,L2,2019-08-21 00:48:42+00:00,2019-08-21 01:30:00+00:00,2019-08-22 00:30:00+00:00,41.0237,-70.8715,1.78,21.48,3,24.68,1.88,100%,>10&<200,0.65,0.48,0.17,0.74,0.26,0.96,0.19,0.36,0.18,0,0,2.79,0.15,3
en644,2,18-19-20,NA,L2,2019-08-21 00:48:42+00:00,2019-08-21 01:30:00+00:00,2019-08-22 00:30:00+00:00,41.0237,-70.8715,1.78,21.48,3,24.68,1.88,15%,>0&<10,0.65,0.48,0.17,0.74,0.26,0.96,0.19,2.2,0.08,1.38,0.3,3.05,0.41,1
en644,2,18-19-20,NA,L2,2019-08-21 00:48:42+00:00,2019-08-21 01:30:00+00:00,2019-08-22 00:30:00+00:00,41.0237,-70.8715,1.78,21.48,3,24.68,1.88,15%,>0&<200,0.65,0.48,0.17,0.74,0.26,0.96,0.19,1.29,0.04,0.31,0.1,2.36,0.04,1
en644,2,18-19-20,NA,L2,2019-08-21 00:48:42+00:00,2019-08-21 01:30:00+00:00,2019-08-22 00:30:00+00:00,41.0237,-70.8715,1.78,21.48,3,24.68,1.88,15%,>10&<200,0.65,0.48,0.17,0.74,0.26,0.96,0.19,1.14,0.16,0,0,2.49,0.29,1
en644,23,21-22-23,NA,L4,2019-08-24 05:35:02+00:00,2019-08-24 06:15:00+00:00,2019-08-25 04:50:00+00:00,40.698,-70.9018,3.29,24.49,1,24.11,2.6,100%,>0&<10,3.58,0.76,2.82,0.21,0.79,0.94,0.16,-4.85,11.22,0,0,n/n,n/n,3
en644,23,21-22-23,NA,L4,2019-08-24 05:35:02+00:00,2019-08-24 06:15:00+00:00,2019-08-25 04:50:00+00:00,40.698,-70.9018,3.29,24.49,1,24.11,2.6,100%,>0&<200,3.58,0.76,2.82,0.21,0.79,0.94,0.16,-0.95,0.47,0,0,n/n,n/n,3
en644,23,21-22-23,NA,L4,2019-08-24 05:35:02+00:00,2019-08-24 06:15:00+00:00,2019-08-25 04:50:00+00:00,40.698,-70.9018,3.29,24.49,1,24.11,2.6,100%,>10&<200,3.58,0.76,2.82,0.21,0.79,0.94,0.16,-0.78,0.46,0,0,n/n,n/n,3
en644,23,21-22-23,NA,L4,2019-08-24 05:35:02+00:00,2019-08-24 06:15:00+00:00,2019-08-25 04:50:00+00:00,40.698,-70.9018,3.29,24.49,1,24.11,2.6,15%,>0&<10,3.58,0.76,2.82,0.21,0.79,0.94,0.16,2.84,0.6,3.32,0.33,n/n,n/n,1
en644,23,21-22-23,NA,L4,2019-08-24 05:35:02+00:00,2019-08-24 06:15:00+00:00,2019-08-25 04:50:00+00:00,40.698,-70.9018,3.29,24.49,1,24.11,2.6,15%,>0&<200,3.58,0.76,2.82,0.21,0.79,0.94,0.16,0.03,0.14,0.2,0.05,0.27,0.08,1
en644,23,21-22-23,NA,L4,2019-08-24 05:35:02+00:00,2019-08-24 06:15:00+00:00,2019-08-25 04:50:00+00:00,40.698,-70.9018,3.29,24.49,1,24.11,2.6,15%,>10&<200,3.58,0.76,2.82,0.21,0.79,0.94,0.16,0.08,0.1,0,0,n/n,n/n,1
en644,7,20-21-22,NA,L6,2019-08-21 20:51:42+00:00,2019-08-21 21:40:00+00:00,2019-08-22 22:00:00+00:00,40.3525,-70.8744,2.33,25.08,2,27.44,1.33,100%,>0&<10,1.42,0.42,1.01,0.29,0.71,1.01,0.21,0.78,0.93,1.85,0.49,n/n,n/n,3
en644,7,20-21-22,NA,L6,2019-08-21 20:51:42+00:00,2019-08-21 21:40:00+00:00,2019-08-22 22:00:00+00:00,40.3525,-70.8744,2.33,25.08,2,27.44,1.33,100%,>0&<200,1.42,0.42,1.01,0.29,0.71,1.01,0.21,0.32,0.04,0.27,0.05,0.54,0.06,3
en644,7,20-21-22,NA,L6,2019-08-21 20:51:42+00:00,2019-08-21 21:40:00+00:00,2019-08-22 22:00:00+00:00,40.3525,-70.8744,2.33,25.08,2,27.44,1.33,100%,>10&<200,1.42,0.42,1.01,0.29,0.71,1.01,0.21,0.25,0.07,0,0,0.48,0.08,3
en644,7,20-21-22,NA,L6,2019-08-21 20:51:42+00:00,2019-08-21 21:40:00+00:00,2019-08-22 22:00:00+00:00,40.3525,-70.8744,2.33,25.08,2,27.44,1.33,15%,>0&<10,1.42,0.42,1.01,0.29,0.71,1.01,0.21,0.7,0.25,0.98,0.17,1.69,0.23,1
en644,7,20-21-22,NA,L6,2019-08-21 20:51:42+00:00,2019-08-21 21:40:00+00:00,2019-08-22 22:00:00+00:00,40.3525,-70.8744,2.33,25.08,2,27.44,1.33,15%,>0&<200,1.42,0.42,1.01,0.29,0.71,1.01,0.21,0.36,0.04,0.13,0.04,0.74,0.02,1
en644,7,20-21-22,NA,L6,2019-08-21 20:51:42+00:00,2019-08-21 21:40:00+00:00,2019-08-22 22:00:00+00:00,40.3525,-70.8744,2.33,25.08,2,27.44,1.33,15%,>10&<200,1.42,0.42,1.01,0.29,0.71,1.01,0.21,0.38,0.05,0,0,0.63,0.03,1
en644,9,21-22-23,NA,L8,2019-08-22 04:52:56+00:00,2019-08-22 06:00:00+00:00,2019-08-23 05:45:00+00:00,40.114,-70.7781,4.49,27.16,3,27.91,1.35,100%,>0&<10,0.34,0.13,0.21,0.38,0.62,0.99,0.28,0.02,0.51,NaN,NaN,0.67,0.13,3
en644,9,21-22-23,NA,L8,2019-08-22 04:52:56+00:00,2019-08-22 06:00:00+00:00,2019-08-23 05:45:00+00:00,40.114,-70.7781,4.49,27.16,3,27.91,1.35,100%,>0&<200,0.34,0.13,0.21,0.38,0.62,0.99,0.28,0.03,0.13,NaN,NaN,0.43,0.11,3
en644,9,21-22-23,NA,L8,2019-08-22 04:52:56+00:00,2019-08-22 06:00:00+00:00,2019-08-23 05:45:00+00:00,40.114,-70.7781,4.49,27.16,3,27.91,1.35,100%,>10&<200,0.34,0.13,0.21,0.38,0.62,0.99,0.28,0.53,0.14,0.35,0.12,n/n,n/n,3
en644,9,21-22-23,NA,L8,2019-08-22 04:52:56+00:00,2019-08-22 06:00:00+00:00,2019-08-23 05:45:00+00:00,40.114,-70.7781,4.49,27.16,3,27.91,1.35,15%,>0&<10,0.34,0.13,0.21,0.38,0.62,0.99,0.28,1.3,0.18,NaN,NaN,n/n,n/n,1
en644,9,21-22-23,NA,L8,2019-08-22 04:52:56+00:00,2019-08-22 06:00:00+00:00,2019-08-23 05:45:00+00:00,40.114,-70.7781,4.49,27.16,3,27.91,1.35,15%,>0&<200,0.34,0.13,0.21,0.38,0.62,0.99,0.28,0.74,0.04,NaN,NaN,0.86,0.04,1
en644,9,21-22-23,NA,L8,2019-08-22 04:52:56+00:00,2019-08-22 06:00:00+00:00,2019-08-23 05:45:00+00:00,40.114,-70.7781,4.49,27.16,3,27.91,1.35,15%,>10&<200,0.34,0.13,0.21,0.38,0.62,0.99,0.28,0.84,0.16,0.47,0.14,n/n,n/n,1
en644,13,21-22-23,NA,L10,2019-08-22 17:29:39+00:00,2019-08-22 18:00:00+00:00,2019-08-23 18:50:00+00:00,39.9342,-70.8849,2.87,27.35,2,28.01,0.65,100%,>0&<10,0.14,0.12,0.02,0.88,0.12,1.03,0.18,0.27,0.18,0,0,n/n,n/n,3
en644,13,21-22-23,NA,L10,2019-08-22 17:29:39+00:00,2019-08-22 18:00:00+00:00,2019-08-23 18:50:00+00:00,39.9342,-70.8849,2.87,27.35,2,28.01,0.65,100%,>0&<200,0.14,0.12,0.02,0.88,0.12,1.03,0.18,0.53,0.21,0.32,0.13,n/n,n/n,3
en644,13,21-22-23,NA,L10,2019-08-22 17:29:39+00:00,2019-08-22 18:00:00+00:00,2019-08-23 18:50:00+00:00,39.9342,-70.8849,2.87,27.35,2,28.01,0.65,100%,>10&<200,0.14,0.12,0.02,0.88,0.12,1.03,0.18,0.37,0.19,0,0,n/n,n/n,3
en644,13,21-22-23,NA,L10,2019-08-22 17:29:39+00:00,2019-08-22 18:00:00+00:00,2019-08-23 18:50:00+00:00,39.9342,-70.8849,2.87,27.35,2,28.01,0.65,15%,>0&<10,0.14,0.12,0.02,0.88,0.12,1.03,0.18,0.99,0.01,0,0,1.13,0.04,1
en644,13,21-22-23,NA,L10,2019-08-22 17:29:39+00:00,2019-08-22 18:00:00+00:00,2019-08-23 18:50:00+00:00,39.9342,-70.8849,2.87,27.35,2,28.01,0.65,15%,>0&<200,0.14,0.12,0.02,0.88,0.12,1.03,0.18,0.98,0.07,0,0,1.12,0.08,1
en644,13,21-22-23,NA,L10,2019-08-22 17:29:39+00:00,2019-08-22 18:00:00+00:00,2019-08-23 18:50:00+00:00,39.9342,-70.8849,2.87,27.35,2,28.01,0.65,15%,>10&<200,0.14,0.12,0.02,0.88,0.12,1.03,0.18,0.85,0.32,0,0,n/n,n/n,1
en644,17,8-12,NA,L11,2019-08-23 01:51:15+00:00,2019-08-23 03:45:00+00:00,2019-08-24 03:00:00+00:00,39.7583,-70.8775,52.14,20.69,3,26.54,1.87,5%,>0&<10,0.57,0.52,0.05,0.92,0.08,0.97,0.23,-0.1,0.05,NaN,NaN,n/n,n/n,3
en644,17,8-12,NA,L11,2019-08-23 01:51:15+00:00,2019-08-23 03:45:00+00:00,2019-08-24 03:00:00+00:00,39.7583,-70.8775,52.14,20.69,3,26.54,1.87,5%,>0&<200,0.57,0.52,0.05,0.92,0.08,0.97,0.23,-0.1,0.22,0,0,n/n,n/n,3
en644,17,8-12,NA,L11,2019-08-23 01:51:15+00:00,2019-08-23 03:45:00+00:00,2019-08-24 03:00:00+00:00,39.7583,-70.8775,52.14,20.69,3,26.54,1.87,5%,>10&<200,0.57,0.52,0.05,0.92,0.08,0.97,0.23,0.56,0.08,0,0,n/n,n/n,3
en644,17,15-17,NA,L11,2019-08-23 01:54:12+00:00,2019-08-23 03:45:00+00:00,2019-08-24 03:00:00+00:00,39.7578,-70.8772,20.05,26.81,2,26.73,1.78,15%,>0&<10,0.15,0.13,0.02,0.89,0.11,0.97,0.15,0.19,0.1,NaN,NaN,0.3,0.05,1
en644,17,15-17,NA,L11,2019-08-23 01:54:12+00:00,2019-08-23 03:45:00+00:00,2019-08-24 03:00:00+00:00,39.7578,-70.8772,20.05,26.81,2,26.73,1.78,15%,>0&<200,0.15,0.13,0.02,0.89,0.11,0.97,0.15,0.27,0.13,NaN,NaN,n/n,n/n,1
en644,17,15-17,NA,L11,2019-08-23 01:54:12+00:00,2019-08-23 03:45:00+00:00,2019-08-24 03:00:00+00:00,39.7578,-70.8772,20.05,26.81,2,26.73,1.78,15%,>10&<200,0.15,0.13,0.02,0.89,0.11,0.97,0.15,1.95,0.21,1.26,0.19,n/n,n/n,1
en644,17,19-20-21,NA,L11,2019-08-23 01:56:17+00:00,2019-08-23 03:45:00+00:00,2019-08-24 03:00:00+00:00,39.7576,-70.8766,2.7,27.4,1,27.16,2.16,100%,>0&<10,0.11,0.09,0.02,0.81,0.19,0.97,0.2,1.85,0.24,1.32,0.16,n/n,n/n,3
en644,17,19-20-21,NA,L11,2019-08-23 01:56:17+00:00,2019-08-23 03:45:00+00:00,2019-08-24 03:00:00+00:00,39.7576,-70.8766,2.7,27.4,1,27.16,2.16,100%,>0&<200,0.11,0.09,0.02,0.81,0.19,0.97,0.2,0.36,0.21,0.23,0.04,0.83,0.06,3
en644,17,19-20-21,NA,L11,2019-08-23 01:56:17+00:00,2019-08-23 03:45:00+00:00,2019-08-24 03:00:00+00:00,39.7576,-70.8766,2.7,27.4,1,27.16,2.16,100%,>10&<200,0.11,0.09,0.02,0.81,0.19,0.97,0.2,-0.02,0.17,NaN,NaN,0.37,0.1,3
en644,17,19-20-21,NA,L11,2019-08-23 01:56:17+00:00,2019-08-23 03:45:00+00:00,2019-08-24 03:00:00+00:00,39.7576,-70.8766,2.7,27.4,1,27.16,2.16,15%,>0&<10,0.11,0.09,0.02,0.81,0.19,0.97,0.2,2.34,0.07,0.91,0.04,n/n,n/n,1
en644,17,19-20-21,NA,L11,2019-08-23 01:56:17+00:00,2019-08-23 03:45:00+00:00,2019-08-24 03:00:00+00:00,39.7576,-70.8766,2.7,27.4,1,27.16,2.16,15%,>0&<200,0.11,0.09,0.02,0.81,0.19,0.97,0.2,1.28,0.08,0,0,1.41,0.03,1
en644,17,19-20-21,NA,L11,2019-08-23 01:56:17+00:00,2019-08-23 03:45:00+00:00,2019-08-24 03:00:00+00:00,39.7576,-70.8766,2.7,27.4,1,27.16,2.16,15%,>10&<200,0.11,0.09,0.02,0.81,0.19,0.97,0.2,0.52,0.16,NaN,NaN,0.82,0.16,1
en649,1,16-17-18,NA,L1,2020-02-01 18:17:55+00:00,2020-02-01 19:20:00+00:00,2020-02-02 19:10:00+00:00,41.2041,-70.8865,3.45,5.33,1,6.08,0.48,15%,>0&<10,3.83,1.32,2.51,0.34,0.66,0.99,0.17,-0.41,1.46,0,0,n/n,n/n,1
en649,1,16-17-18,NA,L1,2020-02-01 18:17:55+00:00,2020-02-01 19:20:00+00:00,2020-02-02 19:10:00+00:00,41.2041,-70.8865,3.45,5.33,1,6.08,0.48,15%,>0&<200,3.83,1.32,2.51,0.34,0.66,0.99,0.17,0.34,0.17,0.46,0.12,n/n,n/n,1
en649,1,16-17-18,NA,L1,2020-02-01 18:17:55+00:00,2020-02-01 19:20:00+00:00,2020-02-02 19:10:00+00:00,41.2041,-70.8865,3.45,5.33,1,6.08,0.48,15%,>10&<200,3.83,1.32,2.51,0.34,0.66,0.99,0.17,0.2,0.1,0,0,n/n,n/n,1
en649,1,16-17-18,NA,L1,2020-02-01 18:17:55+00:00,2020-02-01 19:20:00+00:00,2020-02-02 19:10:00+00:00,41.2041,-70.8865,3.45,5.33,1,6.08,0.48,65%,>0&<10,3.83,1.32,2.51,0.34,0.66,0.99,0.17,-0.56,0.95,0,0,n/n,n/n,1
en649,1,16-17-18,NA,L1,2020-02-01 18:17:55+00:00,2020-02-01 19:20:00+00:00,2020-02-02 19:10:00+00:00,41.2041,-70.8865,3.45,5.33,1,6.08,0.48,65%,>0&<200,3.83,1.32,2.51,0.34,0.66,0.99,0.17,0.12,0.17,0.24,0.11,n/n,n/n,1
en649,1,16-17-18,NA,L1,2020-02-01 18:17:55+00:00,2020-02-01 19:20:00+00:00,2020-02-02 19:10:00+00:00,41.2041,-70.8865,3.45,5.33,1,6.08,0.48,65%,>10&<200,3.83,1.32,2.51,0.34,0.66,0.99,0.17,0.32,0.17,0.24,0.08,n/n,n/n,1
en649,5,16-17-18,NA,L2,2020-02-02 08:49:45+00:00,2020-02-02 09:50:00+00:00,2020-02-03 10:15:00+00:00,41.0301,-70.8854,3.67,6.46,1,6.67,0.44,15%,>0&<10,2.26,1.21,1.06,0.53,0.47,1.02,0.23,0.24,0.4,0.68,0.27,n/n,n/n,1
en649,5,16-17-18,NA,L2,2020-02-02 08:49:45+00:00,2020-02-02 09:50:00+00:00,2020-02-03 10:15:00+00:00,41.0301,-70.8854,3.67,6.46,1,6.67,0.44,15%,>0&<200,2.26,1.21,1.06,0.53,0.47,1.02,0.23,0.3,0.04,0.26,0.09,n/n,n/n,1
en649,5,16-17-18,NA,L2,2020-02-02 08:49:45+00:00,2020-02-02 09:50:00+00:00,2020-02-03 10:15:00+00:00,41.0301,-70.8854,3.67,6.46,1,6.67,0.44,15%,>10&<200,2.26,1.21,1.06,0.53,0.47,1.02,0.23,0.95,0.11,0.74,0.07,n/n,n/n,1
en649,5,16-17-18,NA,L2,2020-02-02 08:49:45+00:00,2020-02-02 09:50:00+00:00,2020-02-03 10:15:00+00:00,41.0301,-70.8854,3.67,6.46,1,6.67,0.44,65%,>0&<10,2.26,1.21,1.06,0.53,0.47,1.02,0.23,-0.27,0.2,0,0,n/n,n/n,1
en649,5,16-17-18,NA,L2,2020-02-02 08:49:45+00:00,2020-02-02 09:50:00+00:00,2020-02-03 10:15:00+00:00,41.0301,-70.8854,3.67,6.46,1,6.67,0.44,65%,>0&<200,2.26,1.21,1.06,0.53,0.47,1.02,0.23,0.14,0.09,0.15,0.06,n/n,n/n,1
en649,5,16-17-18,NA,L2,2020-02-02 08:49:45+00:00,2020-02-02 09:50:00+00:00,2020-02-03 10:15:00+00:00,41.0301,-70.8854,3.67,6.46,1,6.67,0.44,65%,>10&<200,2.26,1.21,1.06,0.53,0.47,1.02,0.23,0.92,0.14,0.73,0.08,n/n,n/n,1
en649,21,22-23-24,NA,L4,2020-02-05 10:23:15+00:00,2020-02-05 11:30:00+00:00,2020-02-06 11:20:00+00:00,40.7013,-70.8835,3.13,5.56,1,7.41,1.01,15%,>0&<10,1.56,0.86,0.7,0.55,0.45,0.99,0.19,2.04,0.48,2.48,0.36,n/n,n/n,1
en649,21,22-23-24,NA,L4,2020-02-05 10:23:15+00:00,2020-02-05 11:30:00+00:00,2020-02-06 11:20:00+00:00,40.7013,-70.8835,3.13,5.56,1,7.41,1.01,15%,>0&<200,1.56,0.86,0.7,0.55,0.45,0.99,0.19,0.44,0.15,0.46,0.13,n/n,n/n,1
en649,21,22-23-24,NA,L4,2020-02-05 10:23:15+00:00,2020-02-05 11:30:00+00:00,2020-02-06 11:20:00+00:00,40.7013,-70.8835,3.13,5.56,1,7.41,1.01,15%,>10&<200,1.56,0.86,0.7,0.55,0.45,0.99,0.19,1.47,0.32,1.22,0.28,n/n,n/n,1
en649,21,22-23-24,NA,L4,2020-02-05 10:23:15+00:00,2020-02-05 11:30:00+00:00,2020-02-06 11:20:00+00:00,40.7013,-70.8835,3.13,5.56,1,7.41,1.01,65%,>0&<10,1.56,0.86,0.7,0.55,0.45,0.99,0.19,0.82,0.64,1.64,0.44,n/n,n/n,1
en649,21,22-23-24,NA,L4,2020-02-05 10:23:15+00:00,2020-02-05 11:30:00+00:00,2020-02-06 11:20:00+00:00,40.7013,-70.8835,3.13,5.56,1,7.41,1.01,65%,>0&<200,1.56,0.86,0.7,0.55,0.45,0.99,0.19,0.64,0.18,0.65,0.1,n/n,n/n,1
en649,21,22-23-24,NA,L4,2020-02-05 10:23:15+00:00,2020-02-05 11:30:00+00:00,2020-02-06 11:20:00+00:00,40.7013,-70.8835,3.13,5.56,1,7.41,1.01,65%,>10&<200,1.56,0.86,0.7,0.55,0.45,0.99,0.19,0.43,0.25,0,0,n/n,n/n,1
en649,19,22-23-24,NA,L6,2020-02-05 04:04:06+00:00,2020-02-05 05:00:00+00:00,2020-02-06 06:20:00+00:00,40.3485,-70.8829,3.83,7.6,1,7.56,1.01,15%,>0&<10,0.6,0.2,0.39,0.34,0.66,1.06,0.46,1.29,0.3,NaN,NaN,n/n,n/n,3
en649,19,22-23-24,NA,L6,2020-02-05 04:04:06+00:00,2020-02-05 05:00:00+00:00,2020-02-06 06:20:00+00:00,40.3485,-70.8829,3.83,7.6,1,7.56,1.01,15%,>0&<200,0.6,0.2,0.39,0.34,0.66,1.06,0.46,0.68,0.27,NaN,NaN,n/n,n/n,3
en649,19,22-23-24,NA,L6,2020-02-05 04:04:06+00:00,2020-02-05 05:00:00+00:00,2020-02-06 06:20:00+00:00,40.3485,-70.8829,3.83,7.6,1,7.56,1.01,15%,>10&<200,0.6,0.2,0.39,0.34,0.66,1.06,0.46,0.8,0.16,0.72,0.18,n/n,n/n,3
en649,19,22-23-24,NA,L6,2020-02-05 04:04:06+00:00,2020-02-05 05:00:00+00:00,2020-02-06 06:20:00+00:00,40.3485,-70.8829,3.83,7.6,1,7.56,1.01,65%,>0&<10,0.6,0.2,0.39,0.34,0.66,1.06,0.46,0.96,0.1,NaN,NaN,n/n,n/n,3
en649,19,22-23-24,NA,L6,2020-02-05 04:04:06+00:00,2020-02-05 05:00:00+00:00,2020-02-06 06:20:00+00:00,40.3485,-70.8829,3.83,7.6,1,7.56,1.01,65%,>0&<200,0.6,0.2,0.39,0.34,0.66,1.06,0.46,0.45,0.1,NaN,NaN,n/n,n/n,3
en649,19,22-23-24,NA,L6,2020-02-05 04:04:06+00:00,2020-02-05 05:00:00+00:00,2020-02-06 06:20:00+00:00,40.3485,-70.8829,3.83,7.6,1,7.56,1.01,65%,>10&<200,0.6,0.2,0.39,0.34,0.66,1.06,0.46,0.68,0.19,0.67,0.17,n/n,n/n,3
en649,8,21-22-23,NA,L8,2020-02-03 01:21:50+00:00,2020-02-03 02:40:00+00:00,2020-02-04 03:15:00+00:00,40.1252,-70.8008,4.31,7.18,1,9.57,2.66,15%,>0&<10,0.73,0.38,0.35,0.52,0.48,1.02,0.28,0.7,0.11,NaN,NaN,n/n,n/n,1
en649,8,21-22-23,NA,L8,2020-02-03 01:21:50+00:00,2020-02-03 02:40:00+00:00,2020-02-04 03:15:00+00:00,40.1252,-70.8008,4.31,7.18,1,9.57,2.66,15%,>0&<200,0.73,0.38,0.35,0.52,0.48,1.02,0.28,0.57,0.07,NaN,NaN,n/n,n/n,1
en649,8,21-22-23,NA,L8,2020-02-03 01:21:50+00:00,2020-02-03 02:40:00+00:00,2020-02-04 03:15:00+00:00,40.1252,-70.8008,4.31,7.18,1,9.57,2.66,15%,>10&<200,0.73,0.38,0.35,0.52,0.48,1.02,0.28,0.38,0.14,NaN,NaN,n/n,n/n,1
en649,8,21-22-23,NA,L8,2020-02-03 01:21:50+00:00,2020-02-03 02:40:00+00:00,2020-02-04 03:15:00+00:00,40.1252,-70.8008,4.31,7.18,1,9.57,2.66,65%,>0&<10,0.73,0.38,0.35,0.52,0.48,1.02,0.28,NaN,NaN,NaN,NaN,n/n,n/n,1
en649,8,21-22-23,NA,L8,2020-02-03 01:21:50+00:00,2020-02-03 02:40:00+00:00,2020-02-04 03:15:00+00:00,40.1252,-70.8008,4.31,7.18,1,9.57,2.66,65%,>0&<200,0.73,0.38,0.35,0.52,0.48,1.02,0.28,0.44,0.09,NaN,NaN,0.52,0.01,1
en649,8,21-22-23,NA,L8,2020-02-03 01:21:50+00:00,2020-02-03 02:40:00+00:00,2020-02-04 03:15:00+00:00,40.1252,-70.8008,4.31,7.18,1,9.57,2.66,65%,>10&<200,0.73,0.38,0.35,0.52,0.48,1.02,0.28,0.19,0.27,0,0,n/n,n/n,1
en649,12,22-23-24,NA,L10,2020-02-03 17:45:45+00:00,2020-02-03 18:45:00+00:00,2020-02-04 18:40:00+00:00,39.938,-70.9003,5.06,13.68,2,13.22,0.95,15%,>0&<10,0.4,0.35,0.06,0.86,0.14,1,0.25,0.17,0.44,0,0,n/n,n/n,1
en649,12,22-23-24,NA,L10,2020-02-03 17:45:45+00:00,2020-02-03 18:45:00+00:00,2020-02-04 18:40:00+00:00,39.938,-70.9003,5.06,13.68,2,13.22,0.95,15%,>0&<200,0.4,0.35,0.06,0.86,0.14,1,0.25,0.26,0.14,0,0,n/n,n/n,1
en649,12,22-23-24,NA,L10,2020-02-03 17:45:45+00:00,2020-02-03 18:45:00+00:00,2020-02-04 18:40:00+00:00,39.938,-70.9003,5.06,13.68,2,13.22,0.95,15%,>10&<200,0.4,0.35,0.06,0.86,0.14,1,0.25,0.24,0.27,NaN,NaN,n/n,n/n,1
en649,12,22-23-24,NA,L10,2020-02-03 17:45:45+00:00,2020-02-03 18:45:00+00:00,2020-02-04 18:40:00+00:00,39.938,-70.9003,5.06,13.68,2,13.22,0.95,65%,>0&<10,0.4,0.35,0.06,0.86,0.14,1,0.25,0.06,0.36,0,0,n/n,n/n,1
en649,12,22-23-24,NA,L10,2020-02-03 17:45:45+00:00,2020-02-03 18:45:00+00:00,2020-02-04 18:40:00+00:00,39.938,-70.9003,5.06,13.68,2,13.22,0.95,65%,>0&<200,0.4,0.35,0.06,0.86,0.14,1,0.25,0.14,0.14,0,0,n/n,n/n,1
en649,12,22-23-24,NA,L10,2020-02-03 17:45:45+00:00,2020-02-03 18:45:00+00:00,2020-02-04 18:40:00+00:00,39.938,-70.9003,5.06,13.68,2,13.22,0.95,65%,>10&<200,0.4,0.35,0.06,0.86,0.14,1,0.25,-0.05,0.44,0,0,n/n,n/n,1
en649,16,9-10,NA,L11,2020-02-04 12:51:07+00:00,2020-02-04 14:40:00+00:00,2020-02-05 14:55:00+00:00,39.7716,-70.883,61.79,13.71,1,9.61,2.68,5%,>0&<10,0.3,0.24,0.06,0.79,0.21,1.01,0.45,-0.02,0.31,0,0,n/n,n/n,3
en649,16,9-10,NA,L11,2020-02-04 12:51:07+00:00,2020-02-04 14:40:00+00:00,2020-02-05 14:55:00+00:00,39.7716,-70.883,61.79,13.71,1,9.61,2.68,5%,>0&<200,0.3,0.24,0.06,0.79,0.21,1.01,0.45,0.16,0.21,NaN,NaN,n/n,n/n,3
en649,16,9-10,NA,L11,2020-02-04 12:51:07+00:00,2020-02-04 14:40:00+00:00,2020-02-05 14:55:00+00:00,39.7716,-70.883,61.79,13.71,1,9.61,2.68,5%,>10&<200,0.3,0.24,0.06,0.79,0.21,1.01,0.45,-0.02,0.16,0,0,0.25,0.16,3
en649,16,14-15,NA,L11,2020-02-04 12:54:40+00:00,2020-02-04 14:40:00+00:00,2020-02-05 14:55:00+00:00,39.7715,-70.8834,34.76,13.38,1,9.61,2.68,15%,>0&<10,0.51,0.43,0.08,0.85,0.15,1.01,0.45,-0.07,0.03,NaN,NaN,n/n,n/n,3
en649,16,14-15,NA,L11,2020-02-04 12:54:40+00:00,2020-02-04 14:40:00+00:00,2020-02-05 14:55:00+00:00,39.7715,-70.8834,34.76,13.38,1,9.61,2.68,15%,>0&<200,0.51,0.43,0.08,0.85,0.15,1.01,0.45,-0.03,0.1,NaN,NaN,n/n,n/n,3
en649,16,14-15,NA,L11,2020-02-04 12:54:40+00:00,2020-02-04 14:40:00+00:00,2020-02-05 14:55:00+00:00,39.7715,-70.8834,34.76,13.38,1,9.61,2.68,15%,>10&<200,0.51,0.43,0.08,0.85,0.15,1.01,0.45,0.23,0.1,NaN,NaN,n/n,n/n,3
en649,16,22-23-24,NA,L11,2020-02-04 13:01:11+00:00,2020-02-04 14:40:00+00:00,2020-02-05 14:55:00+00:00,39.7713,-70.8845,3.56,12.5,1,9.61,2.68,15%,>0&<10,0.97,0.84,0.13,0.86,0.14,1.01,0.26,0.23,0.07,0,0,n/n,n/n,1
en649,16,22-23-24,NA,L11,2020-02-04 13:01:11+00:00,2020-02-04 14:40:00+00:00,2020-02-05 14:55:00+00:00,39.7713,-70.8845,3.56,12.5,1,9.61,2.68,15%,>0&<200,0.97,0.84,0.13,0.86,0.14,1.01,0.26,0.31,0.15,0,0,n/n,n/n,1
en649,16,22-23-24,NA,L11,2020-02-04 13:01:11+00:00,2020-02-04 14:40:00+00:00,2020-02-05 14:55:00+00:00,39.7713,-70.8845,3.56,12.5,1,9.61,2.68,15%,>10&<200,0.97,0.84,0.13,0.86,0.14,1.01,0.26,0.64,0.09,NaN,NaN,n/n,n/n,1
en649,16,22-23-24,NA,L11,2020-02-04 13:01:11+00:00,2020-02-04 14:40:00+00:00,2020-02-05 14:55:00+00:00,39.7713,-70.8845,3.56,12.5,1,9.61,2.68,65%,>0&<10,0.97,0.84,0.13,0.86,0.14,1.01,0.26,0.16,0.15,NaN,NaN,n/n,n/n,1
en649,16,22-23-24,NA,L11,2020-02-04 13:01:11+00:00,2020-02-04 14:40:00+00:00,2020-02-05 14:55:00+00:00,39.7713,-70.8845,3.56,12.5,1,9.61,2.68,65%,>0&<200,0.97,0.84,0.13,0.86,0.14,1.01,0.26,0.26,0.15,NaN,NaN,n/n,n/n,1
en649,16,22-23-24,NA,L11,2020-02-04 13:01:11+00:00,2020-02-04 14:40:00+00:00,2020-02-05 14:55:00+00:00,39.7713,-70.8845,3.56,12.5,1,9.61,2.68,65%,>10&<200,0.97,0.84,0.13,0.86,0.14,1.01,0.26,0.47,0.13,0,0,n/n,n/n,1
en655,1,19-20-21,NA,L1,2020-07-25 15:58:10+00:00,2020-07-25 16:50:00+00:00,2020-07-26 16:50:00+00:00,41.2024,-70.8805,2.33,22.08,1,25.19,2.03,15%,>0&<10,0.48,0.4,0.09,0.82,0.18,1,0.25,0.03,0.38,NaN,NaN,0.88,0.09,1
en655,1,19-20-21,NA,L1,2020-07-25 15:58:10+00:00,2020-07-25 16:50:00+00:00,2020-07-26 16:50:00+00:00,41.2024,-70.8805,2.33,22.08,1,25.19,2.03,15%,>0&<200,0.48,0.4,0.09,0.82,0.18,1,0.25,0.52,0.1,NaN,NaN,0.96,0.05,1
en655,1,19-20-21,NA,L1,2020-07-25 15:58:10+00:00,2020-07-25 16:50:00+00:00,2020-07-26 16:50:00+00:00,41.2024,-70.8805,2.33,22.08,1,25.19,2.03,15%,>10&<200,0.48,0.4,0.09,0.82,0.18,1,0.25,0.68,0.1,0,0,1.21,0.22,1
en655,1,19-20-21,NA,L1,2020-07-25 15:58:10+00:00,2020-07-25 16:50:00+00:00,2020-07-26 16:50:00+00:00,41.2024,-70.8805,2.33,22.08,1,25.19,2.03,65%,>0&<10,0.48,0.4,0.09,0.82,0.18,1,0.25,0.28,0.06,NaN,NaN,0.62,0.13,1
en655,1,19-20-21,NA,L1,2020-07-25 15:58:10+00:00,2020-07-25 16:50:00+00:00,2020-07-26 16:50:00+00:00,41.2024,-70.8805,2.33,22.08,1,25.19,2.03,65%,>0&<200,0.48,0.4,0.09,0.82,0.18,1,0.25,0.29,0.19,NaN,NaN,0.53,0.11,1
en655,1,19-20-21,NA,L1,2020-07-25 15:58:10+00:00,2020-07-25 16:50:00+00:00,2020-07-26 16:50:00+00:00,41.2024,-70.8805,2.33,22.08,1,25.19,2.03,65%,>10&<200,0.48,0.4,0.09,0.82,0.18,1,0.25,0.48,0.14,0,0,1.03,0.22,1
en655,2,18-19-20,NA,L2,2020-07-25 18:10:12+00:00,2020-07-25 19:00:00+00:00,2020-07-26 19:15:00+00:00,41.0304,-70.8769,2.13,21.66,1,25.33,2.2,15%,>0&<10,0.62,0.58,0.04,0.93,0.07,1.01,0.17,0.21,0.09,0,0,0.78,0.2,1
en655,2,18-19-20,NA,L2,2020-07-25 18:10:12+00:00,2020-07-25 19:00:00+00:00,2020-07-26 19:15:00+00:00,41.0304,-70.8769,2.13,21.66,1,25.33,2.2,15%,>0&<200,0.62,0.58,0.04,0.93,0.07,1.01,0.17,0.52,0.27,0.4,0.13,1.32,0.07,1
en655,2,18-19-20,NA,L2,2020-07-25 18:10:12+00:00,2020-07-25 19:00:00+00:00,2020-07-26 19:15:00+00:00,41.0304,-70.8769,2.13,21.66,1,25.33,2.2,15%,>10&<200,0.62,0.58,0.04,0.93,0.07,1.01,0.17,0.62,0.19,0,0,1.25,0.19,1
en655,2,18-19-20,NA,L2,2020-07-25 18:10:12+00:00,2020-07-25 19:00:00+00:00,2020-07-26 19:15:00+00:00,41.0304,-70.8769,2.13,21.66,1,25.33,2.2,65%,>0&<10,0.62,0.58,0.04,0.93,0.07,1.01,0.17,0.23,0.18,0.31,0.1,0.85,0.17,1
en655,2,18-19-20,NA,L2,2020-07-25 18:10:12+00:00,2020-07-25 19:00:00+00:00,2020-07-26 19:15:00+00:00,41.0304,-70.8769,2.13,21.66,1,25.33,2.2,65%,>0&<200,0.62,0.58,0.04,0.93,0.07,1.01,0.17,-0.04,0.24,0,0,0.58,0.21,1
en655,2,18-19-20,NA,L2,2020-07-25 18:10:12+00:00,2020-07-25 19:00:00+00:00,2020-07-26 19:15:00+00:00,41.0304,-70.8769,2.13,21.66,1,25.33,2.2,65%,>10&<200,0.62,0.58,0.04,0.93,0.07,1.01,0.17,0.4,0.24,0,0,1.02,0.11,1
en655,7,21-22-23,NA,L4,2020-07-26 11:31:52+00:00,2020-07-26 12:20:00+00:00,2020-07-27 12:50:00+00:00,40.6889,-70.8794,1.67,24.33,1,26.11,1.95,15%,>0&<10,0.39,0.29,0.1,0.74,0.26,1.02,0.21,1.04,0.22,0.31,0.07,1.49,0.08,1
en655,7,21-22-23,NA,L4,2020-07-26 11:31:52+00:00,2020-07-26 12:20:00+00:00,2020-07-27 12:50:00+00:00,40.6889,-70.8794,1.67,24.33,1,26.11,1.95,15%,>0&<200,0.39,0.29,0.1,0.74,0.26,1.02,0.21,0.74,0.24,0,0,1.27,0.09,1
en655,7,21-22-23,NA,L4,2020-07-26 11:31:52+00:00,2020-07-26 12:20:00+00:00,2020-07-27 12:50:00+00:00,40.6889,-70.8794,1.67,24.33,1,26.11,1.95,15%,>10&<200,0.39,0.29,0.1,0.74,0.26,1.02,0.21,0.65,0.27,NaN,NaN,1.48,0.21,1
en655,7,21-22-23,NA,L4,2020-07-26 11:31:52+00:00,2020-07-26 12:20:00+00:00,2020-07-27 12:50:00+00:00,40.6889,-70.8794,1.67,24.33,1,26.11,1.95,65%,>0&<10,0.39,0.29,0.1,0.74,0.26,1.02,0.21,0.37,0.09,0,0,1.09,0.12,1
en655,7,21-22-23,NA,L4,2020-07-26 11:31:52+00:00,2020-07-26 12:20:00+00:00,2020-07-27 12:50:00+00:00,40.6889,-70.8794,1.67,24.33,1,26.11,1.95,65%,>0&<200,0.39,0.29,0.1,0.74,0.26,1.02,0.21,0.41,0.18,0,0,1.15,0.2,1
en655,7,21-22-23,NA,L4,2020-07-26 11:31:52+00:00,2020-07-26 12:20:00+00:00,2020-07-27 12:50:00+00:00,40.6889,-70.8794,1.67,24.33,1,26.11,1.95,65%,>10&<200,0.39,0.29,0.1,0.74,0.26,1.02,0.21,0.53,0.15,0,0,1.35,0.22,1
en655,12,21-22-23,NA,L10,2020-07-27 10:52:26+00:00,2020-07-27 11:30:00+00:00,2020-07-28 10:45:00+00:00,39.9242,-70.8921,2.6,23.91,1,26.19,2.81,15%,>0&<10,0.17,0.14,0.03,0.83,0.17,0.97,0.22,0.99,0.25,0,0,n/n,n/n,1
en655,12,21-22-23,NA,L10,2020-07-27 10:52:26+00:00,2020-07-27 11:30:00+00:00,2020-07-28 10:45:00+00:00,39.9242,-70.8921,2.6,23.91,1,26.19,2.81,15%,>0&<200,0.17,0.14,0.03,0.83,0.17,0.97,0.22,1.19,0.27,0.39,0.15,n/n,n/n,1
en655,12,21-22-23,NA,L10,2020-07-27 10:52:26+00:00,2020-07-27 11:30:00+00:00,2020-07-28 10:45:00+00:00,39.9242,-70.8921,2.6,23.91,1,26.19,2.81,15%,>10&<200,0.17,0.14,0.03,0.83,0.17,0.97,0.22,1.34,0.21,0.58,0.13,1.71,0.15,1
en655,12,21-22-23,NA,L10,2020-07-27 10:52:26+00:00,2020-07-27 11:30:00+00:00,2020-07-28 10:45:00+00:00,39.9242,-70.8921,2.6,23.91,1,26.19,2.81,65%,>0&<10,0.17,0.14,0.03,0.83,0.17,0.97,0.22,0.65,0.1,NaN,NaN,n/n,n/n,1
en655,12,21-22-23,NA,L10,2020-07-27 10:52:26+00:00,2020-07-27 11:30:00+00:00,2020-07-28 10:45:00+00:00,39.9242,-70.8921,2.6,23.91,1,26.19,2.81,65%,>0&<200,0.17,0.14,0.03,0.83,0.17,0.97,0.22,0.71,0.31,0,0,n/n,n/n,1
en655,12,21-22-23,NA,L10,2020-07-27 10:52:26+00:00,2020-07-27 11:30:00+00:00,2020-07-28 10:45:00+00:00,39.9242,-70.8921,2.6,23.91,1,26.19,2.81,65%,>10&<200,0.17,0.14,0.03,0.83,0.17,0.97,0.22,1.5,0.08,0.8,0.21,1.81,0.2,1
en657,1,17-18-19-20,NA,L1,2020-10-13 18:05:34+00:00,2020-10-13 19:20:00+00:00,2020-10-14 20:20:00+00:00,41.203,-70.8752,2.73,16.75,3,15.32,2.27,15%,>0&<10,4.07,2.25,1.82,0.55,0.45,1.04,0.2,0.06,0.13,0,0,n/n,n/n,1
en657,1,17-18-19-20,NA,L1,2020-10-13 18:05:34+00:00,2020-10-13 19:20:00+00:00,2020-10-14 20:20:00+00:00,41.203,-70.8752,2.73,16.75,3,15.32,2.27,15%,>0&<200,4.07,2.25,1.82,0.55,0.45,1.04,0.2,0.25,0.07,0.16,0.06,n/n,n/n,1
en657,1,17-18-19-20,NA,L1,2020-10-13 18:05:34+00:00,2020-10-13 19:20:00+00:00,2020-10-14 20:20:00+00:00,41.203,-70.8752,2.73,16.75,3,15.32,2.27,15%,>10&<200,4.07,2.25,1.82,0.55,0.45,1.04,0.2,0.41,0.14,0.29,0.08,n/n,n/n,1
en657,1,17-18-19-20,NA,L1,2020-10-13 18:05:34+00:00,2020-10-13 19:20:00+00:00,2020-10-14 20:20:00+00:00,41.203,-70.8752,2.73,16.75,3,15.32,2.27,65%,>0&<10,4.07,2.25,1.82,0.55,0.45,1.04,0.2,-0.14,0.28,0,0,n/n,n/n,1
en657,1,17-18-19-20,NA,L1,2020-10-13 18:05:34+00:00,2020-10-13 19:20:00+00:00,2020-10-14 20:20:00+00:00,41.203,-70.8752,2.73,16.75,3,15.32,2.27,65%,>0&<200,4.07,2.25,1.82,0.55,0.45,1.04,0.2,0.23,0.09,0.19,0.06,n/n,n/n,1
en657,1,17-18-19-20,NA,L1,2020-10-13 18:05:34+00:00,2020-10-13 19:20:00+00:00,2020-10-14 20:20:00+00:00,41.203,-70.8752,2.73,16.75,3,15.32,2.27,65%,>10&<200,4.07,2.25,1.82,0.55,0.45,1.04,0.2,0.37,0.11,0.27,0.07,n/n,n/n,1
en657,5,17-18-19-20,NA,L2,2020-10-14 13:22:14+00:00,2020-10-14 14:05:00+00:00,2020-10-15 14:24:00+00:00,41.0294,-70.8843,4.18,17.59,3,15.61,1.83,15%,>0&<10,2.53,0.65,1.88,0.26,0.74,1.01,0.15,NaN,NaN,NaN,NaN,n/n,n/n,1
en657,5,17-18-19-20,NA,L2,2020-10-14 13:22:14+00:00,2020-10-14 14:05:00+00:00,2020-10-15 14:24:00+00:00,41.0294,-70.8843,4.18,17.59,3,15.61,1.83,15%,>0&<200,2.53,0.65,1.88,0.26,0.74,1.01,0.15,0.85,0.08,0.59,0.06,1.21,0.09,1
en657,5,17-18-19-20,NA,L2,2020-10-14 13:22:14+00:00,2020-10-14 14:05:00+00:00,2020-10-15 14:24:00+00:00,41.0294,-70.8843,4.18,17.59,3,15.61,1.83,15%,>10&<200,2.53,0.65,1.88,0.26,0.74,1.01,0.15,0.41,0.02,0,0,0.66,0.12,1
en657,5,17-18-19-20,NA,L2,2020-10-14 13:22:14+00:00,2020-10-14 14:05:00+00:00,2020-10-15 14:24:00+00:00,41.0294,-70.8843,4.18,17.59,3,15.61,1.83,65%,>0&<10,2.53,0.65,1.88,0.26,0.74,1.01,0.15,NaN,NaN,NaN,NaN,n/n,n/n,1
en657,5,17-18-19-20,NA,L2,2020-10-14 13:22:14+00:00,2020-10-14 14:05:00+00:00,2020-10-15 14:24:00+00:00,41.0294,-70.8843,4.18,17.59,3,15.61,1.83,65%,>0&<200,2.53,0.65,1.88,0.26,0.74,1.01,0.15,0.73,0.05,0.54,0.07,1.09,0.1,1
en657,5,17-18-19-20,NA,L2,2020-10-14 13:22:14+00:00,2020-10-14 14:05:00+00:00,2020-10-15 14:24:00+00:00,41.0294,-70.8843,4.18,17.59,3,15.61,1.83,65%,>10&<200,2.53,0.65,1.88,0.26,0.74,1.01,0.15,0.22,0.11,0,0,0.81,0.07,1
en657,6,20-21-22,NA,L4,2020-10-14 18:44:16+00:00,2020-10-14 19:40:00+00:00,2020-10-15 20:10:00+00:00,40.6956,-70.8946,2.23,17.31,3,15.89,2.34,15%,>0&<10,1.13,0.78,0.35,0.69,0.31,1.02,0.19,0.61,0.15,0,0,n/n,n/n,1
en657,6,20-21-22,NA,L4,2020-10-14 18:44:16+00:00,2020-10-14 19:40:00+00:00,2020-10-15 20:10:00+00:00,40.6956,-70.8946,2.23,17.31,3,15.89,2.34,15%,>0&<200,1.13,0.78,0.35,0.69,0.31,1.02,0.19,0.48,0.22,0,0,n/n,n/n,1
en657,6,20-21-22,NA,L4,2020-10-14 18:44:16+00:00,2020-10-14 19:40:00+00:00,2020-10-15 20:10:00+00:00,40.6956,-70.8946,2.23,17.31,3,15.89,2.34,15%,>10&<200,1.13,0.78,0.35,0.69,0.31,1.02,0.19,0.21,0.07,0,0,0.51,0.12,1
en657,6,20-21-22,NA,L4,2020-10-14 18:44:16+00:00,2020-10-14 19:40:00+00:00,2020-10-15 20:10:00+00:00,40.6956,-70.8946,2.23,17.31,3,15.89,2.34,65%,>0&<10,1.13,0.78,0.35,0.69,0.31,1.02,0.19,0.52,0.16,0.31,0.14,n/n,n/n,1
en657,6,20-21-22,NA,L4,2020-10-14 18:44:16+00:00,2020-10-14 19:40:00+00:00,2020-10-15 20:10:00+00:00,40.6956,-70.8946,2.23,17.31,3,15.89,2.34,65%,>0&<200,1.13,0.78,0.35,0.69,0.31,1.02,0.19,0.44,0.11,0.3,0.09,0.65,0.12,1
en657,6,20-21-22,NA,L4,2020-10-14 18:44:16+00:00,2020-10-14 19:40:00+00:00,2020-10-15 20:10:00+00:00,40.6956,-70.8946,2.23,17.31,3,15.89,2.34,65%,>10&<200,1.13,0.78,0.35,0.69,0.31,1.02,0.19,0.07,0.11,0,0,0.52,0.07,1
en657,17,21-22-23,NA,L6,2020-10-17 00:11:33+00:00,2020-10-17 00:55:00+00:00,2020-10-18 01:00:00+00:00,40.3603,-70.8888,3.61,20.93,2,18.66,1.68,15%,>0&<10,0.64,0.59,0.04,0.93,0.07,1,0.18,-0.02,0.04,NaN,NaN,0.24,0.17,1
en657,17,21-22-23,NA,L6,2020-10-17 00:11:33+00:00,2020-10-17 00:55:00+00:00,2020-10-18 01:00:00+00:00,40.3603,-70.8888,3.61,20.93,2,18.66,1.68,15%,>0&<200,0.64,0.59,0.04,0.93,0.07,1,0.18,0.78,0.24,0.6,0.2,n/n,n/n,1
en657,17,21-22-23,NA,L6,2020-10-17 00:11:33+00:00,2020-10-17 00:55:00+00:00,2020-10-18 01:00:00+00:00,40.3603,-70.8888,3.61,20.93,2,18.66,1.68,15%,>10&<200,0.64,0.59,0.04,0.93,0.07,1,0.18,1.41,0.19,NaN,NaN,1.61,0.09,1
en657,17,21-22-23,NA,L6,2020-10-17 00:11:33+00:00,2020-10-17 00:55:00+00:00,2020-10-18 01:00:00+00:00,40.3603,-70.8888,3.61,20.93,2,18.66,1.68,65%,>0&<10,0.64,0.59,0.04,0.93,0.07,1,0.18,0.25,0.03,0.22,0.08,0.45,0.05,1
en657,17,21-22-23,NA,L6,2020-10-17 00:11:33+00:00,2020-10-17 00:55:00+00:00,2020-10-18 01:00:00+00:00,40.3603,-70.8888,3.61,20.93,2,18.66,1.68,65%,>0&<200,0.64,0.59,0.04,0.93,0.07,1,0.18,0.6,0.18,0.3,0.11,n/n,n/n,1
en657,17,21-22-23,NA,L6,2020-10-17 00:11:33+00:00,2020-10-17 00:55:00+00:00,2020-10-18 01:00:00+00:00,40.3603,-70.8888,3.61,20.93,2,18.66,1.68,65%,>10&<200,0.64,0.59,0.04,0.93,0.07,1,0.18,1.43,0.13,NaN,NaN,n/n,n/n,1
en657,15,21-22-23,NA,L8,2020-10-16 12:04:15+00:00,2020-10-16 12:50:00+00:00,2020-10-17 13:15:00+00:00,40.129,-70.7675,2.97,20.5,1,20.61,2.33,15%,>0&<10,0.61,0.48,0.13,0.79,0.21,1.02,0.19,0.75,0.1,0.41,0.05,0.86,0.04,1
en657,15,21-22-23,NA,L8,2020-10-16 12:04:15+00:00,2020-10-16 12:50:00+00:00,2020-10-17 13:15:00+00:00,40.129,-70.7675,2.97,20.5,1,20.61,2.33,15%,>0&<200,0.61,0.48,0.13,0.79,0.21,1.02,0.19,0.84,0.09,0.42,0.05,n/n,n/n,1
en657,15,21-22-23,NA,L8,2020-10-16 12:04:15+00:00,2020-10-16 12:50:00+00:00,2020-10-17 13:15:00+00:00,40.129,-70.7675,2.97,20.5,1,20.61,2.33,15%,>10&<200,0.61,0.48,0.13,0.79,0.21,1.02,0.19,0.55,0.1,0.34,0.09,0.83,0.08,1
en657,15,21-22-23,NA,L8,2020-10-16 12:04:15+00:00,2020-10-16 12:50:00+00:00,2020-10-17 13:15:00+00:00,40.129,-70.7675,2.97,20.5,1,20.61,2.33,65%,>0&<10,0.61,0.48,0.13,0.79,0.21,1.02,0.19,0.63,0.21,0.32,0.11,n/n,n/n,1
en657,15,21-22-23,NA,L8,2020-10-16 12:04:15+00:00,2020-10-16 12:50:00+00:00,2020-10-17 13:15:00+00:00,40.129,-70.7675,2.97,20.5,1,20.61,2.33,65%,>0&<200,0.61,0.48,0.13,0.79,0.21,1.02,0.19,0.71,0.07,0.3,0.06,n/n,n/n,1
en657,15,21-22-23,NA,L8,2020-10-16 12:04:15+00:00,2020-10-16 12:50:00+00:00,2020-10-17 13:15:00+00:00,40.129,-70.7675,2.97,20.5,1,20.61,2.33,65%,>10&<200,0.61,0.48,0.13,0.79,0.21,1.02,0.19,1.17,0.14,0.87,0.09,n/n,n/n,1
en657,9,21-22-23,NA,L10,2020-10-15 08:25:47+00:00,2020-10-15 09:20:00+00:00,2020-10-16 10:40:00+00:00,39.9322,-70.8779,2.45,21.99,1,21.61,1.78,15%,>0&<10,0.66,0.53,0.13,0.81,0.19,1.06,0.24,-0.02,0.56,0,0,n/n,n/n,1
en657,9,21-22-23,NA,L10,2020-10-15 08:25:47+00:00,2020-10-15 09:20:00+00:00,2020-10-16 10:40:00+00:00,39.9322,-70.8779,2.45,21.99,1,21.61,1.78,15%,>0&<200,0.66,0.53,0.13,0.81,0.19,1.06,0.24,0.17,0.5,0,0,n/n,n/n,1
en657,9,21-22-23,NA,L10,2020-10-15 08:25:47+00:00,2020-10-15 09:20:00+00:00,2020-10-16 10:40:00+00:00,39.9322,-70.8779,2.45,21.99,1,21.61,1.78,15%,>10&<200,0.66,0.53,0.13,0.81,0.19,1.06,0.24,0.55,0.13,0,0,0.8,0.14,1
en657,9,21-22-23,NA,L10,2020-10-15 08:25:47+00:00,2020-10-15 09:20:00+00:00,2020-10-16 10:40:00+00:00,39.9322,-70.8779,2.45,21.99,1,21.61,1.78,65%,>0&<10,0.66,0.53,0.13,0.81,0.19,1.06,0.24,0.24,0.34,NaN,NaN,n/n,n/n,1
en657,9,21-22-23,NA,L10,2020-10-15 08:25:47+00:00,2020-10-15 09:20:00+00:00,2020-10-16 10:40:00+00:00,39.9322,-70.8779,2.45,21.99,1,21.61,1.78,65%,>0&<200,0.66,0.53,0.13,0.81,0.19,1.06,0.24,0.44,0.1,NaN,NaN,n/n,n/n,1
en657,9,21-22-23,NA,L10,2020-10-15 08:25:47+00:00,2020-10-15 09:20:00+00:00,2020-10-16 10:40:00+00:00,39.9322,-70.8779,2.45,21.99,1,21.61,1.78,65%,>10&<200,0.66,0.53,0.13,0.81,0.19,1.06,0.24,0.44,0.31,0,0,0.92,0.33,1
en657,12,10-11,NA,L11,2020-10-15 16:49:49+00:00,2020-10-15 18:20:00+00:00,2020-10-16 19:25:00+00:00,39.7693,-70.8773,35.5,20.25,1,21.79,1.62,5%,>0&<10,0.41,0.3,0.11,0.74,0.26,1.05,0.34,0.89,0.16,NaN,NaN,n/n,n/n,1
en657,12,10-11,NA,L11,2020-10-15 16:49:49+00:00,2020-10-15 18:20:00+00:00,2020-10-16 19:25:00+00:00,39.7693,-70.8773,35.5,20.25,1,21.79,1.62,5%,>0&<200,0.41,0.3,0.11,0.74,0.26,1.05,0.34,0.87,0.07,NaN,NaN,0.94,0.06,1
en657,12,10-11,NA,L11,2020-10-15 16:49:49+00:00,2020-10-15 18:20:00+00:00,2020-10-16 19:25:00+00:00,39.7693,-70.8773,35.5,20.25,1,21.79,1.62,5%,>10&<200,0.41,0.3,0.11,0.74,0.26,1.05,0.34,0.44,0.18,NaN,NaN,0.71,0.18,1
en657,12,15-16,NA,L11,2020-10-15 16:52:43+00:00,2020-10-15 18:20:00+00:00,2020-10-16 19:25:00+00:00,39.7689,-70.8767,25.78,20.18,1,21.79,1.62,15%,>0&<10,0.75,0.65,0.1,0.86,0.14,1.05,0.17,0.18,0.37,0.41,0.04,0.79,0.05,1
en657,12,15-16,NA,L11,2020-10-15 16:52:43+00:00,2020-10-15 18:20:00+00:00,2020-10-16 19:25:00+00:00,39.7689,-70.8767,25.78,20.18,1,21.79,1.62,15%,>0&<200,0.75,0.65,0.1,0.86,0.14,1.05,0.17,0.26,0.17,0.2,0.08,0.66,0.02,1
en657,12,15-16,NA,L11,2020-10-15 16:52:43+00:00,2020-10-15 18:20:00+00:00,2020-10-16 19:25:00+00:00,39.7689,-70.8767,25.78,20.18,1,21.79,1.62,15%,>10&<200,0.75,0.65,0.1,0.86,0.14,1.05,0.17,0.32,0.21,NaN,NaN,1.03,0.24,1
en657,12,21-22-23,NA,L11,2020-10-15 16:56:16+00:00,2020-10-15 18:20:00+00:00,2020-10-16 19:25:00+00:00,39.7685,-70.8761,3.21,21.15,1,21.79,1.62,15%,>0&<10,0.37,0.31,0.06,0.84,0.16,1.05,0.27,1.16,0.36,0.65,0.25,n/n,n/n,1
en657,12,21-22-23,NA,L11,2020-10-15 16:56:16+00:00,2020-10-15 18:20:00+00:00,2020-10-16 19:25:00+00:00,39.7685,-70.8761,3.21,21.15,1,21.79,1.62,15%,>0&<200,0.37,0.31,0.06,0.84,0.16,1.05,0.27,1.08,0.35,0.54,0.23,n/n,n/n,1
en657,12,21-22-23,NA,L11,2020-10-15 16:56:16+00:00,2020-10-15 18:20:00+00:00,2020-10-16 19:25:00+00:00,39.7685,-70.8761,3.21,21.15,1,21.79,1.62,15%,>10&<200,0.37,0.31,0.06,0.84,0.16,1.05,0.27,0.57,0.04,NaN,NaN,1.38,0.09,1
en657,12,21-22-23,NA,L11,2020-10-15 16:56:16+00:00,2020-10-15 18:20:00+00:00,2020-10-16 19:25:00+00:00,39.7685,-70.8761,3.21,21.15,1,21.79,1.62,65%,>0&<10,0.37,0.31,0.06,0.84,0.16,1.05,0.27,0.56,0.18,0.23,0.1,0.85,0.1,1
en657,12,21-22-23,NA,L11,2020-10-15 16:56:16+00:00,2020-10-15 18:20:00+00:00,2020-10-16 19:25:00+00:00,39.7685,-70.8761,3.21,21.15,1,21.79,1.62,65%,>0&<200,0.37,0.31,0.06,0.84,0.16,1.05,0.27,0.56,0.12,0,0,0.85,0.22,1
en657,12,21-22-23,NA,L11,2020-10-15 16:56:16+00:00,2020-10-15 18:20:00+00:00,2020-10-16 19:25:00+00:00,39.7685,-70.8761,3.21,21.15,1,21.79,1.62,65%,>10&<200,0.37,0.31,0.06,0.84,0.16,1.05,0.27,1.04,0.12,0,0,n/n,n/n,1
en661,1,17-18-19-20,NA,L1,2021-02-03 19:06:39+00:00,2021-02-03 20:02:00+00:00,2021-02-04 20:00:00+00:00,41.1959,-70.8772,1.1,3.85,1,5.91,1.41,15%,>0&<10,5.19,0.52,4.66,0.1,0.9,1,0.21,1.93,1.69,3.37,1.09,n/n,n/n,1
en661,1,17-18-19-20,NA,L1,2021-02-03 19:06:39+00:00,2021-02-03 20:02:00+00:00,2021-02-04 20:00:00+00:00,41.1959,-70.8772,1.1,3.85,1,5.91,1.41,15%,>0&<200,5.19,0.52,4.66,0.1,0.9,1,0.21,0.29,0.15,0.32,0.1,n/n,n/n,1
en661,1,17-18-19-20,NA,L1,2021-02-03 19:06:39+00:00,2021-02-03 20:02:00+00:00,2021-02-04 20:00:00+00:00,41.1959,-70.8772,1.1,3.85,1,5.91,1.41,15%,>10&<200,5.19,0.52,4.66,0.1,0.9,1,0.21,0.08,0.07,0,0,n/n,n/n,1
en661,1,17-18-19-20,NA,L1,2021-02-03 19:06:39+00:00,2021-02-03 20:02:00+00:00,2021-02-04 20:00:00+00:00,41.1959,-70.8772,1.1,3.85,1,5.91,1.41,65%,>0&<10,5.19,0.52,4.66,0.1,0.9,1,0.21,NaN,NaN,NaN,NaN,n/n,n/n,1
en661,1,17-18-19-20,NA,L1,2021-02-03 19:06:39+00:00,2021-02-03 20:02:00+00:00,2021-02-04 20:00:00+00:00,41.1959,-70.8772,1.1,3.85,1,5.91,1.41,65%,>0&<200,5.19,0.52,4.66,0.1,0.9,1,0.21,0.03,0.15,0,0,n/n,n/n,1
en661,1,17-18-19-20,NA,L1,2021-02-03 19:06:39+00:00,2021-02-03 20:02:00+00:00,2021-02-04 20:00:00+00:00,41.1959,-70.8772,1.1,3.85,1,5.91,1.41,65%,>10&<200,5.19,0.52,4.66,0.1,0.9,1,0.21,0.07,0.14,0,0,n/n,n/n,1
en661,13,16-17,NA,L1.2,2021-02-06 21:29:57+00:00,2021-02-06 22:00:00+00:00,2021-02-07 23:12:00+00:00,41.1618,-70.8913,1.58,3.61,1,4.24,0.48,65%,>0&<10,5.65,0.78,4.87,0.14,0.86,1.05,0.24,-0.02,0.81,NaN,NaN,n/n,n/n,1
en661,13,16-17,NA,L1.2,2021-02-06 21:29:57+00:00,2021-02-06 22:00:00+00:00,2021-02-07 23:12:00+00:00,41.1618,-70.8913,1.58,3.61,1,4.24,0.48,65%,>0&<200,5.65,0.78,4.87,0.14,0.86,1.05,0.24,0.07,0.11,0,0,n/n,n/n,1
en661,13,16-17,NA,L1.2,2021-02-06 21:29:57+00:00,2021-02-06 22:00:00+00:00,2021-02-07 23:12:00+00:00,41.1618,-70.8913,1.58,3.61,1,4.24,0.48,65%,>10&<200,5.65,0.78,4.87,0.14,0.86,1.05,0.24,0.23,0.08,0.23,0.03,0.32,0.03,1
en661,2,17-18-19-20,NA,L2,2021-02-04 02:03:58+00:00,2021-02-04 00:59:00+00:00,2021-02-05 02:20:00+00:00,41.0309,-70.8889,3.47,3.92,1,6.89,1.66,15%,>0&<10,1.27,0.18,1.09,0.14,0.86,1.06,0.23,0.67,0.45,0,0,n/n,n/n,1
en661,2,17-18-19-20,NA,L2,2021-02-04 02:03:58+00:00,2021-02-04 00:59:00+00:00,2021-02-05 02:20:00+00:00,41.0309,-70.8889,3.47,3.92,1,6.89,1.66,15%,>0&<200,1.27,0.18,1.09,0.14,0.86,1.06,0.23,0.49,0.12,0.28,0.12,n/n,n/n,1
en661,2,17-18-19-20,NA,L2,2021-02-04 02:03:58+00:00,2021-02-04 00:59:00+00:00,2021-02-05 02:20:00+00:00,41.0309,-70.8889,3.47,3.92,1,6.89,1.66,15%,>10&<200,1.27,0.18,1.09,0.14,0.86,1.06,0.23,0.15,0.1,0,0,n/n,n/n,1
en661,2,17-18-19-20,NA,L2,2021-02-04 02:03:58+00:00,2021-02-04 00:59:00+00:00,2021-02-05 02:20:00+00:00,41.0309,-70.8889,3.47,3.92,1,6.89,1.66,65%,>0&<10,1.27,0.18,1.09,0.14,0.86,1.06,0.23,0.25,0.72,0,0,n/n,n/n,1
en661,2,17-18-19-20,NA,L2,2021-02-04 02:03:58+00:00,2021-02-04 00:59:00+00:00,2021-02-05 02:20:00+00:00,41.0309,-70.8889,3.47,3.92,1,6.89,1.66,65%,>0&<200,1.27,0.18,1.09,0.14,0.86,1.06,0.23,0.09,0.11,0,0,n/n,n/n,1
en661,2,17-18-19-20,NA,L2,2021-02-04 02:03:58+00:00,2021-02-04 00:59:00+00:00,2021-02-05 02:20:00+00:00,41.0309,-70.8889,3.47,3.92,1,6.89,1.66,65%,>10&<200,1.27,0.18,1.09,0.14,0.86,1.06,0.23,0.08,0.1,0,0,n/n,n/n,1
en661,12,16-17-18-19,NA,L3,2021-02-06 16:23:46+00:00,2021-02-06 17:42:00+00:00,2021-02-07 17:15:00+00:00,40.8598,-70.8833,1.78,5.11,2,4.79,1.27,15%,>0&<10,2.01,0.01,2,0,1,0.98,0.22,0.91,1.57,0,0,n/n,n/n,3
en661,12,16-17-18-19,NA,L3,2021-02-06 16:23:46+00:00,2021-02-06 17:42:00+00:00,2021-02-07 17:15:00+00:00,40.8598,-70.8833,1.78,5.11,2,4.79,1.27,15%,>0&<200,2.01,0.01,2,0,1,0.98,0.22,0.24,0.06,0.19,0.04,n/n,n/n,1
en661,12,16-17-18-19,NA,L3,2021-02-06 16:23:46+00:00,2021-02-06 17:42:00+00:00,2021-02-07 17:15:00+00:00,40.8598,-70.8833,1.78,5.11,2,4.79,1.27,15%,>10&<200,2.01,0.01,2,0,1,0.98,0.22,0.52,0.06,0.46,0.07,n/n,n/n,1
en661,12,16-17-18-19,NA,L3,2021-02-06 16:23:46+00:00,2021-02-06 17:42:00+00:00,2021-02-07 17:15:00+00:00,40.8598,-70.8833,1.78,5.11,2,4.79,1.27,65%,>0&<10,2.01,0.01,2,0,1,0.98,0.22,2.6,0.74,NaN,NaN,n/n,n/n,3
en661,12,16-17-18-19,NA,L3,2021-02-06 16:23:46+00:00,2021-02-06 17:42:00+00:00,2021-02-07 17:15:00+00:00,40.8598,-70.8833,1.78,5.11,2,4.79,1.27,65%,>0&<200,2.01,0.01,2,0,1,0.98,0.22,0.18,0.05,0.11,0.04,n/n,n/n,1
en661,12,16-17-18-19,NA,L3,2021-02-06 16:23:46+00:00,2021-02-06 17:42:00+00:00,2021-02-07 17:15:00+00:00,40.8598,-70.8833,1.78,5.11,2,4.79,1.27,65%,>10&<200,2.01,0.01,2,0,1,0.98,0.22,0.45,0.07,0.47,0.06,n/n,n/n,1
en661,5,19-20-21-22,NA,L4,2021-02-04 13:11:57+00:00,2021-02-04 14:00:00+00:00,2021-02-05 16:05:00+00:00,40.6963,-70.8879,2.7,6.29,1,10.46,2.24,15%,>0&<10,4.07,0.45,3.62,0.11,0.89,1.09,0.22,-0.35,0.9,0,0,n/n,n/n,3
en661,5,19-20-21-22,NA,L4,2021-02-04 13:11:57+00:00,2021-02-04 14:00:00+00:00,2021-02-05 16:05:00+00:00,40.6963,-70.8879,2.7,6.29,1,10.46,2.24,15%,>0&<200,4.07,0.45,3.62,0.11,0.89,1.09,0.22,0.26,0.1,0,0,n/n,n/n,3
en661,5,19-20-21-22,NA,L4,2021-02-04 13:11:57+00:00,2021-02-04 14:00:00+00:00,2021-02-05 16:05:00+00:00,40.6963,-70.8879,2.7,6.29,1,10.46,2.24,15%,>10&<200,4.07,0.45,3.62,0.11,0.89,1.09,0.22,0.96,0.09,0.63,0.07,n/n,n/n,3
en661,5,19-20-21-22,NA,L4,2021-02-04 13:11:57+00:00,2021-02-04 14:00:00+00:00,2021-02-05 16:05:00+00:00,40.6963,-70.8879,2.7,6.29,1,10.46,2.24,65%,>0&<10,4.07,0.45,3.62,0.11,0.89,1.09,0.22,0.8,0.58,NaN,NaN,n/n,n/n,3
en661,5,19-20-21-22,NA,L4,2021-02-04 13:11:57+00:00,2021-02-04 14:00:00+00:00,2021-02-05 16:05:00+00:00,40.6963,-70.8879,2.7,6.29,1,10.46,2.24,65%,>0&<200,4.07,0.45,3.62,0.11,0.89,1.09,0.22,0.26,0.04,NaN,NaN,n/n,n/n,3
en661,5,19-20-21-22,NA,L4,2021-02-04 13:11:57+00:00,2021-02-04 14:00:00+00:00,2021-02-05 16:05:00+00:00,40.6963,-70.8879,2.7,6.29,1,10.46,2.24,65%,>10&<200,4.07,0.45,3.62,0.11,0.89,1.09,0.22,1.08,0.13,0.88,0.08,n/n,n/n,3
en661,10,10-11,NA,L11,2021-02-05 13:40:59+00:00,2021-02-06 02:30:00+00:00,2021-02-07 02:03:00+00:00,39.7707,-70.8737,40.28,14.05,3,7.99,2.53,5%,>0&<10,0.51,0.3,0.21,0.6,0.4,0.98,0.22,0.85,0.28,0.68,0.2,n/n,n/n,3
en661,10,10-11,NA,L11,2021-02-05 13:40:59+00:00,2021-02-06 02:30:00+00:00,2021-02-07 02:03:00+00:00,39.7707,-70.8737,40.28,14.05,3,7.99,2.53,5%,>0&<200,0.51,0.3,0.21,0.6,0.4,0.98,0.22,0.61,0.16,0.44,0.1,n/n,n/n,3
en661,10,10-11,NA,L11,2021-02-05 13:40:59+00:00,2021-02-06 02:30:00+00:00,2021-02-07 02:03:00+00:00,39.7707,-70.8737,40.28,14.05,3,7.99,2.53,5%,>10&<200,0.51,0.3,0.21,0.6,0.4,0.98,0.22,0.01,0.14,0,0,0.33,0.17,3
en661,10,15-16,NA,L11,2021-02-05 13:43:02+00:00,2021-02-06 02:30:00+00:00,2021-02-07 02:03:00+00:00,39.7705,-70.8732,20.27,13.35,3,7.99,2.53,15%,>0&<10,0.83,0.4,0.44,0.48,0.52,0.98,0.2,0.12,0.35,0,0,n/n,n/n,3
en661,10,15-16,NA,L11,2021-02-05 13:43:02+00:00,2021-02-06 02:30:00+00:00,2021-02-07 02:03:00+00:00,39.7705,-70.8732,20.27,13.35,3,7.99,2.53,15%,>0&<200,0.83,0.4,0.44,0.48,0.52,0.98,0.2,0.36,0.12,0.25,0.08,n/n,n/n,3
en661,10,15-16,NA,L11,2021-02-05 13:43:02+00:00,2021-02-06 02:30:00+00:00,2021-02-07 02:03:00+00:00,39.7705,-70.8732,20.27,13.35,3,7.99,2.53,15%,>10&<200,0.83,0.4,0.44,0.48,0.52,0.98,0.2,0.01,0.21,0,0,n/n,n/n,3
en661,10,21-22-23,NA,L11,2021-02-05 13:45:20+00:00,2021-02-06 02:30:00+00:00,2021-02-07 02:03:00+00:00,39.7705,-70.8727,2.52,13.3,3,7.99,2.53,15%,>0&<10,0.71,0.28,0.43,0.4,0.6,0.98,0.23,0.95,0.3,0.65,0.21,n/n,n/n,3
en661,10,21-22-23,NA,L11,2021-02-05 13:45:20+00:00,2021-02-06 02:30:00+00:00,2021-02-07 02:03:00+00:00,39.7705,-70.8727,2.52,13.3,3,7.99,2.53,15%,>0&<200,0.71,0.28,0.43,0.4,0.6,0.98,0.23,0.28,0.09,0,0,n/n,n/n,3
en661,10,21-22-23,NA,L11,2021-02-05 13:45:20+00:00,2021-02-06 02:30:00+00:00,2021-02-07 02:03:00+00:00,39.7705,-70.8727,2.52,13.3,3,7.99,2.53,15%,>10&<200,0.71,0.28,0.43,0.4,0.6,0.98,0.23,0,0.13,NaN,NaN,n/n,n/n,3
en661,10,21-22-23,NA,L11,2021-02-05 13:45:20+00:00,2021-02-06 02:30:00+00:00,2021-02-07 02:03:00+00:00,39.7705,-70.8727,2.52,13.3,3,7.99,2.53,65%,>0&<10,0.71,0.28,0.43,0.4,0.6,0.98,0.23,1,0.91,1.31,0.49,n/n,n/n,3
en661,10,21-22-23,NA,L11,2021-02-05 13:45:20+00:00,2021-02-06 02:30:00+00:00,2021-02-07 02:03:00+00:00,39.7705,-70.8727,2.52,13.3,3,7.99,2.53,65%,>0&<200,0.71,0.28,0.43,0.4,0.6,0.98,0.23,0.22,0.25,0,0,n/n,n/n,3
en661,10,21-22-23,NA,L11,2021-02-05 13:45:20+00:00,2021-02-06 02:30:00+00:00,2021-02-07 02:03:00+00:00,39.7705,-70.8727,2.52,13.3,3,7.99,2.53,65%,>10&<200,0.71,0.28,0.43,0.4,0.6,0.98,0.23,0.17,0.06,NaN,NaN,n/n,n/n,3
en668,1,19-20-21,NA,L1,2021-07-16 18:22:45+00:00,2021-07-16 19:45:00+00:00,2021-07-17 19:45:00+00:00,41.1946,-70.883,4.12,19.36,3,23.11,1.4,65%,>0&<10,1.14,0.98,0.16,0.86,0.14,1,0.17,0.14,0.02,0.26,0.02,1.31,0.02,1
en668,1,19-20-21,NA,L1,2021-07-16 18:22:45+00:00,2021-07-16 19:45:00+00:00,2021-07-17 19:45:00+00:00,41.1946,-70.883,4.12,19.36,3,23.11,1.4,65%,>0&<10sf,1.14,0.98,0.16,0.86,0.14,1,0.17,0.75,0.32,0.15,0.05,1.34,0.07,1
en668,1,19-20-21,NA,L1,2021-07-16 18:22:45+00:00,2021-07-16 19:45:00+00:00,2021-07-17 19:45:00+00:00,41.1946,-70.883,4.12,19.36,3,23.11,1.4,65%,>0&<200,1.14,0.98,0.16,0.86,0.14,1,0.17,0.3,0.25,0.19,0.03,1.33,0.06,1
en668,1,19-20-21,NA,L1,2021-07-16 18:22:45+00:00,2021-07-16 19:45:00+00:00,2021-07-17 19:45:00+00:00,41.1946,-70.883,4.12,19.36,3,23.11,1.4,65%,>10&<200,1.14,0.98,0.16,0.86,0.14,1,0.17,0.07,0.11,0.18,0.08,1.61,0.12,1
en668,2,20-21-22-23,NA,L2,2021-07-17 04:45:25+00:00,2021-07-17 05:45:00+00:00,2021-07-18 05:55:00+00:00,41.0313,-70.8792,2.89,20.54,3,24.02,1.52,65%,>0&<10,0.45,0.41,0.04,0.92,0.08,1.01,0.17,-0.08,0.12,NaN,NaN,0.77,0.04,1
en668,2,20-21-22-23,NA,L2,2021-07-17 04:45:25+00:00,2021-07-17 05:45:00+00:00,2021-07-18 05:55:00+00:00,41.0313,-70.8792,2.89,20.54,3,24.02,1.52,65%,>0&<10sf,0.45,0.41,0.04,0.92,0.08,1.01,0.17,0.33,0.06,0.11,0.04,0.92,0.06,1
en668,2,20-21-22-23,NA,L2,2021-07-17 04:45:25+00:00,2021-07-17 05:45:00+00:00,2021-07-18 05:55:00+00:00,41.0313,-70.8792,2.89,20.54,3,24.02,1.52,65%,>0&<200,0.45,0.41,0.04,0.92,0.08,1.01,0.17,0.04,0.03,0,0,0.81,0.06,1
en668,2,20-21-22-23,NA,L2,2021-07-17 04:45:25+00:00,2021-07-17 05:45:00+00:00,2021-07-18 05:55:00+00:00,41.0313,-70.8792,2.89,20.54,3,24.02,1.52,65%,>10&<200,0.45,0.41,0.04,0.92,0.08,1.01,0.17,0.46,0.08,0,0,1.15,0.08,1
en668,5,21-22-23-24,NA,L4,2021-07-17 13:36:24+00:00,2021-07-17 14:30:00+00:00,2021-07-18 15:00:00+00:00,40.6934,-70.8781,4.47,21.27,3,24.59,1.06,65%,>0&<10,0.41,0.38,0.03,0.93,0.07,1.02,0.16,0.26,0.04,0.29,0.02,0.6,0.04,1
en668,5,21-22-23-24,NA,L4,2021-07-17 13:36:24+00:00,2021-07-17 14:30:00+00:00,2021-07-18 15:00:00+00:00,40.6934,-70.8781,4.47,21.27,3,24.59,1.06,65%,>0&<10sf,0.41,0.38,0.03,0.93,0.07,1.02,0.16,-0.06,0.03,0,0,0.43,0.02,1
en668,5,21-22-23-24,NA,L4,2021-07-17 13:36:24+00:00,2021-07-17 14:30:00+00:00,2021-07-18 15:00:00+00:00,40.6934,-70.8781,4.47,21.27,3,24.59,1.06,65%,>0&<200,0.41,0.38,0.03,0.93,0.07,1.02,0.16,0.19,0.01,0.26,0.03,0.6,0.02,1
en668,5,21-22-23-24,NA,L4,2021-07-17 13:36:24+00:00,2021-07-17 14:30:00+00:00,2021-07-18 15:00:00+00:00,40.6934,-70.8781,4.47,21.27,3,24.59,1.06,65%,>10&<200,0.41,0.38,0.03,0.93,0.07,1.02,0.16,0.71,0.32,0.73,0.19,n/n,n/n,1
en668,18,21-22-23-24,NA,L6,2021-07-20 09:49:40+00:00,2021-07-20 11:15:00+00:00,2021-07-21 11:25:00+00:00,40.3692,-70.894,3.82,21.02,3,23.48,1.06,65%,>0&<10,0.2,0.19,0.02,0.93,0.07,1.01,0.2,NaN,NaN,NaN,NaN,n/n,n/n,1
en668,18,21-22-23-24,NA,L6,2021-07-20 09:49:40+00:00,2021-07-20 11:15:00+00:00,2021-07-21 11:25:00+00:00,40.3692,-70.894,3.82,21.02,3,23.48,1.06,65%,>0&<10sf,0.2,0.19,0.02,0.93,0.07,1.01,0.2,0.72,0.07,0,0,1.1,0.03,1
en668,18,21-22-23-24,NA,L6,2021-07-20 09:49:40+00:00,2021-07-20 11:15:00+00:00,2021-07-21 11:25:00+00:00,40.3692,-70.894,3.82,21.02,3,23.48,1.06,65%,>0&<200,0.2,0.19,0.02,0.93,0.07,1.01,0.2,1.46,0.06,0.75,0.08,1.89,0.07,1
en668,18,21-22-23-24,NA,L6,2021-07-20 09:49:40+00:00,2021-07-20 11:15:00+00:00,2021-07-21 11:25:00+00:00,40.3692,-70.894,3.82,21.02,3,23.48,1.06,65%,>10&<200,0.2,0.19,0.02,0.93,0.07,1.01,0.2,2.26,0.15,1.4,0.1,2.78,0.09,1
en668,18,9-10-12,NA,L6,2021-07-20 09:43:35+00:00,2021-07-20 11:15:00+00:00,2021-07-21 11:25:00+00:00,40.3682,-70.8929,30.93,11.09,1,15.93,2.24,3%,>0&<10,3.34,1.64,1.7,0.49,0.51,1.01,0.24,0.12,0.05,0,0,n/n,n/n,3
en668,18,9-10-12,NA,L6,2021-07-20 09:43:35+00:00,2021-07-20 11:15:00+00:00,2021-07-21 11:25:00+00:00,40.3682,-70.8929,30.93,11.09,1,15.93,2.24,3%,>0&<200,3.34,1.64,1.7,0.49,0.51,1.01,0.24,0.14,0.05,0,0,n/n,n/n,3
en668,18,9-10-12,NA,L6,2021-07-20 09:43:35+00:00,2021-07-20 11:15:00+00:00,2021-07-21 11:25:00+00:00,40.3682,-70.8929,30.93,11.09,1,15.93,2.24,3%,>10&<200,3.34,1.64,1.7,0.49,0.51,1.01,0.24,0.16,0.08,0,0,n/n,n/n,3
en668,15,10-11,NA,L8,2021-07-19 17:05:47+00:00,2021-07-19 18:20:00+00:00,2021-07-20 18:25:00+00:00,40.1262,-70.7676,38.38,12.84,1,17.15,1.64,3%,>0&<10,1.04,0.64,0.4,0.61,0.39,1,0.24,-0.02,0.33,0,0,n/n,n/n,3
en668,15,10-11,NA,L8,2021-07-19 17:05:47+00:00,2021-07-19 18:20:00+00:00,2021-07-20 18:25:00+00:00,40.1262,-70.7676,38.38,12.84,1,17.15,1.64,3%,>0&<200,1.04,0.64,0.4,0.61,0.39,1,0.24,0.04,0.16,0,0,n/n,n/n,3
en668,15,10-11,NA,L8,2021-07-19 17:05:47+00:00,2021-07-19 18:20:00+00:00,2021-07-20 18:25:00+00:00,40.1262,-70.7676,38.38,12.84,1,17.15,1.64,3%,>10&<200,1.04,0.64,0.4,0.61,0.39,1,0.24,-0.01,0.25,NaN,NaN,0.31,0.16,3
en668,15,21-22-23-24,NA,L8,2021-07-19 17:16:47+00:00,2021-07-19 18:20:00+00:00,2021-07-20 18:25:00+00:00,40.1238,-70.7667,4.31,23.71,3,23.83,0.99,65%,>0&<10,0.12,0.1,0.02,0.8,0.2,1,0.19,0.91,0.32,0,0,1.41,0.12,1
en668,15,21-22-23-24,NA,L8,2021-07-19 17:16:47+00:00,2021-07-19 18:20:00+00:00,2021-07-20 18:25:00+00:00,40.1238,-70.7667,4.31,23.71,3,23.83,0.99,65%,>0&<10sf,0.12,0.1,0.02,0.8,0.2,1,0.19,1.54,0.07,NaN,NaN,1.73,0.11,1
en668,15,21-22-23-24,NA,L8,2021-07-19 17:16:47+00:00,2021-07-19 18:20:00+00:00,2021-07-20 18:25:00+00:00,40.1238,-70.7667,4.31,23.71,3,23.83,0.99,65%,>0&<200,0.12,0.1,0.02,0.8,0.2,1,0.19,0.96,0.37,0,0,1.38,0.1,1
en668,15,21-22-23-24,NA,L8,2021-07-19 17:16:47+00:00,2021-07-19 18:20:00+00:00,2021-07-20 18:25:00+00:00,40.1238,-70.7667,4.31,23.71,3,23.83,0.99,65%,>10&<200,0.12,0.1,0.02,0.8,0.2,1,0.19,1.58,0.18,0.7,0.09,1.85,0.05,1
en668,11,9-10,NA,L11,2021-07-18 16:46:10+00:00,2021-07-18 18:40:00+00:00,2021-07-19 19:35:00+00:00,39.7688,-70.8789,35.94,12.35,1,15.46,1.48,3%,>0&<10,1.18,1.07,0.11,0.91,0.09,1.04,0.23,-0.08,0.03,NaN,NaN,0.12,0.05,1
en668,11,9-10,NA,L11,2021-07-18 16:46:10+00:00,2021-07-18 18:40:00+00:00,2021-07-19 19:35:00+00:00,39.7688,-70.8789,35.94,12.35,1,15.46,1.48,3%,>0&<200,1.18,1.07,0.11,0.91,0.09,1.04,0.23,0.1,0.05,0,0,0.28,0.09,1
en668,11,9-10,NA,L11,2021-07-18 16:46:10+00:00,2021-07-18 18:40:00+00:00,2021-07-19 19:35:00+00:00,39.7688,-70.8789,35.94,12.35,1,15.46,1.48,3%,>10&<200,1.18,1.07,0.11,0.91,0.09,1.04,0.23,1.02,0.15,NaN,NaN,n/n,n/n,1
en668,11,15-16,NA,L11,2021-07-18 16:52:16+00:00,2021-07-18 18:40:00+00:00,2021-07-19 19:35:00+00:00,39.7676,-70.8785,13.07,19.13,1,15.46,1.48,30%,>0&<10,0.25,0.2,0.06,0.78,0.22,1.04,0.18,0.05,0.21,0,0,0.75,0.05,1
en668,11,15-16,NA,L11,2021-07-18 16:52:16+00:00,2021-07-18 18:40:00+00:00,2021-07-19 19:35:00+00:00,39.7676,-70.8785,13.07,19.13,1,15.46,1.48,30%,>0&<200,0.25,0.2,0.06,0.78,0.22,1.04,0.18,0.67,0.5,0,0,n/n,n/n,1
en668,11,15-16,NA,L11,2021-07-18 16:52:16+00:00,2021-07-18 18:40:00+00:00,2021-07-19 19:35:00+00:00,39.7676,-70.8785,13.07,19.13,1,15.46,1.48,30%,>10&<200,0.25,0.2,0.06,0.78,0.22,1.04,0.18,2.03,0.09,1.5,0.11,2.54,0.15,1
en668,11,21-22-23-24,NA,L11,2021-07-18 16:54:53+00:00,2021-07-18 18:40:00+00:00,2021-07-19 19:35:00+00:00,39.7672,-70.8783,4.77,23.24,3,25.08,1.07,65%,>0&<10,0.14,0.12,0.02,0.85,0.15,1.04,0.16,1.61,0.08,0.61,0.08,1.72,0.07,1
en668,11,21-22-23-24,NA,L11,2021-07-18 16:54:53+00:00,2021-07-18 18:40:00+00:00,2021-07-19 19:35:00+00:00,39.7672,-70.8783,4.77,23.24,3,25.08,1.07,65%,>0&<10sf,0.14,0.12,0.02,0.85,0.15,1.04,0.16,0.78,0.13,0,0,1.46,0.08,1
en668,11,21-22-23-24,NA,L11,2021-07-18 16:54:53+00:00,2021-07-18 18:40:00+00:00,2021-07-19 19:35:00+00:00,39.7672,-70.8783,4.77,23.24,3,25.08,1.07,65%,>0&<200,0.14,0.12,0.02,0.85,0.15,1.04,0.16,1.4,0.06,0.46,0.07,1.63,0.1,1
en668,11,21-22-23-24,NA,L11,2021-07-18 16:54:53+00:00,2021-07-18 18:40:00+00:00,2021-07-19 19:35:00+00:00,39.7672,-70.8783,4.77,23.24,3,25.08,1.07,65%,>10&<200,0.14,0.12,0.02,0.85,0.15,1.04,0.16,1.33,0.16,0.29,0.09,1.53,0.12,1
at46,1,16-17-24,NA,L1,2022-02-16 18:36:35+00:00,2022-02-16 19:20:00+00:00,2022-02-17 19:40:00+00:00,41.1966,-70.8829,2.04,4.04,1,7.44,2.31,65%,>0&<10,4.18,1.7,2.48,0.41,0.59,1.01,0.21,-0.4,1.07,0,0,n/n,n/n,1
at46,1,16-17-24,NA,L1,2022-02-16 18:36:35+00:00,2022-02-16 19:20:00+00:00,2022-02-17 19:40:00+00:00,41.1966,-70.8829,2.04,4.04,1,7.44,2.31,65%,>0&<200,4.18,1.7,2.48,0.41,0.59,1.01,0.21,0.43,0.11,0.4,0.15,n/n,n/n,1
at46,1,16-17-24,NA,L1,2022-02-16 18:36:35+00:00,2022-02-16 19:20:00+00:00,2022-02-17 19:40:00+00:00,41.1966,-70.8829,2.04,4.04,1,7.44,2.31,65%,>10&<200,4.18,1.7,2.48,0.41,0.59,1.01,0.21,0.27,0.15,NaN,NaN,0.5,0.07,1
at46,17,17-18-19,NA,L2,2022-02-20 01:24:16+00:00,2022-02-20 01:55:00+00:00,2022-02-21 02:30:00+00:00,41.027,-70.8859,6.9,4.7,1,5.68,2.01,65%,>0&<10,10.14,3.51,6.63,0.35,0.65,1.02,0.26,-0.04,0.6,0,0,n/n,n/n,1
at46,17,17-18-19,NA,L2,2022-02-20 01:24:16+00:00,2022-02-20 01:55:00+00:00,2022-02-21 02:30:00+00:00,41.027,-70.8859,6.9,4.7,1,5.68,2.01,65%,>0&<200,10.14,3.51,6.63,0.35,0.65,1.02,0.26,-0.08,0.09,0,0,n/n,n/n,1
at46,17,17-18-19,NA,L2,2022-02-20 01:24:16+00:00,2022-02-20 01:55:00+00:00,2022-02-21 02:30:00+00:00,41.027,-70.8859,6.9,4.7,1,5.68,2.01,65%,>10&<200,10.14,3.51,6.63,0.35,0.65,1.02,0.26,-0.16,0.33,0,0,n/n,n/n,1
at46,16,15-16-17-18,NA,L3,2022-02-19 23:47:15+00:00,2022-02-20 00:20:00+00:00,2022-02-21 00:20:00+00:00,40.8606,-70.8823,6.96,5.3,1,5.71,2.03,65%,>0&<10,4.86,0.92,3.94,0.19,0.81,1,0.23,-0.11,0.64,NaN,NaN,n/n,n/n,1
at46,16,15-16-17-18,NA,L3,2022-02-19 23:47:15+00:00,2022-02-20 00:20:00+00:00,2022-02-21 00:20:00+00:00,40.8606,-70.8823,6.96,5.3,1,5.71,2.03,65%,>0&<200,4.86,0.92,3.94,0.19,0.81,1,0.23,-0.02,0.09,0,0,n/n,n/n,1
at46,16,15-16-17-18,NA,L3,2022-02-19 23:47:15+00:00,2022-02-20 00:20:00+00:00,2022-02-21 00:20:00+00:00,40.8606,-70.8823,6.96,5.3,1,5.71,2.03,65%,>10&<200,4.86,0.92,3.94,0.19,0.81,1,0.23,0.29,0.16,0.31,0.09,n/n,n/n,1
at46,2,22-23,NA,L4,2022-02-17 02:46:32+00:00,2022-02-17 03:20:00+00:00,2022-02-18 03:32:00+00:00,40.6974,-70.8813,2.75,4.76,1,9.61,2.34,65%,>0&<10,2.05,1.23,0.83,0.6,0.4,1.01,0.14,1.6,1.14,3.03,0.7,n/n,n/n,3
at46,2,22-23,NA,L4,2022-02-17 02:46:32+00:00,2022-02-17 03:20:00+00:00,2022-02-18 03:32:00+00:00,40.6974,-70.8813,2.75,4.76,1,9.61,2.34,65%,>0&<200,2.05,1.23,0.83,0.6,0.4,1.01,0.14,0.85,0.16,0.84,0.15,n/n,n/n,3
at46,2,22-23,NA,L4,2022-02-17 02:46:32+00:00,2022-02-17 03:20:00+00:00,2022-02-18 03:32:00+00:00,40.6974,-70.8813,2.75,4.76,1,9.61,2.34,65%,>10&<200,2.05,1.23,0.83,0.6,0.4,1.01,0.14,0.74,0.19,0,0,n/n,n/n,3
at46,6,21-22-23,NA,L6,2022-02-17 13:27:22+00:00,2022-02-17 14:30:00+00:00,2022-02-18 14:45:00+00:00,40.3634,-70.8813,3.01,7.9,1,11.37,0.57,65%,>0&<10,1.89,0.86,1.04,0.45,0.55,1.01,0.2,1.23,0.2,1.47,0.22,n/n,n/n,1
at46,6,21-22-23,NA,L6,2022-02-17 13:27:22+00:00,2022-02-17 14:30:00+00:00,2022-02-18 14:45:00+00:00,40.3634,-70.8813,3.01,7.9,1,11.37,0.57,65%,>0&<200,1.89,0.86,1.04,0.45,0.55,1.01,0.2,0.05,0.08,0,0,n/n,n/n,1
at46,6,21-22-23,NA,L6,2022-02-17 13:27:22+00:00,2022-02-17 14:30:00+00:00,2022-02-18 14:45:00+00:00,40.3634,-70.8813,3.01,7.9,1,11.37,0.57,65%,>10&<200,1.89,0.86,1.04,0.45,0.55,1.01,0.2,0.22,0.14,0,0,n/n,n/n,1
at46,13,16-17,NA,L8,2022-02-19 03:35:33+00:00,2022-02-19 04:30:00+00:00,2022-02-20 04:00:00+00:00,40.1339,-70.7826,27.41,9.64,3,8.74,2.49,5%,>0&<10,1.86,0.41,1.45,0.22,0.78,0.98,0.28,-0.59,2.01,0,0,n/n,n/n,1
at46,13,16-17,NA,L8,2022-02-19 03:35:33+00:00,2022-02-19 04:30:00+00:00,2022-02-20 04:00:00+00:00,40.1339,-70.7826,27.41,9.64,3,8.74,2.49,5%,>0&<200,1.86,0.41,1.45,0.22,0.78,0.98,0.28,0.56,0.11,0.59,0.14,n/n,n/n,1
at46,13,16-17,NA,L8,2022-02-19 03:35:33+00:00,2022-02-19 04:30:00+00:00,2022-02-20 04:00:00+00:00,40.1339,-70.7826,27.41,9.64,3,8.74,2.49,5%,>10&<200,1.86,0.41,1.45,0.22,0.78,0.98,0.28,0.29,0.09,0.24,0.1,n/n,n/n,1
at46,13,22-23,NA,L8,2022-02-19 03:39:07+00:00,2022-02-19 04:30:00+00:00,2022-02-20 04:00:00+00:00,40.1334,-70.7831,7.29,9.22,3,8.74,2.49,65%,>0&<10,2.03,0.6,1.43,0.29,0.71,0.98,0.17,-1.23,0.91,0,0,n/n,n/n,1
at46,13,22-23,NA,L8,2022-02-19 03:39:07+00:00,2022-02-19 04:30:00+00:00,2022-02-20 04:00:00+00:00,40.1334,-70.7831,7.29,9.22,3,8.74,2.49,65%,>0&<200,2.03,0.6,1.43,0.29,0.71,0.98,0.17,-0.01,0.15,0,0,n/n,n/n,1
at46,13,22-23,NA,L8,2022-02-19 03:39:07+00:00,2022-02-19 04:30:00+00:00,2022-02-20 04:00:00+00:00,40.1334,-70.7831,7.29,9.22,3,8.74,2.49,65%,>10&<200,2.03,0.6,1.43,0.29,0.71,0.98,0.17,0.36,0.06,0.18,0.06,n/n,n/n,1
at46,7,11-12,NA,L11,2022-02-17 22:10:38+00:00,2022-02-17 23:44:00+00:00,2022-02-19 00:00:00+00:00,39.7727,-70.8805,45.7,14.35,3,11.49,0.97,1%,>0&<10,1,0.35,0.65,0.35,0.65,1.01,0.17,0.64,0.58,0.78,0.34,n/n,n/n,1
at46,7,11-12,NA,L11,2022-02-17 22:10:38+00:00,2022-02-17 23:44:00+00:00,2022-02-19 00:00:00+00:00,39.7727,-70.8805,45.7,14.35,3,11.49,0.97,1%,>0&<200,1,0.35,0.65,0.35,0.65,1.01,0.17,0.46,0.18,0.35,0.14,n/n,n/n,1
at46,7,11-12,NA,L11,2022-02-17 22:10:38+00:00,2022-02-17 23:44:00+00:00,2022-02-19 00:00:00+00:00,39.7727,-70.8805,45.7,14.35,3,11.49,0.97,1%,>10&<200,1,0.35,0.65,0.35,0.65,1.01,0.17,0.3,0.23,0,0,n/n,n/n,1
at46,7,16-17,NA,L11,2022-02-17 22:15:15+00:00,2022-02-17 23:44:00+00:00,2022-02-19 00:00:00+00:00,39.7726,-70.8803,20.82,14.18,3,11.49,0.97,15%,>0&<10,1.03,0.43,0.6,0.42,0.58,1.01,0.19,-0.24,0.49,0,0,n/n,n/n,1
at46,7,16-17,NA,L11,2022-02-17 22:15:15+00:00,2022-02-17 23:44:00+00:00,2022-02-19 00:00:00+00:00,39.7726,-70.8803,20.82,14.18,3,11.49,0.97,15%,>0&<200,1.03,0.43,0.6,0.42,0.58,1.01,0.19,0.15,0.14,0,0,n/n,n/n,1
at46,7,16-17,NA,L11,2022-02-17 22:15:15+00:00,2022-02-17 23:44:00+00:00,2022-02-19 00:00:00+00:00,39.7726,-70.8803,20.82,14.18,3,11.49,0.97,15%,>10&<200,1.03,0.43,0.6,0.42,0.58,1.01,0.19,0.31,0.1,0,0,n/n,n/n,1
at46,7,22-23,NA,L11,2022-02-17 22:19:22+00:00,2022-02-17 23:44:00+00:00,2022-02-19 00:00:00+00:00,39.7726,-70.8802,3.7,14.17,3,11.49,0.97,65%,>0&<10,1.15,0.52,0.63,0.45,0.55,1.01,0.19,0.1,0.46,0.61,0.24,n/n,n/n,1
at46,7,22-23,NA,L11,2022-02-17 22:19:22+00:00,2022-02-17 23:44:00+00:00,2022-02-19 00:00:00+00:00,39.7726,-70.8802,3.7,14.17,3,11.49,0.97,65%,>0&<200,1.15,0.52,0.63,0.45,0.55,1.01,0.19,0.49,0.16,0.5,0.09,n/n,n/n,1
at46,7,22-23,NA,L11,2022-02-17 22:19:22+00:00,2022-02-17 23:44:00+00:00,2022-02-19 00:00:00+00:00,39.7726,-70.8802,3.7,14.17,3,11.49,0.97,65%,>10&<200,1.15,0.52,0.63,0.45,0.55,1.01,0.19,0.86,0.13,0.62,0.07,n/n,n/n,1
ar66b,1,10-11-12-13,NA,L2,2022-04-20 14:33:53+00:00,2022-04-20 19:35:00+00:00,2022-04-21 18:30:00+00:00,41.0307,-70.8825,3.25,7.39,1,10.51,3.32,65%,>0&<10,1.59,0.85,0.73,0.54,0.46,0.95,0.19,-0.33,0.2,0,0,n/n,n/n,1
ar66b,1,10-11-12-13,NA,L2,2022-04-20 14:33:53+00:00,2022-04-20 19:35:00+00:00,2022-04-21 18:30:00+00:00,41.0307,-70.8825,3.25,7.39,1,10.51,3.32,65%,>0&<200,1.59,0.85,0.73,0.54,0.46,0.95,0.19,0.15,0.16,0.16,0.05,n/n,n/n,1
ar66b,1,10-11-12-13,NA,L2,2022-04-20 14:33:53+00:00,2022-04-20 19:35:00+00:00,2022-04-21 18:30:00+00:00,41.0307,-70.8825,3.25,7.39,1,10.51,3.32,65%,>10&<200,1.59,0.85,0.73,0.54,0.46,0.95,0.19,0.66,0.14,0.45,0.04,n/n,n/n,1
ar66b,3,14-15-16,NA,L4,2022-04-20 19:36:27+00:00,2022-04-21 01:20:00+00:00,2022-04-22 01:30:00+00:00,40.6967,-70.8823,4.47,7.52,1,12.87,4.66,65%,>0&<10,1.94,1.37,0.57,0.71,0.29,1.01,0.29,-0.73,0.39,0.18,0.16,n/n,n/n,3
ar66b,3,14-15-16,NA,L4,2022-04-20 19:36:27+00:00,2022-04-21 01:20:00+00:00,2022-04-22 01:30:00+00:00,40.6967,-70.8823,4.47,7.52,1,12.87,4.66,65%,>0&<200,1.94,1.37,0.57,0.71,0.29,1.01,0.29,-0.35,0.06,NaN,NaN,n/n,n/n,3
ar66b,3,14-15-16,NA,L4,2022-04-20 19:36:27+00:00,2022-04-21 01:20:00+00:00,2022-04-22 01:30:00+00:00,40.6967,-70.8823,4.47,7.52,1,12.87,4.66,65%,>10&<200,1.94,1.37,0.57,0.71,0.29,1.01,0.29,0.13,0.11,0.08,0.06,n/n,n/n,3
ar66b,22,16-17-18,NA,L6,2022-04-25 21:28:08+00:00,2022-04-26 03:35:00+00:00,2022-04-27 03:35:00+00:00,40.3617,-70.876,3.03,8.4,2,11.85,2.16,65%,>0&<10,2.77,2.14,0.63,0.77,0.23,1,0.17,-0.06,0.05,0.21,0.06,n/n,n/n,1
ar66b,22,16-17-18,NA,L6,2022-04-25 21:28:08+00:00,2022-04-26 03:35:00+00:00,2022-04-27 03:35:00+00:00,40.3617,-70.876,3.03,8.4,2,11.85,2.16,65%,>0&<200,2.77,2.14,0.63,0.77,0.23,1,0.17,-0.04,0.04,0.15,0.04,n/n,n/n,1
ar66b,22,16-17-18,NA,L6,2022-04-25 21:28:08+00:00,2022-04-26 03:35:00+00:00,2022-04-27 03:35:00+00:00,40.3617,-70.876,3.03,8.4,2,11.85,2.16,65%,>10&<200,2.77,2.14,0.63,0.77,0.23,1,0.17,0.1,0.12,0,0,n/n,n/n,1
ar66b,19,22-23-24,NA,L7,2022-04-24 14:37:48+00:00,2022-04-24 21:10:00+00:00,2022-04-25 21:15:00+00:00,40.2265,-70.8832,3.11,8.87,2,10.43,1.75,65%,>0&<10,3.2,2.02,1.18,0.63,0.37,1,0.21,-0.38,0.1,0,0,-0.19,0.05,1
ar66b,19,22-23-24,NA,L7,2022-04-24 14:37:48+00:00,2022-04-24 21:10:00+00:00,2022-04-25 21:15:00+00:00,40.2265,-70.8832,3.11,8.87,2,10.43,1.75,65%,>0&<200,3.2,2.02,1.18,0.63,0.37,1,0.21,-0.21,0.05,0,0,-0.04,0.04,1
ar66b,19,22-23-24,NA,L7,2022-04-24 14:37:48+00:00,2022-04-24 21:10:00+00:00,2022-04-25 21:15:00+00:00,40.2265,-70.8832,3.11,8.87,2,10.43,1.75,65%,>10&<200,3.2,2.02,1.18,0.63,0.37,1,0.21,0.04,0.14,0,0,0.25,0.05,1
ar66b,20,20-21-22,NA,L8,2022-04-24 22:26:39+00:00,2022-04-25 04:35:00+00:00,2022-04-26 04:35:00+00:00,40.134,-70.77,2.91,8.86,2,10.49,1.68,65%,>0&<10,5.62,1.99,3.63,0.35,0.65,1,0.19,-0.62,0.01,0,0,-0.06,0.17,1
ar66b,20,20-21-22,NA,L8,2022-04-24 22:26:39+00:00,2022-04-25 04:35:00+00:00,2022-04-26 04:35:00+00:00,40.134,-70.77,2.91,8.86,2,10.49,1.68,65%,>0&<200,5.62,1.99,3.63,0.35,0.65,1,0.19,-0.33,0.08,NaN,NaN,0.01,0.02,1
ar66b,20,20-21-22,NA,L8,2022-04-24 22:26:39+00:00,2022-04-25 04:35:00+00:00,2022-04-26 04:35:00+00:00,40.134,-70.77,2.91,8.86,2,10.49,1.68,65%,>10&<200,5.62,1.99,3.63,0.35,0.65,1,0.19,-0.23,0.06,0,0,0.05,0.07,1
ar66b,15,22-23-24,NA,L9,2022-04-23 15:37:42+00:00,2022-04-23 22:40:00+00:00,2022-04-24 22:40:00+00:00,40.0982,-70.8847,4.25,9.36,2,10.77,0.61,65%,>0&<10,3.8,1.7,2.1,0.45,0.55,1,0.17,-0.22,0,0,0,-0.06,0.14,1
ar66b,15,22-23-24,NA,L9,2022-04-23 15:37:42+00:00,2022-04-23 22:40:00+00:00,2022-04-24 22:40:00+00:00,40.0982,-70.8847,4.25,9.36,2,10.77,0.61,65%,>0&<200,3.8,1.7,2.1,0.45,0.55,1,0.17,-0.14,0.03,0,0,0.21,0.03,1
ar66b,15,22-23-24,NA,L9,2022-04-23 15:37:42+00:00,2022-04-23 22:40:00+00:00,2022-04-24 22:40:00+00:00,40.0982,-70.8847,4.25,9.36,2,10.77,0.61,65%,>10&<200,3.8,1.7,2.1,0.45,0.55,1,0.17,0.04,0.09,0.11,0.04,0.48,0.07,1
ar66b,6,22-23-24,NA,L10,2022-04-21 15:43:27+00:00,2022-04-21 22:00:00+00:00,2022-04-22 22:00:00+00:00,39.9398,-70.8815,4.28,16.48,2,16.61,1.56,65%,>0&<10,1.28,0.67,0.61,0.52,0.48,1,0.23,0.3,0.03,0.6,0.16,0.63,0.2,1
ar66b,6,22-23-24,NA,L10,2022-04-21 15:43:27+00:00,2022-04-21 22:00:00+00:00,2022-04-22 22:00:00+00:00,39.9398,-70.8815,4.28,16.48,2,16.61,1.56,65%,>0&<200,1.28,0.67,0.61,0.52,0.48,1,0.23,0.01,0.07,0,0,0.28,0.08,1
ar66b,6,22-23-24,NA,L10,2022-04-21 15:43:27+00:00,2022-04-21 22:00:00+00:00,2022-04-22 22:00:00+00:00,39.9398,-70.8815,4.28,16.48,2,16.61,1.56,65%,>10&<200,1.28,0.67,0.61,0.52,0.48,1,0.23,0.39,0.05,NaN,NaN,0.51,0.09,1
ar66b,8,21-22-23,NA,L11,2022-04-22 02:29:01+00:00,2022-04-22 08:45:00+00:00,2022-04-23 08:30:00+00:00,39.7733,-70.882,3.85,15.2,1,14.14,3.45,65%,>0&<10,2.67,0.98,1.69,0.37,0.63,0.99,0.18,-0.37,0.63,0,0,n/n,n/n,1
ar66b,8,21-22-23,NA,L11,2022-04-22 02:29:01+00:00,2022-04-22 08:45:00+00:00,2022-04-23 08:30:00+00:00,39.7733,-70.882,3.85,15.2,1,14.14,3.45,65%,>0&<200,2.67,0.98,1.69,0.37,0.63,0.99,0.18,0.47,0.07,NaN,NaN,n/n,n/n,1
ar66b,8,21-22-23,NA,L11,2022-04-22 02:29:01+00:00,2022-04-22 08:45:00+00:00,2022-04-23 08:30:00+00:00,39.7733,-70.882,3.85,15.2,1,14.14,3.45,65%,>10&<200,2.67,0.98,1.69,0.37,0.63,0.99,0.18,0.76,0.07,NaN,NaN,n/n,n/n,1
en687,1,19-20-21-22,NA,L1,2022-07-29 19:27:30+00:00,2022-07-29 20:15:00+00:00,2022-07-30 20:31:00+00:00,41.1896,-70.8743,3.14,22.44,3,24.52,1.89,65%,>0&<200,0.9,0.79,0.12,0.87,0.13,1.01,0.2,0.4,0.22,0,0,1.1,0.17,1
en687,2,19-20-21-22,NA,L2,2022-07-30 03:09:43+00:00,2022-07-30 03:50:00+00:00,2022-07-31 04:21:00+00:00,41.0262,-70.8826,2.81,21.85,3,25.4,1.8,65%,>0&<200,0.46,0.39,0.07,0.84,0.16,1.02,0.27,0.91,0.06,0,0,1.13,0.08,1
en687,5,22-23-24,NA,L4,2022-07-30 11:58:14+00:00,2022-07-30 13:05:00+00:00,2022-07-31 13:25:00+00:00,40.7034,-70.8854,2.91,23.07,3,26.33,1.17,65%,>0&<200,0.66,0.56,0.09,0.86,0.14,1.01,0.15,0.15,0.05,0,0,0.61,0.06,1
en687,5,10-11-12,NA,L4,2022-07-30 11:53:21+00:00,2022-07-30 13:05:00+00:00,2022-07-31 13:25:00+00:00,40.7024,-70.885,30.3,17.06,2,17.9,0.79,1%,>0&<10,1.8,1.37,0.43,0.76,0.24,1.01,0.26,-0.11,0.16,0,0,n/n,n/n,1
en687,5,10-11-12,NA,L4,2022-07-30 11:53:21+00:00,2022-07-30 13:05:00+00:00,2022-07-31 13:25:00+00:00,40.7024,-70.885,30.3,17.06,2,17.9,0.79,1%,>0&<200,1.8,1.37,0.43,0.76,0.24,1.01,0.26,-0.19,0.11,0,0,-0,0.13,1
en687,5,10-11-12,NA,L4,2022-07-30 11:53:21+00:00,2022-07-30 13:05:00+00:00,2022-07-31 13:25:00+00:00,40.7024,-70.885,30.3,17.06,2,17.9,0.79,1%,>10&<200,1.8,1.37,0.43,0.76,0.24,1.01,0.26,-0.13,0.28,NaN,NaN,0.18,0.06,1
en687,18,13-14,NA,L6,2022-08-02 03:41:47+00:00,2022-08-02 04:55:00+00:00,2022-08-03 04:40:00+00:00,40.3591,-70.8784,18.91,21.32,2,17.81,0.51,15%,>0&<200,0.73,0.69,0.04,0.95,0.05,0.99,0.15,0.53,0.05,0.14,0.03,0.74,0.05,1
en687,18,23-24,NA,L6,2022-08-02 03:47:49+00:00,2022-08-02 04:55:00+00:00,2022-08-03 04:40:00+00:00,40.3586,-70.8769,3.25,24.77,3,26.04,2.23,65%,>0&<200,0.21,0.19,0.02,0.91,0.09,0.99,0.23,0.41,0.1,0.16,0.05,1.44,0.07,1
en687,16,22-23,NA,L8,2022-08-01 13:47:42+00:00,2022-08-01 14:40:00+00:00,2022-08-02 14:55:00+00:00,40.1452,-70.7738,2.83,25.35,3,25.85,1.42,65%,>0&<200,0.29,0.24,0.05,0.82,0.18,1.01,0.23,0.64,0.03,0.39,0.03,1.14,0.04,1
en687,16,16-17,NA,L8,2022-08-01 13:44:56+00:00,2022-08-01 14:40:00+00:00,2022-08-02 14:55:00+00:00,40.1449,-70.7736,19.29,20.84,2,17.7,0.41,15%,>0&<200,0.75,0.64,0.1,0.86,0.14,1.01,0.21,0.36,0.04,0.2,0.05,0.49,0.05,1
en687,7,10-11,NA,L10,2022-07-31 06:55:22+00:00,2022-07-31 08:05:00+00:00,2022-08-01 08:10:00+00:00,39.9184,-70.8973,31.29,14.31,1,14.84,0.7,10%,>0&<200,2.62,2.39,0.23,0.91,0.09,1,0.17,0.01,0.06,0,0,0.16,0.14,1
en687,7,21-22,NA,L10,2022-07-31 07:01:51+00:00,2022-07-31 08:05:00+00:00,2022-08-01 08:10:00+00:00,39.9177,-70.8998,3.15,25.24,3,27.36,2.04,65%,>0&<200,0.14,0.11,0.03,0.8,0.2,1,0.4,0.82,0.11,NaN,NaN,1.24,0.05,1
en687,10,22-23,NA,L11,2022-07-31 16:31:21+00:00,2022-07-31 17:30:00+00:00,2022-08-01 17:40:00+00:00,39.7832,-70.8929,2.75,26.96,3,26.47,1.98,65%,>0&<200,0.13,0.1,0.03,0.81,0.19,1.01,0.25,0.89,0.17,0,0,1.14,0.1,1
en687,10,16-17,NA,L11,2022-07-31 16:27:05+00:00,2022-07-31 17:30:00+00:00,2022-08-01 17:40:00+00:00,39.7823,-70.8922,22.94,20.69,2,17.6,0.39,15%,>0&<200,0.56,0.48,0.08,0.86,0.14,1.01,0.18,0.62,0.24,0.2,0.08,n/n,n/n,1
