cruise,cast,niskin,niskin_other_method,nearest_station,distance,date_time_utc_sampling,date_time_utc_start,date_time_utc_end,latitude,longitude,depth,temperature_sampling,incubation_tank,temperature_incubation_avg,temperature_incubation_std,light_level_HL,light_level_LL,Chla,Chlad10,Chlau10,Chlad10per,Chlau10per,duration_incubation,dilution,k_dil_HL,k_wsw_NoN_HL,k_wsw_N_HL,k_dil_LL,k_wsw_NoN_LL,k_wsw_N_LL,k_dil_HL_u10,k_wsw_NoN_HL_u10,k_wsw_N_HL_u10,k_dil_LL_u10,k_wsw_NoN_LL_u10,k_wsw_N_LL_u10,k_dil_HL_d10,k_wsw_NoN_HL_d10,k_wsw_N_HL_d10,k_dil_LL_d10,k_wsw_NoN_LL_d10,k_wsw_N_LL_d10,k_dil_HL_d10_sf,k_wsw_NoN_HL_d10_sf,k_wsw_N_HL_d10_sf,k_dil_LL_d10_sf,k_wsw_NoN_LL_d10_sf,k_wsw_N_LL_d10_sf,k_dil_HL_no_mesh,k_wsw_NoN_HL_no_mesh,k_wsw_N_HL_no_mesh,k_dil_LL_no_mesh,k_wsw_NoN_LL_no_mesh,k_wsw_N_LL_no_mesh
ar66,1',10-11-12-13',NA,,NaN,,2022-04-20 19:35:00+00:00,2022-04-21 18:30:00+00:00,NaN,NaN,NaN,NaN,NaN,NaN,NaN,65%,NA,1.64345961749444,0.911038042994816,0.732421574499629,0.554341605535613,0.445658394464387,0.954861111124046,0.178892877581811,0.0458841696272589,-0.102885074960076,-0.0717932703069247,NaN,NaN,NaN,0.563796508778658,0.177435742815299,0.16183943480926,NaN,NaN,NaN,-0.355798796756842,-0.47612853438213,-0.528387272693434,NaN,NaN,NaN,NaN,NaN,NaN,NaN,NaN,NaN,NaN,NaN,NaN,NaN,NaN,NaN
ar66,1',10-11-12-13',NA,,NaN,,2022-04-20 19:35:00+00:00,2022-04-21 18:30:00+00:00,NaN,NaN,NaN,NaN,NaN,NaN,NaN,65%,NA,1.64345961749444,0.911038042994816,0.732421574499629,0.554341605535613,0.445658394464387,0.954861111124046,0.178892877581811,0.0717973941741021,-0.182474906947873,-0.148966979745598,NaN,NaN,NaN,0.473753201564867,0.185147653416701,0.0970222958959538,NaN,NaN,NaN,-0.199460766808615,-0.487808276933741,-0.435004116198334,NaN,NaN,NaN,NaN,NaN,NaN,NaN,NaN,NaN,NaN,NaN,NaN,NaN,NaN,NaN
ar66,1',10-11-12-13',NA,,NaN,,2022-04-20 19:35:00+00:00,2022-04-21 18:30:00+00:00,NaN,NaN,NaN,NaN,NaN,NaN,NaN,65%,NA,1.64345961749444,0.911038042994816,0.732421574499629,0.554341605535613,0.445658394464387,0.954861111124046,0.178892877581811,NaN,-0.13958695530888,-0.11649799705008,NaN,NaN,NaN,0.584418579005184,0.138000634811355,0.0189608883163122,NaN,NaN,NaN,-0.397309731610411,-0.419607297753281,-0.339030741799842,NaN,NaN,NaN,NaN,NaN,NaN,NaN,NaN,NaN,NaN,NaN,NaN,NaN,NaN,NaN
ar66,1',10-11-12-13',NA,,NaN,,2022-04-20 19:35:00+00:00,2022-04-21 18:30:00+00:00,NaN,NaN,NaN,NaN,NaN,NaN,NaN,65%,NA,1.64345961749444,0.911038042994816,0.732421574499629,0.554341605535613,0.445658394464387,0.954861111124046,0.178892877581811,0.00804022990848938,-0.148966979745598,-0.13958695530888,NaN,NaN,NaN,0.56676749723148,0.146007346037609,0.177435742815299,NaN,NaN,NaN,-0.361629140150756,-0.430670140701333,-0.553094721496169,NaN,NaN,NaN,NaN,NaN,NaN,NaN,NaN,NaN,NaN,NaN,NaN,NaN,NaN,NaN
ar66,1',10-11-12-13',NA,,NaN,,2022-04-20 19:35:00+00:00,2022-04-21 18:30:00+00:00,NaN,NaN,NaN,NaN,NaN,NaN,NaN,65%,NA,1.64345961749444,0.911038042994816,0.732421574499629,0.554341605535613,0.445658394464387,0.954861111124046,0.178892877581811,0.16947803277994,-0.197170275203672,-0.232283281999871,NaN,NaN,NaN,NaN,0.0886306426052212,0.0279273191773754,NaN,NaN,NaN,NaN,-0.355577481593404,-0.349270317717628,NaN,NaN,NaN,NaN,NaN,NaN,NaN,NaN,NaN,NaN,NaN,NaN,NaN,NaN,NaN
ar66,1',10-11-12-13',NA,,NaN,,2022-04-20 19:35:00+00:00,2022-04-21 18:30:00+00:00,NaN,NaN,NaN,NaN,NaN,NaN,NaN,65%,NA,1.64345961749444,0.911038042994816,0.732421574499629,0.554341605535613,0.445658394464387,0.954861111124046,0.178892877581811,0.329527063763409,-0.041597978157865,-0.121075245277272,NaN,NaN,NaN,0.702896228595049,0.097022295895955,0.153953307731691,NaN,NaN,NaN,-0.696325312704048,-0.365980938607794,-0.516248753614712,NaN,NaN,NaN,NaN,NaN,NaN,NaN,NaN,NaN,NaN,NaN,NaN,NaN,NaN,NaN
ar66,1',10-11-12-13',NA,,NaN,,2022-04-20 19:35:00+00:00,2022-04-21 18:30:00+00:00,NaN,NaN,NaN,NaN,NaN,NaN,NaN,65%,NA,1.64345961749444,0.911038042994816,0.732421574499629,0.554341605535613,0.445658394464387,0.954861111124046,0.178892877581811,0.0739281634284826,NaN,-0.1873504871098,NaN,NaN,NaN,NaN,NaN,-0.115365858341166,NaN,NaN,NaN,NaN,NaN,-0.205290209405351,NaN,NaN,NaN,NaN,NaN,NaN,NaN,NaN,NaN,NaN,NaN,NaN,NaN,NaN,NaN
ar66,1',10-11-12-13',NA,,NaN,,2022-04-20 19:35:00+00:00,2022-04-21 18:30:00+00:00,NaN,NaN,NaN,NaN,NaN,NaN,NaN,65%,NA,1.64345961749444,0.911038042994816,0.732421574499629,0.554341605535613,0.445658394464387,0.954861111124046,0.178892877581811,0.205759111848634,NaN,-0.284579354759047,NaN,NaN,NaN,0.396391323794503,NaN,0.121801197711021,NaN,NaN,NaN,-0.0901842875905585,NaN,-0.469054513012255,NaN,NaN,NaN,NaN,NaN,NaN,NaN,NaN,NaN,NaN,NaN,NaN,NaN,NaN,NaN
ar66,1',10-11-12-13',NA,,NaN,,2022-04-20 19:35:00+00:00,2022-04-21 18:30:00+00:00,NaN,NaN,NaN,NaN,NaN,NaN,NaN,65%,NA,1.64345961749444,0.911038042994816,0.732421574499629,0.554341605535613,0.445658394464387,0.954861111124046,0.178892877581811,0.295631783994467,NaN,-0.192248871752063,NaN,NaN,NaN,0.460702905251989,NaN,0.0630445314084834,NaN,NaN,NaN,-0.179618416428998,NaN,-0.39126014925939,NaN,NaN,NaN,NaN,NaN,NaN,NaN,NaN,NaN,NaN,NaN,NaN,NaN,NaN,NaN
ar66,15',22-23-24',NA,,NaN,,2022-04-23 22:40:00+00:00,2022-04-24 22:40:00+00:00,NaN,NaN,NaN,NaN,NaN,NaN,NaN,65%,NA,3.80158518902891,1.70151638250556,2.10006880652335,0.447580758525682,0.552419241474318,1,0.167252382692794,0.192107107216673,-0.117400050723388,0.235387997786674,NaN,NaN,NaN,NaN,-0.0739161624283803,0.304725180020613,NaN,NaN,NaN,NaN,-0.239450411508262,0.0837081887718834,NaN,NaN,NaN,NaN,NaN,NaN,NaN,NaN,NaN,NaN,NaN,NaN,NaN,NaN,NaN
ar66,15',22-23-24',NA,,NaN,,2022-04-23 22:40:00+00:00,2022-04-24 22:40:00+00:00,NaN,NaN,NaN,NaN,NaN,NaN,NaN,65%,NA,3.80158518902891,1.70151638250556,2.10006880652335,0.447580758525682,0.552419241474318,1,0.167252382692794,0.208615942737945,-0.123107285847765,0.202871416307467,NaN,NaN,NaN,0.462007758381858,0.0350053241969909,0.378487327600457,NaN,NaN,NaN,-0.21453870412069,-0.422889911403553,-0.0416860611856973,NaN,NaN,NaN,NaN,NaN,NaN,NaN,NaN,NaN,NaN,NaN,NaN,NaN,NaN,NaN
ar66,15',22-23-24',NA,,NaN,,2022-04-23 22:40:00+00:00,2022-04-24 22:40:00+00:00,NaN,NaN,NaN,NaN,NaN,NaN,NaN,65%,NA,3.80158518902891,1.70151638250556,2.10006880652335,0.447580758525682,0.552419241474318,1,0.167252382692794,0.200395592296729,-0.175993397320265,0.162115406894681,NaN,NaN,NaN,0.451481345394871,-0.0739161624283803,NaN,NaN,NaN,NaN,-0.19005508730638,-0.239450411508262,NaN,NaN,NaN,NaN,NaN,NaN,NaN,NaN,NaN,NaN,NaN,NaN,NaN,NaN,NaN,NaN
ar66,15',22-23-24',NA,,NaN,,2022-04-23 22:40:00+00:00,2022-04-24 22:40:00+00:00,NaN,NaN,NaN,NaN,NaN,NaN,NaN,65%,NA,3.80158518902891,1.70151638250556,2.10006880652335,0.447580758525682,0.552419241474318,1,0.167252382692794,0.232879162911978,-0.184071801346346,0.221967679613154,NaN,NaN,NaN,0.574151498587789,-0.17776176134504,0.342286206486631,NaN,NaN,NaN,-0.544301552962383,-0.105220938576154,0.0229752421977203,NaN,NaN,NaN,NaN,NaN,NaN,NaN,NaN,NaN,NaN,NaN,NaN,NaN,NaN,NaN
ar66,15',22-23-24',NA,,NaN,,2022-04-23 22:40:00+00:00,2022-04-24 22:40:00+00:00,NaN,NaN,NaN,NaN,NaN,NaN,NaN,65%,NA,3.80158518902891,1.70151638250556,2.10006880652335,0.447580758525682,0.552419241474318,1,0.167252382692794,0.224856656988371,-0.134620413116122,0.228700351648454,NaN,NaN,NaN,0.356582603572075,NaN,0.24917462717913,NaN,NaN,NaN,-0.00197726213701801,NaN,0.163617572000186,NaN,NaN,NaN,NaN,NaN,NaN,NaN,NaN,NaN,NaN,NaN,NaN,NaN,NaN,NaN
ar66,15',22-23-24',NA,,NaN,,2022-04-23 22:40:00+00:00,2022-04-24 22:40:00+00:00,NaN,NaN,NaN,NaN,NaN,NaN,NaN,65%,NA,3.80158518902891,1.70151638250556,2.10006880652335,0.447580758525682,0.552419241474318,1,0.167252382692794,0.183749348578945,-0.134620413116122,0.169261867667843,NaN,NaN,NaN,0.443216835544978,NaN,0.390957612862444,NaN,NaN,NaN,-0.171418251489017,NaN,-0.0655440516395883,NaN,NaN,NaN,NaN,NaN,NaN,NaN,NaN,NaN,NaN,NaN,NaN,NaN,NaN,NaN
ar66,15',22-23-24',NA,,NaN,,2022-04-23 22:40:00+00:00,2022-04-24 22:40:00+00:00,NaN,NaN,NaN,NaN,NaN,NaN,NaN,65%,NA,3.80158518902891,1.70151638250556,2.10006880652335,0.447580758525682,0.552419241474318,1,0.167252382692794,0.232879162911978,NaN,0.217906210549481,NaN,NaN,NaN,NaN,NaN,0.454960257716503,NaN,NaN,NaN,NaN,NaN,-0.203396349733728,NaN,NaN,NaN,NaN,NaN,NaN,NaN,NaN,NaN,NaN,NaN,NaN,NaN,NaN,NaN
ar66,15',22-23-24',NA,,NaN,,2022-04-23 22:40:00+00:00,2022-04-24 22:40:00+00:00,NaN,NaN,NaN,NaN,NaN,NaN,NaN,65%,NA,3.80158518902891,1.70151638250556,2.10006880652335,0.447580758525682,0.552419241474318,1,0.167252382692794,0.232879162911978,NaN,0.252569415614784,NaN,NaN,NaN,0.422856850820033,NaN,0.384741908607313,NaN,NaN,NaN,-0.127552827252188,NaN,-0.0535439076364763,NaN,NaN,NaN,NaN,NaN,NaN,NaN,NaN,NaN,NaN,NaN,NaN,NaN,NaN,NaN
ar66,15',22-23-24',NA,,NaN,,2022-04-23 22:40:00+00:00,2022-04-24 22:40:00+00:00,NaN,NaN,NaN,NaN,NaN,NaN,NaN,65%,NA,3.80158518902891,1.70151638250556,2.10006880652335,0.447580758525682,0.552419241474318,1,0.167252382692794,0.175321148667112,NaN,NaN,NaN,NaN,NaN,0.488415722366406,NaN,0.42746171664425,NaN,NaN,NaN,-0.279975221155172,NaN,-0.140736034739566,NaN,NaN,NaN,NaN,NaN,NaN,NaN,NaN,NaN,NaN,NaN,NaN,NaN,NaN,NaN
ar66,19',22-23-24',NA,,NaN,,2022-04-24 21:10:00+00:00,2022-04-25 21:15:00+00:00,NaN,NaN,NaN,NaN,NaN,NaN,NaN,65%,NA,3.20315802965159,2.0206575833951,1.18250044625649,0.630832935712164,0.369167064287836,1.00347222213168,0.213210587956583,6.23802314694772e-05,-0.210210267309001,0.025617256843332,NaN,NaN,NaN,0.324540232842244,0.0684280303956852,0.297332289543235,NaN,NaN,NaN,-0.321999723259727,-0.417113932464421,-0.301418312681548,NaN,NaN,NaN,NaN,NaN,NaN,NaN,NaN,NaN,NaN,NaN,NaN,NaN,NaN,NaN
ar66,19',22-23-24',NA,,NaN,,2022-04-24 21:10:00+00:00,2022-04-25 21:15:00+00:00,NaN,NaN,NaN,NaN,NaN,NaN,NaN,65%,NA,3.20315802965159,2.0206575833951,1.18250044625649,0.630832935712164,0.369167064287836,1.00347222213168,0.213210587956583,NaN,-0.279051518918692,-0.030371055168109,NaN,NaN,NaN,0.209204751219442,-0.0839244435384172,0.27707713009029,NaN,NaN,NaN,-0.183828037952289,-0.290877109999155,-0.280246716552456,NaN,NaN,NaN,NaN,NaN,NaN,NaN,NaN,NaN,NaN,NaN,NaN,NaN,NaN,NaN
ar66,19',22-23-24',NA,,NaN,,2022-04-24 21:10:00+00:00,2022-04-25 21:15:00+00:00,NaN,NaN,NaN,NaN,NaN,NaN,NaN,65%,NA,3.20315802965159,2.0206575833951,1.18250044625649,0.630832935712164,0.369167064287836,1.00347222213168,0.213210587956583,0.0167637778576964,-0.258153731226213,-0.0201396556320347,NaN,NaN,NaN,0.212848077798256,-0.176259801302461,0.239546876893955,NaN,NaN,NaN,-0.187686860944202,-0.229300503384546,-0.243235680142732,NaN,NaN,NaN,NaN,NaN,NaN,NaN,NaN,NaN,NaN,NaN,NaN,NaN,NaN,NaN
ar66,19',22-23-24',NA,,NaN,,2022-04-24 21:10:00+00:00,2022-04-25 21:15:00+00:00,NaN,NaN,NaN,NaN,NaN,NaN,NaN,65%,NA,3.20315802965159,2.0206575833951,1.18250044625649,0.630832935712164,0.369167064287836,1.00347222213168,0.213210587956583,-0.0478551136377719,-0.188280902009044,-0.0448738184772384,NaN,NaN,NaN,NaN,0.14605484397734,0.218069357746282,NaN,NaN,NaN,NaN,-0.497146737208143,-0.223252831996452,NaN,NaN,NaN,NaN,NaN,NaN,NaN,NaN,NaN,NaN,NaN,NaN,NaN,NaN,NaN
ar66,19',22-23-24',NA,,NaN,,2022-04-24 21:10:00+00:00,2022-04-25 21:15:00+00:00,NaN,NaN,NaN,NaN,NaN,NaN,NaN,65%,NA,3.20315802965159,2.0206575833951,1.18250044625649,0.630832935712164,0.369167064287836,1.00347222213168,0.213210587956583,-0.0478551136377719,-0.150448488043091,-0.0221775491909204,NaN,NaN,NaN,NaN,0.12720763948554,0.196118738067305,NaN,NaN,NaN,NaN,-0.476527937005091,-0.203662820235155,NaN,NaN,NaN,NaN,NaN,NaN,NaN,NaN,NaN,NaN,NaN,NaN,NaN,NaN,NaN
ar66,19',22-23-24',NA,,NaN,,2022-04-24 21:10:00+00:00,2022-04-25 21:15:00+00:00,NaN,NaN,NaN,NaN,NaN,NaN,NaN,65%,NA,3.20315802965159,2.0206575833951,1.18250044625649,0.630832935712164,0.369167064287836,1.00347222213168,0.213210587956583,-0.0879203976838897,-0.176303260042169,NaN,NaN,NaN,NaN,NaN,0.155346441021042,0.289279561597502,NaN,NaN,NaN,NaN,-0.50761835502343,-0.2928956235361,NaN,NaN,NaN,NaN,NaN,NaN,NaN,NaN,NaN,NaN,NaN,NaN,NaN,NaN,NaN
ar66,19',22-23-24',NA,,NaN,,2022-04-24 21:10:00+00:00,2022-04-25 21:15:00+00:00,NaN,NaN,NaN,NaN,NaN,NaN,NaN,65%,NA,3.20315802965159,2.0206575833951,1.18250044625649,0.630832935712164,0.369167064287836,1.00347222213168,0.213210587956583,0.0634970772827997,NaN,NaN,NaN,NaN,NaN,0.324540232842244,NaN,0.268858368076965,NaN,NaN,NaN,-0.321999723259727,NaN,-0.271902435088229,NaN,NaN,NaN,NaN,NaN,NaN,NaN,NaN,NaN,NaN,NaN,NaN,NaN,NaN,NaN
ar66,19',22-23-24',NA,,NaN,,2022-04-24 21:10:00+00:00,2022-04-25 21:15:00+00:00,NaN,NaN,NaN,NaN,NaN,NaN,NaN,65%,NA,3.20315802965159,2.0206575833951,1.18250044625649,0.630832935712164,0.369167064287836,1.00347222213168,0.213210587956583,0.05467847371996,NaN,-0.0702375432628502,NaN,NaN,NaN,0.483472781383746,NaN,0.159959952617267,NaN,NaN,NaN,-0.589335460789966,NaN,-0.173098415543333,NaN,NaN,NaN,NaN,NaN,NaN,NaN,NaN,NaN,NaN,NaN,NaN,NaN,NaN,NaN
ar66,19',22-23-24',NA,,NaN,,2022-04-24 21:10:00+00:00,2022-04-25 21:15:00+00:00,NaN,NaN,NaN,NaN,NaN,NaN,NaN,65%,NA,3.20315802965159,2.0206575833951,1.18250044625649,0.630832935712164,0.369167064287836,1.00347222213168,0.213210587956583,0.0277445395355646,NaN,-0.100668271818828,NaN,NaN,NaN,0.19634717990451,NaN,0.272976221883469,NaN,NaN,NaN,-0.170438626267044,NaN,-0.276065842246643,NaN,NaN,NaN,NaN,NaN,NaN,NaN,NaN,NaN,NaN,NaN,NaN,NaN,NaN,NaN
ar66,20',20-21-22',NA,,NaN,,2022-04-25 04:35:00+00:00,2022-04-26 04:35:00+00:00,NaN,NaN,NaN,NaN,NaN,NaN,NaN,65%,NA,5.62473006671609,1.99222772424018,3.63250234247591,0.354190814600871,0.645809185399129,1,0.19356984057613,-0.0346566865437689,-0.386399345725663,0.0335024373241227,NaN,NaN,NaN,NaN,-0.29201663627322,0.109500578827361,NaN,NaN,NaN,NaN,-0.395589143679652,-0.217704151394388,NaN,NaN,NaN,NaN,NaN,NaN,NaN,NaN,NaN,NaN,NaN,NaN,NaN,NaN,NaN
ar66,20',20-21-22',NA,,NaN,,2022-04-25 04:35:00+00:00,2022-04-26 04:35:00+00:00,NaN,NaN,NaN,NaN,NaN,NaN,NaN,65%,NA,5.62473006671609,1.99222772424018,3.63250234247591,0.354190814600871,0.645809185399129,1,0.19356984057613,-0.0225353260114192,-0.427501021411215,-0.00585058888203321,NaN,NaN,NaN,0.114226284290149,-0.287299646395079,0.0870996421381933,NaN,NaN,NaN,-0.327543605876907,-0.405196903734829,-0.163192386884959,NaN,NaN,NaN,NaN,NaN,NaN,NaN,NaN,NaN,NaN,NaN,NaN,NaN,NaN,NaN
ar66,20',20-21-22',NA,,NaN,,2022-04-25 04:35:00+00:00,2022-04-26 04:35:00+00:00,NaN,NaN,NaN,NaN,NaN,NaN,NaN,65%,NA,5.62473006671609,1.99222772424018,3.63250234247591,0.354190814600871,0.645809185399129,1,0.19356984057613,0.00127532268229932,-0.374722816063829,0.0224158492677829,NaN,NaN,NaN,NaN,-0.289655360087541,0.02708163241194,NaN,NaN,NaN,NaN,-0.400381485119956,-0.035308490335695,NaN,NaN,NaN,NaN,NaN,NaN,NaN,NaN,NaN,NaN,NaN,NaN,NaN,NaN,NaN
ar66,20',20-21-22',NA,,NaN,,2022-04-25 04:35:00+00:00,2022-04-26 04:35:00+00:00,NaN,NaN,NaN,NaN,NaN,NaN,NaN,65%,NA,5.62473006671609,1.99222772424018,3.63250234247591,0.354190814600871,0.645809185399129,1,0.19356984057613,NaN,-0.270855952662784,0.00328189468123941,NaN,NaN,NaN,0.104836543940311,-0.171872324431157,-0.0817212274368598,NaN,NaN,NaN,-0.309049023240744,-0.694220717968465,0.14707481581763,NaN,NaN,NaN,NaN,NaN,NaN,NaN,NaN,NaN,NaN,NaN,NaN,NaN,NaN,NaN
ar66,20',20-21-22',NA,,NaN,,2022-04-25 04:35:00+00:00,2022-04-26 04:35:00+00:00,NaN,NaN,NaN,NaN,NaN,NaN,NaN,65%,NA,5.62473006671609,1.99222772424018,3.63250234247591,0.354190814600871,0.645809185399129,1,0.19356984057613,0.00714044213469522,-0.301207296086923,0.0246430216806063,NaN,NaN,NaN,0.14187781562066,-0.188786046873219,0.0592061192157106,NaN,NaN,NaN,-0.385172718713546,-0.643948352715022,-0.100761348086953,NaN,NaN,NaN,NaN,NaN,NaN,NaN,NaN,NaN,NaN,NaN,NaN,NaN,NaN,NaN
ar66,20',20-21-22',NA,,NaN,,2022-04-25 04:35:00+00:00,2022-04-26 04:35:00+00:00,NaN,NaN,NaN,NaN,NaN,NaN,NaN,65%,NA,5.62473006671609,1.99222772424018,3.63250234247591,0.354190814600871,0.645809185399129,1,0.19356984057613,NaN,-0.219861656632972,-0.0150672439869573,NaN,NaN,NaN,NaN,-0.173970961088078,-0.00610918717980547,NaN,NaN,NaN,NaN,-0.687796713007113,0.0261222053999636,NaN,NaN,NaN,NaN,NaN,NaN,NaN,NaN,NaN,NaN,NaN,NaN,NaN,NaN,NaN
ar66,20',20-21-22',NA,,NaN,,2022-04-25 04:35:00+00:00,2022-04-26 04:35:00+00:00,NaN,NaN,NaN,NaN,NaN,NaN,NaN,65%,NA,5.62473006671609,1.99222772424018,3.63250234247591,0.354190814600871,0.645809185399129,1,0.19356984057613,-0.130576808422505,NaN,-0.00814680114238441,NaN,NaN,NaN,0.0161084283316267,NaN,NaN,NaN,NaN,NaN,-0.156395349681079,NaN,NaN,NaN,NaN,NaN,NaN,NaN,NaN,NaN,NaN,NaN,NaN,NaN,NaN,NaN,NaN,NaN
ar66,20',20-21-22',NA,,NaN,,2022-04-25 04:35:00+00:00,2022-04-26 04:35:00+00:00,NaN,NaN,NaN,NaN,NaN,NaN,NaN,65%,NA,5.62473006671609,1.99222772424018,3.63250234247591,0.354190814600871,0.645809185399129,1,0.19356984057613,-0.0975705119543347,NaN,0.0123317302011574,NaN,NaN,NaN,-0.127785751328443,NaN,0.140655746607155,NaN,NaN,NaN,0.0296645292234827,NaN,-0.301124425608154,NaN,NaN,NaN,NaN,NaN,NaN,NaN,NaN,NaN,NaN,NaN,NaN,NaN,NaN,NaN
ar66,20',20-21-22',NA,,NaN,,2022-04-25 04:35:00+00:00,2022-04-26 04:35:00+00:00,NaN,NaN,NaN,NaN,NaN,NaN,NaN,65%,NA,5.62473006671609,1.99222772424018,3.63250234247591,0.354190814600871,0.645809185399129,1,0.19356984057613,-0.123887820271708,NaN,-0.0197076235434594,NaN,NaN,NaN,0.00574564129607901,NaN,0.0789761206167146,NaN,NaN,NaN,-0.140787452015087,NaN,-0.14442228420297,NaN,NaN,NaN,NaN,NaN,NaN,NaN,NaN,NaN,NaN,NaN,NaN,NaN,NaN,NaN
ar66,22',16-17-18',NA,,NaN,,2022-04-26 03:35:00+00:00,2022-04-27 03:35:00+00:00,NaN,NaN,NaN,NaN,NaN,NaN,NaN,65%,NA,2.75010791697554,2.1001756856931,0.649932231282431,0.763670280984027,0.236329719015973,1,0.172748824375267,-0.108515092406343,-0.113163606243548,-0.113163606243548,NaN,NaN,NaN,0.0142487992524881,0.0724468568497661,0.134708548542539,NaN,NaN,NaN,-0.128429340740629,-0.253497835261848,-0.257604617214503,NaN,NaN,NaN,NaN,NaN,NaN,NaN,NaN,NaN,NaN,NaN,NaN,NaN,NaN,NaN
ar66,22',16-17-18',NA,,NaN,,2022-04-26 03:35:00+00:00,2022-04-27 03:35:00+00:00,NaN,NaN,NaN,NaN,NaN,NaN,NaN,65%,NA,2.75010791697554,2.1001756856931,0.649932231282431,0.763670280984027,0.236329719015973,1,0.172748824375267,-0.139068144863104,-0.131611153485605,-0.180671991178205,NaN,NaN,NaN,0.0667428097252038,0.201419394800208,0.143294871847722,NaN,NaN,NaN,-0.154950232120595,-0.314327396109639,-0.261563058800931,NaN,NaN,NaN,NaN,NaN,NaN,NaN,NaN,NaN,NaN,NaN,NaN,NaN,NaN,NaN
ar66,22',16-17-18',NA,,NaN,,2022-04-26 03:35:00+00:00,2022-04-27 03:35:00+00:00,NaN,NaN,NaN,NaN,NaN,NaN,NaN,65%,NA,2.75010791697554,2.1001756856931,0.649932231282431,0.763670280984027,0.236329719015973,1,0.172748824375267,-0.131341922391204,-0.186274796024339,-0.128954862494438,NaN,NaN,NaN,0.164123563934301,0.0445289780105296,-0.0238136206253107,NaN,NaN,NaN,-0.210200185639921,-0.2417636719402,-0.192603240248256,NaN,NaN,NaN,NaN,NaN,NaN,NaN,NaN,NaN,NaN,NaN,NaN,NaN,NaN,NaN
ar66,22',16-17-18',NA,,NaN,,2022-04-26 03:35:00+00:00,2022-04-27 03:35:00+00:00,NaN,NaN,NaN,NaN,NaN,NaN,NaN,65%,NA,2.75010791697554,2.1001756856931,0.649932231282431,0.763670280984027,0.236329719015973,1,0.172748824375267,0.0118307522209615,-0.172326206712374,-0.131611153485605,NaN,NaN,NaN,NaN,0.0632272276287873,0.201419394800208,NaN,NaN,NaN,NaN,-0.249571128645677,-0.289719770558796,NaN,NaN,NaN,NaN,NaN,NaN,NaN,NaN,NaN,NaN,NaN,NaN,NaN,NaN,NaN
ar66,22',16-17-18',NA,,NaN,,2022-04-26 03:35:00+00:00,2022-04-27 03:35:00+00:00,NaN,NaN,NaN,NaN,NaN,NaN,NaN,65%,NA,2.75010791697554,2.1001756856931,0.649932231282431,0.763670280984027,0.236329719015973,1,0.172748824375267,0.0638141305961134,-0.172326206712374,-0.107954786372037,NaN,NaN,NaN,-0.109926733637409,-0.0137597481742122,0.168620160674376,NaN,NaN,NaN,-0.0732722011063254,-0.218700510047719,-0.273533276542347,NaN,NaN,NaN,NaN,NaN,NaN,NaN,NaN,NaN,NaN,NaN,NaN,NaN,NaN,NaN
ar66,22',16-17-18',NA,,NaN,,2022-04-26 03:35:00+00:00,2022-04-27 03:35:00+00:00,NaN,NaN,NaN,NaN,NaN,NaN,NaN,65%,NA,2.75010791697554,2.1001756856931,0.649932231282431,0.763670280984027,0.236329719015973,1,0.172748824375267,-0.077408385274086,-0.22639881479212,-0.15311938248627,NaN,NaN,NaN,NaN,-0.0238136206253107,0.0632272276287859,NaN,NaN,NaN,NaN,-0.214907837991979,-0.226488835198576,NaN,NaN,NaN,NaN,NaN,NaN,NaN,NaN,NaN,NaN,NaN,NaN,NaN,NaN,NaN
ar66,22',16-17-18',NA,,NaN,,2022-04-26 03:35:00+00:00,2022-04-27 03:35:00+00:00,NaN,NaN,NaN,NaN,NaN,NaN,NaN,65%,NA,2.75010791697554,2.1001756856931,0.649932231282431,0.763670280984027,0.236329719015973,1,0.172748824375267,NaN,NaN,-0.161305748862677,NaN,NaN,NaN,-0.0998077502546157,NaN,0.168620160674376,NaN,NaN,NaN,-0.0774087116581074,NaN,-0.273533276542347,NaN,NaN,NaN,NaN,NaN,NaN,NaN,NaN,NaN,NaN,NaN,NaN,NaN,NaN,NaN
ar66,22',16-17-18',NA,,NaN,,2022-04-26 03:35:00+00:00,2022-04-27 03:35:00+00:00,NaN,NaN,NaN,NaN,NaN,NaN,NaN,65%,NA,2.75010791697554,2.1001756856931,0.649932231282431,0.763670280984027,0.236329719015973,1,0.172748824375267,-0.101020490886818,NaN,NaN,NaN,NaN,NaN,-0.00387995465629366,NaN,0.151808097400668,NaN,NaN,NaN,-0.119743075484668,NaN,-0.265537231940208,NaN,NaN,NaN,NaN,NaN,NaN,NaN,NaN,NaN,NaN,NaN,NaN,NaN,NaN,NaN
ar66,22',16-17-18',NA,,NaN,,2022-04-26 03:35:00+00:00,2022-04-27 03:35:00+00:00,NaN,NaN,NaN,NaN,NaN,NaN,NaN,65%,NA,2.75010791697554,2.1001756856931,0.649932231282431,0.763670280984027,0.236329719015973,1,0.172748824375267,-0.218122432474581,NaN,-0.229327374716875,NaN,NaN,NaN,-0.312124146953362,NaN,0.0539218052503681,NaN,NaN,NaN,-0.00159974438212236,NaN,-0.222666565853222,NaN,NaN,NaN,NaN,NaN,NaN,NaN,NaN,NaN,NaN,NaN,NaN,NaN,NaN,NaN
ar66,3',14-15-16',NA,,NaN,,2022-04-21 01:20:00+00:00,2022-04-22 01:30:00+00:00,NaN,NaN,NaN,NaN,NaN,NaN,NaN,65%,NA,1.94156699777613,1.37296981467754,0.568597183098591,0.707145216338214,0.292854783661786,1.00694444449618,0.315754706594737,-0.510945199239822,-0.276664340726676,-0.37211929639927,NaN,NaN,NaN,0.0102913195382212,NaN,0.178728001350385,NaN,NaN,NaN,-0.707573322226794,NaN,-0.552232213027628,NaN,NaN,NaN,NaN,NaN,NaN,NaN,NaN,NaN,NaN,NaN,NaN,NaN,NaN,NaN
ar66,3',14-15-16',NA,,NaN,,2022-04-21 01:20:00+00:00,2022-04-22 01:30:00+00:00,NaN,NaN,NaN,NaN,NaN,NaN,NaN,65%,NA,1.94156699777613,1.37296981467754,0.568597183098591,0.707145216338214,0.292854783661786,1.00694444449618,0.315754706594737,-0.710425056945999,-0.330081837857032,-0.272339912172632,NaN,NaN,NaN,0.050422171402737,0.0700838800137373,-0.110249948493153,NaN,NaN,NaN,-0.736265883938022,-0.554481598922982,-0.356153397851735,NaN,NaN,NaN,NaN,NaN,NaN,NaN,NaN,NaN,NaN,NaN,NaN,NaN,NaN,NaN
ar66,3',14-15-16',NA,,NaN,,2022-04-21 01:20:00+00:00,2022-04-22 01:30:00+00:00,NaN,NaN,NaN,NaN,NaN,NaN,NaN,65%,NA,1.94156699777613,1.37296981467754,0.568597183098591,0.707145216338214,0.292854783661786,1.00694444449618,0.315754706594737,NaN,-0.272339912172632,-0.526679046383298,NaN,NaN,NaN,0.0621518760482161,-0.0507430684586408,0.0489868901940157,NaN,NaN,NaN,-0.745037832625747,-0.469828365109877,-0.452282780534315,NaN,NaN,NaN,NaN,NaN,NaN,NaN,NaN,NaN,NaN,NaN,NaN,NaN,NaN,NaN
ar66,3',14-15-16',NA,,NaN,,2022-04-21 01:20:00+00:00,2022-04-22 01:30:00+00:00,NaN,NaN,NaN,NaN,NaN,NaN,NaN,65%,NA,1.94156699777613,1.37296981467754,0.568597183098591,0.707145216338214,0.292854783661786,1.00694444449618,0.315754706594737,-0.327422317400674,-0.416015128244735,-0.294152856904313,NaN,NaN,NaN,0.158393568890041,-0.0401905122234811,-0.0285954774337692,NaN,NaN,NaN,-0.824493558730202,-0.47655116704026,-0.402359611612189,NaN,NaN,NaN,NaN,NaN,NaN,NaN,NaN,NaN,NaN,NaN,NaN,NaN,NaN,NaN
ar66,3',14-15-16',NA,,NaN,,2022-04-21 01:20:00+00:00,2022-04-22 01:30:00+00:00,NaN,NaN,NaN,NaN,NaN,NaN,NaN,65%,NA,1.94156699777613,1.37296981467754,0.568597183098591,0.707145216338214,0.292854783661786,1.00694444449618,0.315754706594737,-0.453553671758685,-0.311954874216414,-0.242584961714235,NaN,NaN,NaN,NaN,0.0595914057796869,0.150256769606961,NaN,NaN,NaN,NaN,-0.546407542675204,-0.52825805542318,NaN,NaN,NaN,NaN,NaN,NaN,NaN,NaN,NaN,NaN,NaN,NaN,NaN,NaN,NaN
ar66,3',14-15-16',NA,,NaN,,2022-04-21 01:20:00+00:00,2022-04-22 01:30:00+00:00,NaN,NaN,NaN,NaN,NaN,NaN,NaN,65%,NA,1.94156699777613,1.37296981467754,0.568597183098591,0.707145216338214,0.292854783661786,1.00694444449618,0.315754706594737,-0.40240912816353,-0.367359625422964,-0.276664340726676,NaN,NaN,NaN,0.255768805756109,0.0306951936546518,-0.0343760726151862,NaN,NaN,NaN,-0.921330472795053,-0.524929898940944,-0.398887892778855,NaN,NaN,NaN,NaN,NaN,NaN,NaN,NaN,NaN,NaN,NaN,NaN,NaN,NaN,NaN
ar66,3',14-15-16',NA,,NaN,,2022-04-21 01:20:00+00:00,2022-04-22 01:30:00+00:00,NaN,NaN,NaN,NaN,NaN,NaN,NaN,65%,NA,1.94156699777613,1.37296981467754,0.568597183098591,0.707145216338214,0.292854783661786,1.00694444449618,0.315754706594737,-0.451914886818784,NaN,-0.154482591422579,NaN,NaN,NaN,NaN,NaN,0.0998997840234348,NaN,NaN,NaN,NaN,NaN,-0.488784961928436,NaN,NaN,NaN,NaN,NaN,NaN,NaN,NaN,NaN,NaN,NaN,NaN,NaN,NaN,NaN
ar66,3',14-15-16',NA,,NaN,,2022-04-21 01:20:00+00:00,2022-04-22 01:30:00+00:00,NaN,NaN,NaN,NaN,NaN,NaN,NaN,65%,NA,1.94156699777613,1.37296981467754,0.568597183098591,0.707145216338214,0.292854783661786,1.00694444449618,0.315754706594737,NaN,NaN,-0.234244761965757,NaN,NaN,NaN,NaN,NaN,-0.00805957962664214,NaN,NaN,NaN,NaN,NaN,-0.414959260498563,NaN,NaN,NaN,NaN,NaN,NaN,NaN,NaN,NaN,NaN,NaN,NaN,NaN,NaN,NaN
ar66,3',14-15-16',NA,,NaN,,2022-04-21 01:20:00+00:00,2022-04-22 01:30:00+00:00,NaN,NaN,NaN,NaN,NaN,NaN,NaN,65%,NA,1.94156699777613,1.37296981467754,0.568597183098591,0.707145216338214,0.292854783661786,1.00694444449618,0.315754706594737,-0.497139889899348,NaN,-0.17383063077996,NaN,NaN,NaN,0.242892081456036,NaN,0.0489868901940157,NaN,NaN,NaN,-0.907398933433706,NaN,-0.452282780534315,NaN,NaN,NaN,NaN,NaN,NaN,NaN,NaN,NaN,NaN,NaN,NaN,NaN,NaN,NaN
ar66,6',22-23-24',NA,,NaN,,2022-04-21 22:00:00+00:00,2022-04-22 22:00:00+00:00,NaN,NaN,NaN,NaN,NaN,NaN,NaN,65%,NA,1.27960017197924,0.670773669384729,0.608826502594514,0.52420567304801,0.47579432695199,1,0.231064782332699,0.515182803402548,0.0131436722405545,NaN,NaN,NaN,NaN,0.466794682855648,0.41781740585326,0.535461716393243,NaN,NaN,NaN,0.264214944389852,-0.586258196893422,-0.0478345979237692,NaN,NaN,NaN,NaN,NaN,NaN,NaN,NaN,NaN,NaN,NaN,NaN,NaN,NaN,NaN
ar66,6',22-23-24',NA,,NaN,,2022-04-21 22:00:00+00:00,2022-04-22 22:00:00+00:00,NaN,NaN,NaN,NaN,NaN,NaN,NaN,65%,NA,1.27960017197924,0.670773669384729,0.608826502594514,0.52420567304801,0.47579432695199,1,0.231064782332699,0.502141408343532,0.0278729251742041,NaN,NaN,NaN,NaN,0.405327300624999,0.438411214375281,0.606844134141425,NaN,NaN,NaN,0.341709268906666,-0.639180598347766,-0.176058772539,NaN,NaN,NaN,NaN,NaN,NaN,NaN,NaN,NaN,NaN,NaN,NaN,NaN,NaN,NaN
ar66,6',22-23-24',NA,,NaN,,2022-04-21 22:00:00+00:00,2022-04-22 22:00:00+00:00,NaN,NaN,NaN,NaN,NaN,NaN,NaN,65%,NA,1.27960017197924,0.670773669384729,0.608826502594514,0.52420567304801,0.47579432695199,1,0.231064782332699,0.441254215959749,NaN,0.411693375173313,NaN,NaN,NaN,0.507430034764849,0.410857466844867,0.553790675259395,NaN,NaN,NaN,0.206529750651558,-0.569222009740856,-0.0783824277738547,NaN,NaN,NaN,NaN,NaN,NaN,NaN,NaN,NaN,NaN,NaN,NaN,NaN,NaN,NaN
ar66,6',22-23-24',NA,,NaN,,2022-04-21 22:00:00+00:00,2022-04-22 22:00:00+00:00,NaN,NaN,NaN,NaN,NaN,NaN,NaN,65%,NA,1.27960017197924,0.670773669384729,0.608826502594514,0.52420567304801,0.47579432695199,1,0.231064782332699,0.367446679439952,-0.0220925077720439,0.218139571861114,NaN,NaN,NaN,NaN,0.410857466844867,0.547718273796947,NaN,NaN,NaN,NaN,-0.569222009740856,-0.0680957830635833,NaN,NaN,NaN,NaN,NaN,NaN,NaN,NaN,NaN,NaN,NaN,NaN,NaN,NaN,NaN
ar66,6',22-23-24',NA,,NaN,,2022-04-21 22:00:00+00:00,2022-04-22 22:00:00+00:00,NaN,NaN,NaN,NaN,NaN,NaN,NaN,65%,NA,1.27960017197924,0.670773669384729,0.608826502594514,0.52420567304801,0.47579432695199,1,0.231064782332699,0.315030242667013,0.111963903272197,0.193666533840857,NaN,NaN,NaN,0.507430034764849,0.360732426931649,0.497764075111355,NaN,NaN,NaN,0.206529750651558,-0.457463088687855,0.010596485512082,NaN,NaN,NaN,NaN,NaN,NaN,NaN,NaN,NaN,NaN,NaN,NaN,NaN,NaN,NaN
ar66,6',22-23-24',NA,,NaN,,2022-04-21 22:00:00+00:00,2022-04-22 22:00:00+00:00,NaN,NaN,NaN,NaN,NaN,NaN,NaN,65%,NA,1.27960017197924,0.670773669384729,0.608826502594514,0.52420567304801,0.47579432695199,1,0.231064782332699,0.362930639851437,-0.0693007697970134,0.242027959968562,NaN,NaN,NaN,0.399799370572484,0.31567299502107,0.529276639773189,NaN,NaN,NaN,0.34817248709688,-0.370703505732036,-0.037855897873861,NaN,NaN,NaN,NaN,NaN,NaN,NaN,NaN,NaN,NaN,NaN,NaN,NaN,NaN,NaN
ar66,6',22-23-24',NA,,NaN,,2022-04-21 22:00:00+00:00,2022-04-22 22:00:00+00:00,NaN,NaN,NaN,NaN,NaN,NaN,NaN,65%,NA,1.27960017197924,0.670773669384729,0.608826502594514,0.52420567304801,0.47579432695199,1,0.231064782332699,0.28775436596347,NaN,0.253761511356932,NaN,NaN,NaN,NaN,NaN,0.307961667481155,NaN,NaN,NaN,NaN,NaN,0.238055038127702,NaN,NaN,NaN,NaN,NaN,NaN,NaN,NaN,NaN,NaN,NaN,NaN,NaN,NaN,NaN
ar66,6',22-23-24',NA,,NaN,,2022-04-21 22:00:00+00:00,2022-04-22 22:00:00+00:00,NaN,NaN,NaN,NaN,NaN,NaN,NaN,65%,NA,1.27960017197924,0.670773669384729,0.608826502594514,0.52420567304801,0.47579432695199,1,0.231064782332699,0.229140570786583,NaN,0.332253668693622,NaN,NaN,NaN,NaN,NaN,0.431593625929073,NaN,NaN,NaN,NaN,NaN,0.100980546980349,NaN,NaN,NaN,NaN,NaN,NaN,NaN,NaN,NaN,NaN,NaN,NaN,NaN,NaN,NaN
ar66,6',22-23-24',NA,,NaN,,2022-04-21 22:00:00+00:00,2022-04-22 22:00:00+00:00,NaN,NaN,NaN,NaN,NaN,NaN,NaN,65%,NA,1.27960017197924,0.670773669384729,0.608826502594514,0.52420567304801,0.47579432695199,1,0.231064782332699,0.321341402775731,NaN,0.234128400759721,NaN,NaN,NaN,0.391449753458638,NaN,0.577718123752693,NaN,NaN,NaN,0.357789658281966,NaN,-0.12062098398204,NaN,NaN,NaN,NaN,NaN,NaN,NaN,NaN,NaN,NaN,NaN,NaN,NaN,NaN,NaN
ar66,8',21-22-23',NA,,NaN,,2022-04-22 08:45:00+00:00,2022-04-23 08:30:00+00:00,NaN,NaN,NaN,NaN,NaN,NaN,NaN,65%,NA,2.55612222386953,0.868927650111194,1.68719457375834,0.339939789262419,0.660060210737581,0.989583333255723,0.191754473992307,NaN,0.550304712486771,0.445000355227938,NaN,NaN,NaN,0.614938949880878,0.841684937081583,0.657155268734312,NaN,NaN,NaN,0.347894770127282,-0.823202100036935,0.148824419408944,NaN,NaN,NaN,NaN,NaN,NaN,NaN,NaN,NaN,NaN,NaN,NaN,NaN,NaN,NaN
ar66,8',21-22-23',NA,,NaN,,2022-04-22 08:45:00+00:00,2022-04-23 08:30:00+00:00,NaN,NaN,NaN,NaN,NaN,NaN,NaN,65%,NA,2.55612222386953,0.868927650111194,1.68719457375834,0.339939789262419,0.660060210737581,0.989583333255723,0.191754473992307,0.498121283153672,0.528000813944902,0.464398866222446,NaN,NaN,NaN,0.614938949880878,0.845019267660406,0.709876585996902,NaN,NaN,NaN,0.347894770127282,-0.857460510153981,-0.041873370813402,NaN,NaN,NaN,NaN,NaN,NaN,NaN,NaN,NaN,NaN,NaN,NaN,NaN,NaN,NaN
ar66,8',21-22-23',NA,,NaN,,2022-04-22 08:45:00+00:00,2022-04-23 08:30:00+00:00,NaN,NaN,NaN,NaN,NaN,NaN,NaN,65%,NA,2.55612222386953,0.868927650111194,1.68719457375834,0.339939789262419,0.660060210737581,0.989583333255723,0.191754473992307,0.529959883072077,0.483431997779902,0.406745677880392,NaN,NaN,NaN,0.594131578311675,0.78854437623808,0.614159423702771,NaN,NaN,NaN,0.40824419723982,-0.402302787874486,0.275683614309446,NaN,NaN,NaN,NaN,NaN,NaN,NaN,NaN,NaN,NaN,NaN,NaN,NaN,NaN,NaN
ar66,8',21-22-23',NA,,NaN,,2022-04-22 08:45:00+00:00,2022-04-23 08:30:00+00:00,NaN,NaN,NaN,NaN,NaN,NaN,NaN,65%,NA,2.55612222386953,0.868927650111194,1.68719457375834,0.339939789262419,0.660060210737581,0.989583333255723,0.191754473992307,NaN,0.515901003107826,0.545883141557246,NaN,NaN,NaN,NaN,0.783250278110155,0.814606657458332,NaN,NaN,NaN,NaN,-0.36952608816346,-0.638961368946488,NaN,NaN,NaN,NaN,NaN,NaN,NaN,NaN,NaN,NaN,NaN,NaN,NaN,NaN,NaN
ar66,8',21-22-23',NA,,NaN,,2022-04-22 08:45:00+00:00,2022-04-23 08:30:00+00:00,NaN,NaN,NaN,NaN,NaN,NaN,NaN,65%,NA,2.55612222386953,0.868927650111194,1.68719457375834,0.339939789262419,0.660060210737581,0.989583333255723,0.191754473992307,NaN,0.469190862600471,0.600508996336636,NaN,NaN,NaN,NaN,0.732453443195153,0.89850432367126,NaN,NaN,NaN,NaN,-0.106055338706247,-1.88407498382403,NaN,NaN,NaN,NaN,NaN,NaN,NaN,NaN,NaN,NaN,NaN,NaN,NaN,NaN,NaN
ar66,8',21-22-23',NA,,NaN,,2022-04-22 08:45:00+00:00,2022-04-23 08:30:00+00:00,NaN,NaN,NaN,NaN,NaN,NaN,NaN,65%,NA,2.55612222386953,0.868927650111194,1.68719457375834,0.339939789262419,0.660060210737581,0.989583333255723,0.191754473992307,0.40518372089158,0.554707021027893,0.488134789932164,NaN,NaN,NaN,NaN,0.77078844285102,0.885795830858213,NaN,NaN,NaN,NaN,-0.296944293222616,-1.55790397688,NaN,NaN,NaN,NaN,NaN,NaN,NaN,NaN,NaN,NaN,NaN,NaN,NaN,NaN,NaN
ar66,8',21-22-23',NA,,NaN,,2022-04-22 08:45:00+00:00,2022-04-23 08:30:00+00:00,NaN,NaN,NaN,NaN,NaN,NaN,NaN,65%,NA,2.55612222386953,0.868927650111194,1.68719457375834,0.339939789262419,0.660060210737581,0.989583333255723,0.191754473992307,0.598042172657285,NaN,0.531003263852481,NaN,NaN,NaN,NaN,NaN,0.805993700224399,NaN,NaN,NaN,NaN,NaN,-0.571115336599988,NaN,NaN,NaN,NaN,NaN,NaN,NaN,NaN,NaN,NaN,NaN,NaN,NaN,NaN,NaN
ar66,8',21-22-23',NA,,NaN,,2022-04-22 08:45:00+00:00,2022-04-23 08:30:00+00:00,NaN,NaN,NaN,NaN,NaN,NaN,NaN,65%,NA,2.55612222386953,0.868927650111194,1.68719457375834,0.339939789262419,0.660060210737581,0.989583333255723,0.191754473992307,0.598042172657285,NaN,0.563454517195269,NaN,NaN,NaN,0.645368096426775,NaN,0.549378600078145,NaN,NaN,NaN,0.250022720078209,NaN,0.43307766509323,NaN,NaN,NaN,NaN,NaN,NaN,NaN,NaN,NaN,NaN,NaN,NaN,NaN,NaN,NaN
ar66,8',21-22-23',NA,,NaN,,2022-04-22 08:45:00+00:00,2022-04-23 08:30:00+00:00,NaN,NaN,NaN,NaN,NaN,NaN,NaN,65%,NA,2.55612222386953,0.868927650111194,1.68719457375834,0.339939789262419,0.660060210737581,0.989583333255723,0.191754473992307,0.605331318236545,NaN,0.541442138932314,NaN,NaN,NaN,0.625184146532611,NaN,0.774364676390097,NaN,NaN,NaN,0.316312393327304,NaN,-0.358832588207558,NaN,NaN,NaN,NaN,NaN,NaN,NaN,NaN,NaN,NaN,NaN,NaN,NaN,NaN,NaN
