cruise,cast,niskin,niskin_second_cast,station,date_time_utc_sampling,date_time_utc_start,date_time_utc_end,latitude,longitude,depth,temperature_sampling,incubation_tank,temperature_incubation_avg,temperature_incubation_std,light_level,size_fraction,replicate_bottle,replicate_chl,Chla,Chlad10,Chlau10,Chlad10per,Chlau10per,duration_incubation,dilution,k_dil,k_wsw_NoN,k_wsw_N
at46,1',16-17-24',NA',L1,2022-02-16 18:36:35+00:00,2022-02-16 19:20:00+00:00,2022-02-17 19:40:00+00:00,41.19656,-70.8828533333333,2.037,4.04346666666667,1,7.44307167235495,2.31264839249533,65%,>0&<200,a,a,4.18078055448334,1.70229485223087,2.47848570225247,0.407171538914039,0.592828461085961,1.01388888899237,0.208163891659633,0.437899523186386,0.0613412007394959,NaN
at46,1',16-17-24',NA',L1,2022-02-16 18:36:35+00:00,2022-02-16 19:20:00+00:00,2022-02-17 19:40:00+00:00,41.19656,-70.8828533333333,2.037,4.04346666666667,1,7.44307167235495,2.31264839249533,65%,>0&<200,a,b,4.18078055448334,1.70229485223087,2.47848570225247,0.407171538914039,0.592828461085961,1.01388888899237,0.208163891659633,0.807073861257651,0.122016349944346,0.160058393926593
at46,1',16-17-24',NA',L1,2022-02-16 18:36:35+00:00,2022-02-16 19:20:00+00:00,2022-02-17 19:40:00+00:00,41.19656,-70.8828533333333,2.037,4.04346666666667,1,7.44307167235495,2.31264839249533,65%,>0&<200,a,c,4.18078055448334,1.70229485223087,2.47848570225247,0.407171538914039,0.592828461085961,1.01388888899237,0.208163891659633,0.74073508719245,-0.17905542006047,-0.153969422662697
at46,1',16-17-24',NA',L1,2022-02-16 18:36:35+00:00,2022-02-16 19:20:00+00:00,2022-02-17 19:40:00+00:00,41.19656,-70.8828533333333,2.037,4.04346666666667,1,7.44307167235495,2.31264839249533,65%,>0&<200,b,a,4.18078055448334,1.70229485223087,2.47848570225247,0.407171538914039,0.592828461085961,1.01388888899237,0.208163891659633,-0.0384391701801654,0.00575733643934488,0.108550632264389
at46,1',16-17-24',NA',L1,2022-02-16 18:36:35+00:00,2022-02-16 19:20:00+00:00,2022-02-17 19:40:00+00:00,41.19656,-70.8828533333333,2.037,4.04346666666667,1,7.44307167235495,2.31264839249533,65%,>0&<200,b,b,4.18078055448334,1.70229485223087,2.47848570225247,0.407171538914039,0.592828461085961,1.01388888899237,0.208163891659633,-0.0769820093090538,0.111258523485808,-0.0515510198735254
at46,1',16-17-24',NA',L1,2022-02-16 18:36:35+00:00,2022-02-16 19:20:00+00:00,2022-02-17 19:40:00+00:00,41.19656,-70.8828533333333,2.037,4.04346666666667,1,7.44307167235495,2.31264839249533,65%,>0&<200,b,c,4.18078055448334,1.70229485223087,2.47848570225247,0.407171538914039,0.592828461085961,1.01388888899237,0.208163891659633,0.189981115876102,-0.00635461142538755,0.0990140339794798
at46,1',16-17-24',NA',L1,2022-02-16 18:36:35+00:00,2022-02-16 19:20:00+00:00,2022-02-17 19:40:00+00:00,41.19656,-70.8828533333333,2.037,4.04346666666667,1,7.44307167235495,2.31264839249533,65%,>10&<200,a,a,4.18078055448334,1.70229485223087,2.47848570225247,0.407171538914039,0.592828461085961,1.01388888899237,0.208163891659633,0.419918666642281,0.0905557344034254,0.467321211398218
at46,1',16-17-24',NA',L1,2022-02-16 18:36:35+00:00,2022-02-16 19:20:00+00:00,2022-02-17 19:40:00+00:00,41.19656,-70.8828533333333,2.037,4.04346666666667,1,7.44307167235495,2.31264839249533,65%,>10&<200,a,b,4.18078055448334,1.70229485223087,2.47848570225247,0.407171538914039,0.592828461085961,1.01388888899237,0.208163891659633,0.308860896065351,0.270975422561693,0.408367711957684
at46,1',16-17-24',NA',L1,2022-02-16 18:36:35+00:00,2022-02-16 19:20:00+00:00,2022-02-17 19:40:00+00:00,41.19656,-70.8828533333333,2.037,4.04346666666667,1,7.44307167235495,2.31264839249533,65%,>10&<200,a,c,4.18078055448334,1.70229485223087,2.47848570225247,0.407171538914039,0.592828461085961,1.01388888899237,0.208163891659633,0.35799576553928,0.492432672442397,0.492432672442397
at46,1',16-17-24',NA',L1,2022-02-16 18:36:35+00:00,2022-02-16 19:20:00+00:00,2022-02-17 19:40:00+00:00,41.19656,-70.8828533333333,2.037,4.04346666666667,1,7.44307167235495,2.31264839249533,65%,>10&<200,b,a,4.18078055448334,1.70229485223087,2.47848570225247,0.407171538914039,0.592828461085961,1.01388888899237,0.208163891659633,0.221104530769547,0.323846047385902,NaN
at46,1',16-17-24',NA',L1,2022-02-16 18:36:35+00:00,2022-02-16 19:20:00+00:00,2022-02-17 19:40:00+00:00,41.19656,-70.8828533333333,2.037,4.04346666666667,1,7.44307167235495,2.31264839249533,65%,>10&<200,b,b,4.18078055448334,1.70229485223087,2.47848570225247,0.407171538914039,0.592828461085961,1.01388888899237,0.208163891659633,NaN,0.320162137078405,0.55108990299628
at46,1',16-17-24',NA',L1,2022-02-16 18:36:35+00:00,2022-02-16 19:20:00+00:00,2022-02-17 19:40:00+00:00,41.19656,-70.8828533333333,2.037,4.04346666666667,1,7.44307167235495,2.31264839249533,65%,>10&<200,b,c,4.18078055448334,1.70229485223087,2.47848570225247,0.407171538914039,0.592828461085961,1.01388888899237,0.208163891659633,0.183692322876486,0.124888022088936,0.588342172978958
at46,1',16-17-24',NA',L1,2022-02-16 18:36:35+00:00,2022-02-16 19:20:00+00:00,2022-02-17 19:40:00+00:00,41.19656,-70.8828533333333,2.037,4.04346666666667,1,7.44307167235495,2.31264839249533,65%,>0&<10,a,a,4.18078055448334,1.70229485223087,2.47848570225247,0.407171538914039,0.592828461085961,1.01388888899237,0.208163891659633,1.00116063586926,-0.121138352554987,NaN
at46,1',16-17-24',NA',L1,2022-02-16 18:36:35+00:00,2022-02-16 19:20:00+00:00,2022-02-17 19:40:00+00:00,41.19656,-70.8828533333333,2.037,4.04346666666667,1,7.44307167235495,2.31264839249533,65%,>0&<10,a,b,4.18078055448334,1.70229485223087,2.47848570225247,0.407171538914039,0.592828461085961,1.01388888899237,0.208163891659633,NaN,-0.564732787111586,-0.0456467696475146
at46,1',16-17-24',NA',L1,2022-02-16 18:36:35+00:00,2022-02-16 19:20:00+00:00,2022-02-17 19:40:00+00:00,41.19656,-70.8828533333333,2.037,4.04346666666667,1,7.44307167235495,2.31264839249533,65%,>0&<10,a,c,4.18078055448334,1.70229485223087,2.47848570225247,0.407171538914039,0.592828461085961,1.01388888899237,0.208163891659633,1.05700392857541,-2.47089394424518,-0.272243823663841
at46,1',16-17-24',NA',L1,2022-02-16 18:36:35+00:00,2022-02-16 19:20:00+00:00,2022-02-17 19:40:00+00:00,41.19656,-70.8828533333333,2.037,4.04346666666667,1,7.44307167235495,2.31264839249533,65%,>0&<10,b,a,4.18078055448334,1.70229485223087,2.47848570225247,0.407171538914039,0.592828461085961,1.01388888899237,0.208163891659633,-0.415223236436653,-0.623566362805716,0.0577512086257959
at46,1',16-17-24',NA',L1,2022-02-16 18:36:35+00:00,2022-02-16 19:20:00+00:00,2022-02-17 19:40:00+00:00,41.19656,-70.8828533333333,2.037,4.04346666666667,1,7.44307167235495,2.31264839249533,65%,>0&<10,b,b,4.18078055448334,1.70229485223087,2.47848570225247,0.407171538914039,0.592828461085961,1.01388888899237,0.208163891659633,0.362433338089835,-0.609674564567617,-2.94975096798106
at46,1',16-17-24',NA',L1,2022-02-16 18:36:35+00:00,2022-02-16 19:20:00+00:00,2022-02-17 19:40:00+00:00,41.19656,-70.8828533333333,2.037,4.04346666666667,1,7.44307167235495,2.31264839249533,65%,>0&<10,b,c,4.18078055448334,1.70229485223087,2.47848570225247,0.407171538914039,0.592828461085961,1.01388888899237,0.208163891659633,-0.301292717643173,-0.103091518587052,NaN
at46,13',16-17',NA',L8,2022-02-19 03:35:33+00:00,2022-02-19 04:30:00+00:00,2022-02-20 04:00:00+00:00,40.133895,-70.782555,27.4095,9.6372,3,8.74335689045936,2.49194952801852,5%,>0&<200,a,a,1.85661344084517,0.406326660708373,1.45028678013679,0.218853667526723,0.781146332473277,0.979166666627862,0.276631035753778,NaN,0.162401128975563,-0.0218357980037766
at46,13',16-17',NA',L8,2022-02-19 03:35:33+00:00,2022-02-19 04:30:00+00:00,2022-02-20 04:00:00+00:00,40.133895,-70.782555,27.4095,9.6372,3,8.74335689045936,2.49194952801852,5%,>0&<200,a,b,1.85661344084517,0.406326660708373,1.45028678013679,0.218853667526723,0.781146332473277,0.979166666627862,0.276631035753778,0.708904458867923,0.0170726615485551,0.0101077625387939
at46,13',16-17',NA',L8,2022-02-19 03:35:33+00:00,2022-02-19 04:30:00+00:00,2022-02-20 04:00:00+00:00,40.133895,-70.782555,27.4095,9.6372,3,8.74335689045936,2.49194952801852,5%,>0&<200,a,c,1.85661344084517,0.406326660708373,1.45028678013679,0.218853667526723,0.781146332473277,0.979166666627862,0.276631035753778,0.558106268341072,NaN,0.0274317508798914
at46,13',16-17',NA',L8,2022-02-19 03:35:33+00:00,2022-02-19 04:30:00+00:00,2022-02-20 04:00:00+00:00,40.133895,-70.782555,27.4095,9.6372,3,8.74335689045936,2.49194952801852,5%,>0&<200,b,a,1.85661344084517,0.406326660708373,1.45028678013679,0.218853667526723,0.781146332473277,0.979166666627862,0.276631035753778,0.198889667785998,NaN,-0.100502091405823
at46,13',16-17',NA',L8,2022-02-19 03:35:33+00:00,2022-02-19 04:30:00+00:00,2022-02-20 04:00:00+00:00,40.133895,-70.782555,27.4095,9.6372,3,8.74335689045936,2.49194952801852,5%,>0&<200,b,b,1.85661344084517,0.406326660708373,1.45028678013679,0.218853667526723,0.781146332473277,0.979166666627862,0.276631035753778,0.122611107243919,-0.202811316635325,-0.0290721246370649
at46,13',16-17',NA',L8,2022-02-19 03:35:33+00:00,2022-02-19 04:30:00+00:00,2022-02-20 04:00:00+00:00,40.133895,-70.782555,27.4095,9.6372,3,8.74335689045936,2.49194952801852,5%,>0&<200,b,c,1.85661344084517,0.406326660708373,1.45028678013679,0.218853667526723,0.781146332473277,0.979166666627862,0.276631035753778,NaN,-0.185737354577998,0.0274317508798914
at46,13',16-17',NA',L8,2022-02-19 03:35:33+00:00,2022-02-19 04:30:00+00:00,2022-02-20 04:00:00+00:00,40.133895,-70.782555,27.4095,9.6372,3,8.74335689045936,2.49194952801852,5%,>10&<200,a,a,1.85661344084517,0.406326660708373,1.45028678013679,0.218853667526723,0.781146332473277,0.979166666627862,0.276631035753778,NaN,0.15950443704621,0.0407913995823226
at46,13',16-17',NA',L8,2022-02-19 03:35:33+00:00,2022-02-19 04:30:00+00:00,2022-02-20 04:00:00+00:00,40.133895,-70.782555,27.4095,9.6372,3,8.74335689045936,2.49194952801852,5%,>10&<200,a,b,1.85661344084517,0.406326660708373,1.45028678013679,0.218853667526723,0.781146332473277,0.979166666627862,0.276631035753778,0.373813474594475,-0.0311386372798462,0.0622687876446393
at46,13',16-17',NA',L8,2022-02-19 03:35:33+00:00,2022-02-19 04:30:00+00:00,2022-02-20 04:00:00+00:00,40.133895,-70.782555,27.4095,9.6372,3,8.74335689045936,2.49194952801852,5%,>10&<200,a,c,1.85661344084517,0.406326660708373,1.45028678013679,0.218853667526723,0.781146332473277,0.979166666627862,0.276631035753778,0.252649294594349,0.197437105692213,-0.088619021496577
at46,13',16-17',NA',L8,2022-02-19 03:35:33+00:00,2022-02-19 04:30:00+00:00,2022-02-20 04:00:00+00:00,40.133895,-70.782555,27.4095,9.6372,3,8.74335689045936,2.49194952801852,5%,>10&<200,b,a,1.85661344084517,0.406326660708373,1.45028678013679,0.218853667526723,0.781146332473277,0.979166666627862,0.276631035753778,NaN,0.00994342988858627,0.0874593010457587
at46,13',16-17',NA',L8,2022-02-19 03:35:33+00:00,2022-02-19 04:30:00+00:00,2022-02-20 04:00:00+00:00,40.133895,-70.782555,27.4095,9.6372,3,8.74335689045936,2.49194952801852,5%,>10&<200,b,b,1.85661344084517,0.406326660708373,1.45028678013679,0.218853667526723,0.781146332473277,0.979166666627862,0.276631035753778,0.0321417117986969,-0.0985216670970498,0.0915979673615908
at46,13',16-17',NA',L8,2022-02-19 03:35:33+00:00,2022-02-19 04:30:00+00:00,2022-02-20 04:00:00+00:00,40.133895,-70.782555,27.4095,9.6372,3,8.74335689045936,2.49194952801852,5%,>10&<200,b,c,1.85661344084517,0.406326660708373,1.45028678013679,0.218853667526723,0.781146332473277,0.979166666627862,0.276631035753778,NaN,0.124117033130217,0.0232782429167278
at46,13',16-17',NA',L8,2022-02-19 03:35:33+00:00,2022-02-19 04:30:00+00:00,2022-02-20 04:00:00+00:00,40.133895,-70.782555,27.4095,9.6372,3,8.74335689045936,2.49194952801852,5%,>0&<10,a,a,1.85661344084517,0.406326660708373,1.45028678013679,0.218853667526723,0.781146332473277,0.979166666627862,0.276631035753778,NaN,-5.35866288241858,-0.131775584424367
at46,13',16-17',NA',L8,2022-02-19 03:35:33+00:00,2022-02-19 04:30:00+00:00,2022-02-20 04:00:00+00:00,40.133895,-70.782555,27.4095,9.6372,3,8.74335689045936,2.49194952801852,5%,>0&<10,a,b,1.85661344084517,0.406326660708373,1.45028678013679,0.218853667526723,0.781146332473277,0.979166666627862,0.276631035753778,2.43239735861838,-0.341483424446996,-0.227891286457603
at46,13',16-17',NA',L8,2022-02-19 03:35:33+00:00,2022-02-19 04:30:00+00:00,2022-02-20 04:00:00+00:00,40.133895,-70.782555,27.4095,9.6372,3,8.74335689045936,2.49194952801852,5%,>0&<10,a,c,1.85661344084517,0.406326660708373,1.45028678013679,0.218853667526723,0.781146332473277,0.979166666627862,0.276631035753778,NaN,NaN,0.284352885428766
at46,13',16-17',NA',L8,2022-02-19 03:35:33+00:00,2022-02-19 04:30:00+00:00,2022-02-20 04:00:00+00:00,40.133895,-70.782555,27.4095,9.6372,3,8.74335689045936,2.49194952801852,5%,>0&<10,b,a,1.85661344084517,0.406326660708373,1.45028678013679,0.218853667526723,0.781146332473277,0.979166666627862,0.276631035753778,2.40083221397399,-0.477855910537011,-0.635286392068996
at46,13',16-17',NA',L8,2022-02-19 03:35:33+00:00,2022-02-19 04:30:00+00:00,2022-02-20 04:00:00+00:00,40.133895,-70.782555,27.4095,9.6372,3,8.74335689045936,2.49194952801852,5%,>0&<10,b,b,1.85661344084517,0.406326660708373,1.45028678013679,0.218853667526723,0.781146332473277,0.979166666627862,0.276631035753778,-3.6013894720911,-0.0108072605933203,-0.665774524648564
at46,13',16-17',NA',L8,2022-02-19 03:35:33+00:00,2022-02-19 04:30:00+00:00,2022-02-20 04:00:00+00:00,40.133895,-70.782555,27.4095,9.6372,3,8.74335689045936,2.49194952801852,5%,>0&<10,b,c,1.85661344084517,0.406326660708373,1.45028678013679,0.218853667526723,0.781146332473277,0.979166666627862,0.276631035753778,NaN,-1.64368127233828,-0.262050878698147
at46,13',22-23',NA',L8,2022-02-19 03:39:07+00:00,2022-02-19 04:30:00+00:00,2022-02-20 04:00:00+00:00,40.13344,-70.783135,7.288,9.22205,3,8.74335689045936,2.49194952801852,65%,>0&<200,a,a,2.02983691198926,0.59665862282966,1.4331782891596,0.293944119010492,0.706055880989508,0.979166666627862,0.168317248935902,0.237030003150357,-0.0298769635640386,0.166101316088794
at46,13',22-23',NA',L8,2022-02-19 03:39:07+00:00,2022-02-19 04:30:00+00:00,2022-02-20 04:00:00+00:00,40.13344,-70.783135,7.288,9.22205,3,8.74335689045936,2.49194952801852,65%,>0&<200,a,b,2.02983691198926,0.59665862282966,1.4331782891596,0.293944119010492,0.706055880989508,0.979166666627862,0.168317248935902,0.0848193813077937,-0.0133919060153298,NaN
at46,13',22-23',NA',L8,2022-02-19 03:39:07+00:00,2022-02-19 04:30:00+00:00,2022-02-20 04:00:00+00:00,40.13344,-70.783135,7.288,9.22205,3,8.74335689045936,2.49194952801852,65%,>0&<200,a,c,2.02983691198926,0.59665862282966,1.4331782891596,0.293944119010492,0.706055880989508,0.979166666627862,0.168317248935902,0.0598065464563444,-0.235360274227217,-0.168500217526036
at46,13',22-23',NA',L8,2022-02-19 03:39:07+00:00,2022-02-19 04:30:00+00:00,2022-02-20 04:00:00+00:00,40.13344,-70.783135,7.288,9.22205,3,8.74335689045936,2.49194952801852,65%,>0&<200,b,a,2.02983691198926,0.59665862282966,1.4331782891596,0.293944119010492,0.706055880989508,0.979166666627862,0.168317248935902,0.218618448924024,0.0832724929717976,0.0652635341990001
at46,13',22-23',NA',L8,2022-02-19 03:39:07+00:00,2022-02-19 04:30:00+00:00,2022-02-20 04:00:00+00:00,40.13344,-70.783135,7.288,9.22205,3,8.74335689045936,2.49194952801852,65%,>0&<200,b,b,2.02983691198926,0.59665862282966,1.4331782891596,0.293944119010492,0.706055880989508,0.979166666627862,0.168317248935902,0.0543660119041969,-0.123808861379449,-0.243521879174909
at46,13',22-23',NA',L8,2022-02-19 03:39:07+00:00,2022-02-19 04:30:00+00:00,2022-02-20 04:00:00+00:00,40.13344,-70.783135,7.288,9.22205,3,8.74335689045936,2.49194952801852,65%,>0&<200,b,c,2.02983691198926,0.59665862282966,1.4331782891596,0.293944119010492,0.706055880989508,0.979166666627862,0.168317248935902,-0.236018124324476,-0.0671088716722892,-0.016667698587909
at46,13',22-23',NA',L8,2022-02-19 03:39:07+00:00,2022-02-19 04:30:00+00:00,2022-02-20 04:00:00+00:00,40.13344,-70.783135,7.288,9.22205,3,8.74335689045936,2.49194952801852,65%,>10&<200,a,a,2.02983691198926,0.59665862282966,1.4331782891596,0.293944119010492,0.706055880989508,0.979166666627862,0.168317248935902,0.384360907319548,0.253290642459204,0.0995785437232747
at46,13',22-23',NA',L8,2022-02-19 03:39:07+00:00,2022-02-19 04:30:00+00:00,2022-02-20 04:00:00+00:00,40.13344,-70.783135,7.288,9.22205,3,8.74335689045936,2.49194952801852,65%,>10&<200,a,b,2.02983691198926,0.59665862282966,1.4331782891596,0.293944119010492,0.706055880989508,0.979166666627862,0.168317248935902,0.419970776197349,NaN,0.205825857871171
at46,13',22-23',NA',L8,2022-02-19 03:39:07+00:00,2022-02-19 04:30:00+00:00,2022-02-20 04:00:00+00:00,40.13344,-70.783135,7.288,9.22205,3,8.74335689045936,2.49194952801852,65%,>10&<200,a,c,2.02983691198926,0.59665862282966,1.4331782891596,0.293944119010492,0.706055880989508,0.979166666627862,0.168317248935902,NaN,0.120106169781425,0.213273261816082
at46,13',22-23',NA',L8,2022-02-19 03:39:07+00:00,2022-02-19 04:30:00+00:00,2022-02-20 04:00:00+00:00,40.13344,-70.783135,7.288,9.22205,3,8.74335689045936,2.49194952801852,65%,>10&<200,b,a,2.02983691198926,0.59665862282966,1.4331782891596,0.293944119010492,0.706055880989508,0.979166666627862,0.168317248935902,0.195856461050243,0.0995785437232747,0.220666750359218
at46,13',22-23',NA',L8,2022-02-19 03:39:07+00:00,2022-02-19 04:30:00+00:00,2022-02-20 04:00:00+00:00,40.13344,-70.783135,7.288,9.22205,3,8.74335689045936,2.49194952801852,65%,>10&<200,b,b,2.02983691198926,0.59665862282966,1.4331782891596,0.293944119010492,0.706055880989508,0.979166666627862,0.168317248935902,NaN,0.267462227399649,0.167751756538036
at46,13',22-23',NA',L8,2022-02-19 03:39:07+00:00,2022-02-19 04:30:00+00:00,2022-02-20 04:00:00+00:00,40.13344,-70.783135,7.288,9.22205,3,8.74335689045936,2.49194952801852,65%,>10&<200,b,c,2.02983691198926,0.59665862282966,1.4331782891596,0.293944119010492,0.706055880989508,0.979166666627862,0.168317248935902,NaN,0.171623679723727,0.246130417551309
at46,13',22-23',NA',L8,2022-02-19 03:39:07+00:00,2022-02-19 04:30:00+00:00,2022-02-20 04:00:00+00:00,40.13344,-70.783135,7.288,9.22205,3,8.74335689045936,2.49194952801852,65%,>0&<10,a,a,2.02983691198926,0.59665862282966,1.4331782891596,0.293944119010492,0.706055880989508,0.979166666627862,0.168317248935902,-1.28645272804133,-3.2132477945446,-1.79745780866377
at46,13',22-23',NA',L8,2022-02-19 03:39:07+00:00,2022-02-19 04:30:00+00:00,2022-02-20 04:00:00+00:00,40.13344,-70.783135,7.288,9.22205,3,8.74335689045936,2.49194952801852,65%,>0&<10,a,b,2.02983691198926,0.59665862282966,1.4331782891596,0.293944119010492,0.706055880989508,0.979166666627862,0.168317248935902,NaN,NaN,NaN
at46,13',22-23',NA',L8,2022-02-19 03:39:07+00:00,2022-02-19 04:30:00+00:00,2022-02-20 04:00:00+00:00,40.13344,-70.783135,7.288,9.22205,3,8.74335689045936,2.49194952801852,65%,>0&<10,a,c,2.02983691198926,0.59665862282966,1.4331782891596,0.293944119010492,0.706055880989508,0.979166666627862,0.168317248935902,NaN,-0.887528014016747,NaN
at46,13',22-23',NA',L8,2022-02-19 03:39:07+00:00,2022-02-19 04:30:00+00:00,2022-02-20 04:00:00+00:00,40.13344,-70.783135,7.288,9.22205,3,8.74335689045936,2.49194952801852,65%,>0&<10,b,a,2.02983691198926,0.59665862282966,1.4331782891596,0.293944119010492,0.706055880989508,0.979166666627862,0.168317248935902,-0.620591511266235,-0.441921447393384,-1.47222846623189
at46,13',22-23',NA',L8,2022-02-19 03:39:07+00:00,2022-02-19 04:30:00+00:00,2022-02-20 04:00:00+00:00,40.13344,-70.783135,7.288,9.22205,3,8.74335689045936,2.49194952801852,65%,>0&<10,b,b,2.02983691198926,0.59665862282966,1.4331782891596,0.293944119010492,0.706055880989508,0.979166666627862,0.168317248935902,NaN,-1.77639981322179,-0.969273758026985
at46,13',22-23',NA',L8,2022-02-19 03:39:07+00:00,2022-02-19 04:30:00+00:00,2022-02-20 04:00:00+00:00,40.13344,-70.783135,7.288,9.22205,3,8.74335689045936,2.49194952801852,65%,>0&<10,b,c,2.02983691198926,0.59665862282966,1.4331782891596,0.293944119010492,0.706055880989508,0.979166666627862,0.168317248935902,0.413312722269652,-0.803769901678931,-1.86336948982813
at46,16',15-16-17-18',NA',L3,2022-02-19 23:47:15+00:00,2022-02-20 00:20:00+00:00,2022-02-21 00:20:00+00:00,40.8606475,-70.88234,6.95575,5.297275,1,5.70657439446367,2.03076657379886,65%,>0&<200,a,a,4.85562498107878,0.915304267279913,3.94032071379887,0.188503904409141,0.811496095590859,1,0.233211921550664,-0.0924324148546948,-0.180384662320263,-0.0954749140737873
at46,16',15-16-17-18',NA',L3,2022-02-19 23:47:15+00:00,2022-02-20 00:20:00+00:00,2022-02-21 00:20:00+00:00,40.8606475,-70.88234,6.95575,5.297275,1,5.70657439446367,2.03076657379886,65%,>0&<200,a,b,4.85562498107878,0.915304267279913,3.94032071379887,0.188503904409141,0.811496095590859,1,0.233211921550664,-0.123996706736977,-0.0444665771335499,-0.0293858164248932
at46,16',15-16-17-18',NA',L3,2022-02-19 23:47:15+00:00,2022-02-20 00:20:00+00:00,2022-02-21 00:20:00+00:00,40.8606475,-70.88234,6.95575,5.297275,1,5.70657439446367,2.03076657379886,65%,>0&<200,a,c,4.85562498107878,0.915304267279913,3.94032071379887,0.188503904409141,0.811496095590859,1,0.233211921550664,-0.0739612580056324,0.0739424827372731,NaN
at46,16',15-16-17-18',NA',L3,2022-02-19 23:47:15+00:00,2022-02-20 00:20:00+00:00,2022-02-21 00:20:00+00:00,40.8606475,-70.88234,6.95575,5.297275,1,5.70657439446367,2.03076657379886,65%,>0&<200,b,a,4.85562498107878,0.915304267279913,3.94032071379887,0.188503904409141,0.811496095590859,1,0.233211921550664,0.114523146707899,0.0812781963844801,-0.0500073714507342
at46,16',15-16-17-18',NA',L3,2022-02-19 23:47:15+00:00,2022-02-20 00:20:00+00:00,2022-02-21 00:20:00+00:00,40.8606475,-70.88234,6.95575,5.297275,1,5.70657439446367,2.03076657379886,65%,>0&<200,b,b,4.85562498107878,0.915304267279913,3.94032071379887,0.188503904409141,0.811496095590859,1,0.233211921550664,-0.117603640594929,0.092181844426663,0.0236123320423179
at46,16',15-16-17-18',NA',L3,2022-02-19 23:47:15+00:00,2022-02-20 00:20:00+00:00,2022-02-21 00:20:00+00:00,40.8606475,-70.88234,6.95575,5.297275,1,5.70657439446367,2.03076657379886,65%,>0&<200,b,c,4.85562498107878,0.915304267279913,3.94032071379887,0.188503904409141,0.811496095590859,1,0.233211921550664,0.0519767117272645,-0.0796111797055902,0.125363388871166
at46,16',15-16-17-18',NA',L3,2022-02-19 23:47:15+00:00,2022-02-20 00:20:00+00:00,2022-02-21 00:20:00+00:00,40.8606475,-70.88234,6.95575,5.297275,1,5.70657439446367,2.03076657379886,65%,>10&<200,a,a,4.85562498107878,0.915304267279913,3.94032071379887,0.188503904409141,0.811496095590859,1,0.233211921550664,0.387686269723895,-0.101447803576542,-0.162757443356417
at46,16',15-16-17-18',NA',L3,2022-02-19 23:47:15+00:00,2022-02-20 00:20:00+00:00,2022-02-21 00:20:00+00:00,40.8606475,-70.88234,6.95575,5.297275,1,5.70657439446367,2.03076657379886,65%,>10&<200,a,b,4.85562498107878,0.915304267279913,3.94032071379887,0.188503904409141,0.811496095590859,1,0.233211921550664,0.237043486252491,NaN,0.0868865394817666
at46,16',15-16-17-18',NA',L3,2022-02-19 23:47:15+00:00,2022-02-20 00:20:00+00:00,2022-02-21 00:20:00+00:00,40.8606475,-70.88234,6.95575,5.297275,1,5.70657439446367,2.03076657379886,65%,>10&<200,a,c,4.85562498107878,0.915304267279913,3.94032071379887,0.188503904409141,0.811496095590859,1,0.233211921550664,0.103440626770696,-0.203825355093235,-0.23217192424767
at46,16',15-16-17-18',NA',L3,2022-02-19 23:47:15+00:00,2022-02-20 00:20:00+00:00,2022-02-21 00:20:00+00:00,40.8606475,-70.88234,6.95575,5.297275,1,5.70657439446367,2.03076657379886,65%,>10&<200,b,a,4.85562498107878,0.915304267279913,3.94032071379887,0.188503904409141,0.811496095590859,1,0.233211921550664,0.273875540541566,0.188969657854085,0.0793949698781918
at46,16',15-16-17-18',NA',L3,2022-02-19 23:47:15+00:00,2022-02-20 00:20:00+00:00,2022-02-21 00:20:00+00:00,40.8606475,-70.88234,6.95575,5.297275,1,5.70657439446367,2.03076657379886,65%,>10&<200,b,b,4.85562498107878,0.915304267279913,3.94032071379887,0.188503904409141,0.811496095590859,1,0.233211921550664,0.124654829215559,0.0987575240891814,0.186270309456938
at46,16',15-16-17-18',NA',L3,2022-02-19 23:47:15+00:00,2022-02-20 00:20:00+00:00,2022-02-21 00:20:00+00:00,40.8606475,-70.88234,6.95575,5.297275,1,5.70657439446367,2.03076657379886,65%,>10&<200,b,c,4.85562498107878,0.915304267279913,3.94032071379887,0.188503904409141,0.811496095590859,1,0.233211921550664,0.165779045064866,-0.0539387815503868,-0.157025892760981
at46,16',15-16-17-18',NA',L3,2022-02-19 23:47:15+00:00,2022-02-20 00:20:00+00:00,2022-02-21 00:20:00+00:00,40.8606475,-70.88234,6.95575,5.297275,1,5.70657439446367,2.03076657379886,65%,>0&<10,a,a,4.85562498107878,0.915304267279913,3.94032071379887,0.188503904409141,0.811496095590859,1,0.233211921550664,NaN,0.167413473705671,0.00698489452194656
at46,16',15-16-17-18',NA',L3,2022-02-19 23:47:15+00:00,2022-02-20 00:20:00+00:00,2022-02-21 00:20:00+00:00,40.8606475,-70.88234,6.95575,5.297275,1,5.70657439446367,2.03076657379886,65%,>0&<10,a,b,4.85562498107878,0.915304267279913,3.94032071379887,0.188503904409141,0.811496095590859,1,0.233211921550664,-5.01727983681301,NaN,NaN
at46,16',15-16-17-18',NA',L3,2022-02-19 23:47:15+00:00,2022-02-20 00:20:00+00:00,2022-02-21 00:20:00+00:00,40.8606475,-70.88234,6.95575,5.297275,1,5.70657439446367,2.03076657379886,65%,>0&<10,a,c,4.85562498107878,0.915304267279913,3.94032071379887,0.188503904409141,0.811496095590859,1,0.233211921550664,-0.906405972641595,0.44516497795485,0.225010965489002
at46,16',15-16-17-18',NA',L3,2022-02-19 23:47:15+00:00,2022-02-20 00:20:00+00:00,2022-02-21 00:20:00+00:00,40.8606475,-70.88234,6.95575,5.297275,1,5.70657439446367,2.03076657379886,65%,>0&<10,b,a,4.85562498107878,0.915304267279913,3.94032071379887,0.188503904409141,0.811496095590859,1,0.233211921550664,-1.25607972112133,-1.23884162997677,-0.178590209181096
at46,16',15-16-17-18',NA',L3,2022-02-19 23:47:15+00:00,2022-02-20 00:20:00+00:00,2022-02-21 00:20:00+00:00,40.8606475,-70.88234,6.95575,5.297275,1,5.70657439446367,2.03076657379886,65%,>0&<10,b,b,4.85562498107878,0.915304267279913,3.94032071379887,0.188503904409141,0.811496095590859,1,0.233211921550664,-0.298780965519816,-0.303380981994877,-1.16877406736005
at46,16',15-16-17-18',NA',L3,2022-02-19 23:47:15+00:00,2022-02-20 00:20:00+00:00,2022-02-21 00:20:00+00:00,40.8606475,-70.88234,6.95575,5.297275,1,5.70657439446367,2.03076657379886,65%,>0&<10,b,c,4.85562498107878,0.915304267279913,3.94032071379887,0.188503904409141,0.811496095590859,1,0.233211921550664,-0.473985054544906,0.344451002353016,0.597603328596596
at46,17',17-18-19',NA',L2,2022-02-20 01:24:16+00:00,2022-02-20 01:55:00+00:00,2022-02-21 02:30:00+00:00,41.0269866666667,-70.8859333333333,6.89966666666667,4.6996,1,5.67939189189189,2.01358394583317,65%,>0&<200,a,a,10.1378715702876,3.50724065032492,6.63063091996272,0.345954338246308,0.654045661753692,1.02430555550382,0.261471866951024,-0.0563429448469353,-0.221048020297919,NaN
at46,17',17-18-19',NA',L2,2022-02-20 01:24:16+00:00,2022-02-20 01:55:00+00:00,2022-02-21 02:30:00+00:00,41.0269866666667,-70.8859333333333,6.89966666666667,4.6996,1,5.67939189189189,2.01358394583317,65%,>0&<200,a,b,10.1378715702876,3.50724065032492,6.63063091996272,0.345954338246308,0.654045661753692,1.02430555550382,0.261471866951024,-0.184562499407967,-0.146487281684128,-0.00630360422507717
at46,17',17-18-19',NA',L2,2022-02-20 01:24:16+00:00,2022-02-20 01:55:00+00:00,2022-02-21 02:30:00+00:00,41.0269866666667,-70.8859333333333,6.89966666666667,4.6996,1,5.67939189189189,2.01358394583317,65%,>0&<200,a,c,10.1378715702876,3.50724065032492,6.63063091996272,0.345954338246308,0.654045661753692,1.02430555550382,0.261471866951024,NaN,-0.0573620985599339,-0.0839289402398074
at46,17',17-18-19',NA',L2,2022-02-20 01:24:16+00:00,2022-02-20 01:55:00+00:00,2022-02-21 02:30:00+00:00,41.0269866666667,-70.8859333333333,6.89966666666667,4.6996,1,5.67939189189189,2.01358394583317,65%,>0&<200,b,a,10.1378715702876,3.50724065032492,6.63063091996272,0.345954338246308,0.654045661753692,1.02430555550382,0.261471866951024,-0.0664076853957548,-0.205673353155366,-0.0188200729293403
at46,17',17-18-19',NA',L2,2022-02-20 01:24:16+00:00,2022-02-20 01:55:00+00:00,2022-02-21 02:30:00+00:00,41.0269866666667,-70.8859333333333,6.89966666666667,4.6996,1,5.67939189189189,2.01358394583317,65%,>0&<200,b,b,10.1378715702876,3.50724065032492,6.63063091996272,0.345954338246308,0.654045661753692,1.02430555550382,0.261471866951024,-0.0817020637775012,-0.0314990977154778,-0.0639363401474764
at46,17',17-18-19',NA',L2,2022-02-20 01:24:16+00:00,2022-02-20 01:55:00+00:00,2022-02-21 02:30:00+00:00,41.0269866666667,-70.8859333333333,6.89966666666667,4.6996,1,5.67939189189189,2.01358394583317,65%,>0&<200,b,c,10.1378715702876,3.50724065032492,6.63063091996272,0.345954338246308,0.654045661753692,1.02430555550382,0.261471866951024,0.0898491611655004,0.059807697906478,-0.16826375003817
at46,17',17-18-19',NA',L2,2022-02-20 01:24:16+00:00,2022-02-20 01:55:00+00:00,2022-02-21 02:30:00+00:00,41.0269866666667,-70.8859333333333,6.89966666666667,4.6996,1,5.67939189189189,2.01358394583317,65%,>10&<200,a,a,10.1378715702876,3.50724065032492,6.63063091996272,0.345954338246308,0.654045661753692,1.02430555550382,0.261471866951024,-0.122316542141311,-0.527627870599822,0.177834683427662
at46,17',17-18-19',NA',L2,2022-02-20 01:24:16+00:00,2022-02-20 01:55:00+00:00,2022-02-21 02:30:00+00:00,41.0269866666667,-70.8859333333333,6.89966666666667,4.6996,1,5.67939189189189,2.01358394583317,65%,>10&<200,a,b,10.1378715702876,3.50724065032492,6.63063091996272,0.345954338246308,0.654045661753692,1.02430555550382,0.261471866951024,-0.929379013629967,0.137653243160784,0.231447355253018
at46,17',17-18-19',NA',L2,2022-02-20 01:24:16+00:00,2022-02-20 01:55:00+00:00,2022-02-21 02:30:00+00:00,41.0269866666667,-70.8859333333333,6.89966666666667,4.6996,1,5.67939189189189,2.01358394583317,65%,>10&<200,a,c,10.1378715702876,3.50724065032492,6.63063091996272,0.345954338246308,0.654045661753692,1.02430555550382,0.261471866951024,-0.01413166923414,0.0429624885650018,0.069711317604241
at46,17',17-18-19',NA',L2,2022-02-20 01:24:16+00:00,2022-02-20 01:55:00+00:00,2022-02-21 02:30:00+00:00,41.0269866666667,-70.8859333333333,6.89966666666667,4.6996,1,5.67939189189189,2.01358394583317,65%,>10&<200,b,a,10.1378715702876,3.50724065032492,6.63063091996272,0.345954338246308,0.654045661753692,1.02430555550382,0.261471866951024,-0.0488780834378556,0.112725816117196,-0.108283964969695
at46,17',17-18-19',NA',L2,2022-02-20 01:24:16+00:00,2022-02-20 01:55:00+00:00,2022-02-21 02:30:00+00:00,41.0269866666667,-70.8859333333333,6.89966666666667,4.6996,1,5.67939189189189,2.01358394583317,65%,>10&<200,b,b,10.1378715702876,3.50724065032492,6.63063091996272,0.345954338246308,0.654045661753692,1.02430555550382,0.261471866951024,0.048662060080275,-0.287335246766646,NaN
at46,17',17-18-19',NA',L2,2022-02-20 01:24:16+00:00,2022-02-20 01:55:00+00:00,2022-02-21 02:30:00+00:00,41.0269866666667,-70.8859333333333,6.89966666666667,4.6996,1,5.67939189189189,2.01358394583317,65%,>10&<200,b,c,10.1378715702876,3.50724065032492,6.63063091996272,0.345954338246308,0.654045661753692,1.02430555550382,0.261471866951024,-0.631243708290365,-0.32349757301912,-0.506770009990845
at46,17',17-18-19',NA',L2,2022-02-20 01:24:16+00:00,2022-02-20 01:55:00+00:00,2022-02-21 02:30:00+00:00,41.0269866666667,-70.8859333333333,6.89966666666667,4.6996,1,5.67939189189189,2.01358394583317,65%,>0&<10,a,a,10.1378715702876,3.50724065032492,6.63063091996272,0.345954338246308,0.654045661753692,1.02430555550382,0.261471866951024,-0.536465389041882,0.33188387895673,NaN
at46,17',17-18-19',NA',L2,2022-02-20 01:24:16+00:00,2022-02-20 01:55:00+00:00,2022-02-21 02:30:00+00:00,41.0269866666667,-70.8859333333333,6.89966666666667,4.6996,1,5.67939189189189,2.01358394583317,65%,>0&<10,a,b,10.1378715702876,3.50724065032492,6.63063091996272,0.345954338246308,0.654045661753692,1.02430555550382,0.261471866951024,0.545202229700452,-1.08452246040345,NaN
at46,17',17-18-19',NA',L2,2022-02-20 01:24:16+00:00,2022-02-20 01:55:00+00:00,2022-02-21 02:30:00+00:00,41.0269866666667,-70.8859333333333,6.89966666666667,4.6996,1,5.67939189189189,2.01358394583317,65%,>0&<10,a,c,10.1378715702876,3.50724065032492,6.63063091996272,0.345954338246308,0.654045661753692,1.02430555550382,0.261471866951024,-1.07254352255052,-0.618915230678216,NaN
at46,17',17-18-19',NA',L2,2022-02-20 01:24:16+00:00,2022-02-20 01:55:00+00:00,2022-02-21 02:30:00+00:00,41.0269866666667,-70.8859333333333,6.89966666666667,4.6996,1,5.67939189189189,2.01358394583317,65%,>0&<10,b,a,10.1378715702876,3.50724065032492,6.63063091996272,0.345954338246308,0.654045661753692,1.02430555550382,0.261471866951024,0.0565367586201837,-0.473243465661497,-0.0333024011473702
at46,17',17-18-19',NA',L2,2022-02-20 01:24:16+00:00,2022-02-20 01:55:00+00:00,2022-02-21 02:30:00+00:00,41.0269866666667,-70.8859333333333,6.89966666666667,4.6996,1,5.67939189189189,2.01358394583317,65%,>0&<10,b,b,10.1378715702876,3.50724065032492,6.63063091996272,0.345954338246308,0.654045661753692,1.02430555550382,0.261471866951024,-0.189171035530509,0.277874735166194,0.728857071234289
at46,17',17-18-19',NA',L2,2022-02-20 01:24:16+00:00,2022-02-20 01:55:00+00:00,2022-02-21 02:30:00+00:00,41.0269866666667,-70.8859333333333,6.89966666666667,4.6996,1,5.67939189189189,2.01358394583317,65%,>0&<10,b,c,10.1378715702876,3.50724065032492,6.63063091996272,0.345954338246308,0.654045661753692,1.02430555550382,0.261471866951024,0.709223320463794,0.314785872996882,0.417430677221392
at46,2',22-23',NA',L4,2022-02-17 02:46:32+00:00,2022-02-17 03:20:00+00:00,2022-02-18 03:32:00+00:00,40.69736,-70.881295,2.7475,4.75915,1,9.60704467353952,2.34135391012981,65%,>0&<200,a,a,2.05331831585546,1.22753422761372,0.825784088241743,0.597829483200367,0.402170516799633,1.00833333330229,0.140854458724769,0.863529100910727,-0.0390808627985477,0.00812658007395104
at46,2',22-23',NA',L4,2022-02-17 02:46:32+00:00,2022-02-17 03:20:00+00:00,2022-02-18 03:32:00+00:00,40.69736,-70.881295,2.7475,4.75915,1,9.60704467353952,2.34135391012981,65%,>0&<200,a,b,2.05331831585546,1.22753422761372,0.825784088241743,0.597829483200367,0.402170516799633,1.00833333330229,0.140854458724769,1.15644864589906,0.124020579458427,-0.173499905554889
at46,2',22-23',NA',L4,2022-02-17 02:46:32+00:00,2022-02-17 03:20:00+00:00,2022-02-18 03:32:00+00:00,40.69736,-70.881295,2.7475,4.75915,1,9.60704467353952,2.34135391012981,65%,>0&<200,a,c,2.05331831585546,1.22753422761372,0.825784088241743,0.597829483200367,0.402170516799633,1.00833333330229,0.140854458724769,0.589458331936992,-0.119623116865064,-0.0358628200722334
at46,2',22-23',NA',L4,2022-02-17 02:46:32+00:00,2022-02-17 03:20:00+00:00,2022-02-18 03:32:00+00:00,40.69736,-70.881295,2.7475,4.75915,1,9.60704467353952,2.34135391012981,65%,>0&<200,b,a,2.05331831585546,1.22753422761372,0.825784088241743,0.597829483200367,0.402170516799633,1.00833333330229,0.140854458724769,NaN,0.166834415971648,-0.11613329857884
at46,2',22-23',NA',L4,2022-02-17 02:46:32+00:00,2022-02-17 03:20:00+00:00,2022-02-18 03:32:00+00:00,40.69736,-70.881295,2.7475,4.75915,1,9.60704467353952,2.34135391012981,65%,>0&<200,b,b,2.05331831585546,1.22753422761372,0.825784088241743,0.597829483200367,0.402170516799633,1.00833333330229,0.140854458724769,0.302857834274958,0.0648672476437342,-0.199680431673253
at46,2',22-23',NA',L4,2022-02-17 02:46:32+00:00,2022-02-17 03:20:00+00:00,2022-02-18 03:32:00+00:00,40.69736,-70.881295,2.7475,4.75915,1,9.60704467353952,2.34135391012981,65%,>0&<200,b,c,2.05331831585546,1.22753422761372,0.825784088241743,0.597829483200367,0.402170516799633,1.00833333330229,0.140854458724769,NaN,0.382523939616341,0.0590451366568439
at46,2',22-23',NA',L4,2022-02-17 02:46:32+00:00,2022-02-17 03:20:00+00:00,2022-02-18 03:32:00+00:00,40.69736,-70.881295,2.7475,4.75915,1,9.60704467353952,2.34135391012981,65%,>10&<200,a,a,2.05331831585546,1.22753422761372,0.825784088241743,0.597829483200367,0.402170516799633,1.00833333330229,0.140854458724769,NaN,1.0273717621192,0.899107195240183
at46,2',22-23',NA',L4,2022-02-17 02:46:32+00:00,2022-02-17 03:20:00+00:00,2022-02-18 03:32:00+00:00,40.69736,-70.881295,2.7475,4.75915,1,9.60704467353952,2.34135391012981,65%,>10&<200,a,b,2.05331831585546,1.22753422761372,0.825784088241743,0.597829483200367,0.402170516799633,1.00833333330229,0.140854458724769,0.535553030827595,0.807902773322928,0.637054735591322
at46,2',22-23',NA',L4,2022-02-17 02:46:32+00:00,2022-02-17 03:20:00+00:00,2022-02-18 03:32:00+00:00,40.69736,-70.881295,2.7475,4.75915,1,9.60704467353952,2.34135391012981,65%,>10&<200,a,c,2.05331831585546,1.22753422761372,0.825784088241743,0.597829483200367,0.402170516799633,1.00833333330229,0.140854458724769,0.710218213692587,0.751754453986363,0.347254491558365
at46,2',22-23',NA',L4,2022-02-17 02:46:32+00:00,2022-02-17 03:20:00+00:00,2022-02-18 03:32:00+00:00,40.69736,-70.881295,2.7475,4.75915,1,9.60704467353952,2.34135391012981,65%,>10&<200,b,a,2.05331831585546,1.22753422761372,0.825784088241743,0.597829483200367,0.402170516799633,1.00833333330229,0.140854458724769,0.523096113488184,0.608268616694553,0.848021585963391
at46,2',22-23',NA',L4,2022-02-17 02:46:32+00:00,2022-02-17 03:20:00+00:00,2022-02-18 03:32:00+00:00,40.69736,-70.881295,2.7475,4.75915,1,9.60704467353952,2.34135391012981,65%,>10&<200,b,b,2.05331831585546,1.22753422761372,0.825784088241743,0.597829483200367,0.402170516799633,1.00833333330229,0.140854458724769,0.554817438267357,0.929749015291528,0.811308695817499
at46,2',22-23',NA',L4,2022-02-17 02:46:32+00:00,2022-02-17 03:20:00+00:00,2022-02-18 03:32:00+00:00,40.69736,-70.881295,2.7475,4.75915,1,9.60704467353952,2.34135391012981,65%,>10&<200,b,c,2.05331831585546,1.22753422761372,0.825784088241743,0.597829483200367,0.402170516799633,1.00833333330229,0.140854458724769,NaN,0.965311647236316,0.83150218980954
at46,2',22-23',NA',L4,2022-02-17 02:46:32+00:00,2022-02-17 03:20:00+00:00,2022-02-18 03:32:00+00:00,40.69736,-70.881295,2.7475,4.75915,1,9.60704467353952,2.34135391012981,65%,>0&<10,a,a,2.05331831585546,1.22753422761372,0.825784088241743,0.597829483200367,0.402170516799633,1.00833333330229,0.140854458724769,NaN,NaN,NaN
at46,2',22-23',NA',L4,2022-02-17 02:46:32+00:00,2022-02-17 03:20:00+00:00,2022-02-18 03:32:00+00:00,40.69736,-70.881295,2.7475,4.75915,1,9.60704467353952,2.34135391012981,65%,>0&<10,a,b,2.05331831585546,1.22753422761372,0.825784088241743,0.597829483200367,0.402170516799633,1.00833333330229,0.140854458724769,1.4821224609601,-1.92982824705639,-1.23038837157146
at46,2',22-23',NA',L4,2022-02-17 02:46:32+00:00,2022-02-17 03:20:00+00:00,2022-02-18 03:32:00+00:00,40.69736,-70.881295,2.7475,4.75915,1,9.60704467353952,2.34135391012981,65%,>0&<10,a,c,2.05331831585546,1.22753422761372,0.825784088241743,0.597829483200367,0.402170516799633,1.00833333330229,0.140854458724769,NaN,-1.47282143396001,-0.48495691312713
at46,2',22-23',NA',L4,2022-02-17 02:46:32+00:00,2022-02-17 03:20:00+00:00,2022-02-18 03:32:00+00:00,40.69736,-70.881295,2.7475,4.75915,1,9.60704467353952,2.34135391012981,65%,>0&<10,b,a,2.05331831585546,1.22753422761372,0.825784088241743,0.597829483200367,0.402170516799633,1.00833333330229,0.140854458724769,0.834566119176389,-0.181506112892972,NaN
at46,2',22-23',NA',L4,2022-02-17 02:46:32+00:00,2022-02-17 03:20:00+00:00,2022-02-18 03:32:00+00:00,40.69736,-70.881295,2.7475,4.75915,1,9.60704467353952,2.34135391012981,65%,>0&<10,b,b,2.05331831585546,1.22753422761372,0.825784088241743,0.597829483200367,0.402170516799633,1.00833333330229,0.140854458724769,0.770484359810845,-1.02111016583094,-3.9220503705551
at46,2',22-23',NA',L4,2022-02-17 02:46:32+00:00,2022-02-17 03:20:00+00:00,2022-02-18 03:32:00+00:00,40.69736,-70.881295,2.7475,4.75915,1,9.60704467353952,2.34135391012981,65%,>0&<10,b,c,2.05331831585546,1.22753422761372,0.825784088241743,0.597829483200367,0.402170516799633,1.00833333330229,0.140854458724769,1.58756880981092,-1.21262546919087,NaN
at46,6',21-22-23',NA',L6,2022-02-17 13:27:22+00:00,2022-02-17 14:30:00+00:00,2022-02-18 14:45:00+00:00,40.36336,-70.88126,3.013,7.901,1,11.3727054794521,0.566378022315761,65%,>0&<200,a,a,1.89181416103074,0.85542454885973,1.03638961217101,0.452171553887544,0.547828446112456,1.01041666674428,0.20112590716918,NaN,0.0898913923483814,0.0167619404996399
at46,6',21-22-23',NA',L6,2022-02-17 13:27:22+00:00,2022-02-17 14:30:00+00:00,2022-02-18 14:45:00+00:00,40.36336,-70.88126,3.013,7.901,1,11.3727054794521,0.566378022315761,65%,>0&<200,a,b,1.89181416103074,0.85542454885973,1.03638961217101,0.452171553887544,0.547828446112456,1.01041666674428,0.20112590716918,NaN,0.0298745263578107,0.0587576646458407
at46,6',21-22-23',NA',L6,2022-02-17 13:27:22+00:00,2022-02-17 14:30:00+00:00,2022-02-18 14:45:00+00:00,40.36336,-70.88126,3.013,7.901,1,11.3727054794521,0.566378022315761,65%,>0&<200,a,c,1.89181416103074,0.85542454885973,1.03638961217101,0.452171553887544,0.547828446112456,1.01041666674428,0.20112590716918,0.026400635829016,-0.00999622269793788,0.0492233043895231
at46,6',21-22-23',NA',L6,2022-02-17 13:27:22+00:00,2022-02-17 14:30:00+00:00,2022-02-18 14:45:00+00:00,40.36336,-70.88126,3.013,7.901,1,11.3727054794521,0.566378022315761,65%,>0&<200,b,a,1.89181416103074,0.85542454885973,1.03638961217101,0.452171553887544,0.547828446112456,1.01041666674428,0.20112590716918,NaN,0.068201049688621,-0.0444945298469479
at46,6',21-22-23',NA',L6,2022-02-17 13:27:22+00:00,2022-02-17 14:30:00+00:00,2022-02-18 14:45:00+00:00,40.36336,-70.88126,3.013,7.901,1,11.3727054794521,0.566378022315761,65%,>0&<200,b,b,1.89181416103074,0.85542454885973,1.03638961217101,0.452171553887544,0.547828446112456,1.01041666674428,0.20112590716918,NaN,0.0331257060549184,0.120075510998968
at46,6',21-22-23',NA',L6,2022-02-17 13:27:22+00:00,2022-02-17 14:30:00+00:00,2022-02-18 14:45:00+00:00,40.36336,-70.88126,3.013,7.901,1,11.3727054794521,0.566378022315761,65%,>0&<200,b,c,1.89181416103074,0.85542454885973,1.03638961217101,0.452171553887544,0.547828446112456,1.01041666674428,0.20112590716918,0.257234656978035,-0.106051041581467,0.0898913923483814
at46,6',21-22-23',NA',L6,2022-02-17 13:27:22+00:00,2022-02-17 14:30:00+00:00,2022-02-18 14:45:00+00:00,40.36336,-70.88126,3.013,7.901,1,11.3727054794521,0.566378022315761,65%,>10&<200,a,a,1.89181416103074,0.85542454885973,1.03638961217101,0.452171553887544,0.547828446112456,1.01041666674428,0.20112590716918,-0.0926494787775982,0.101077208491284,0.291691280094435
at46,6',21-22-23',NA',L6,2022-02-17 13:27:22+00:00,2022-02-17 14:30:00+00:00,2022-02-18 14:45:00+00:00,40.36336,-70.88126,3.013,7.901,1,11.3727054794521,0.566378022315761,65%,>10&<200,a,b,1.89181416103074,0.85542454885973,1.03638961217101,0.452171553887544,0.547828446112456,1.01041666674428,0.20112590716918,0.550033350058298,0.106593585972228,0.235366335653269
at46,6',21-22-23',NA',L6,2022-02-17 13:27:22+00:00,2022-02-17 14:30:00+00:00,2022-02-18 14:45:00+00:00,40.36336,-70.88126,3.013,7.901,1,11.3727054794521,0.566378022315761,65%,>10&<200,a,c,1.89181416103074,0.85542454885973,1.03638961217101,0.452171553887544,0.547828446112456,1.01041666674428,0.20112590716918,0.104414966355458,0.273270186724592,0.128356668852892
at46,6',21-22-23',NA',L6,2022-02-17 13:27:22+00:00,2022-02-17 14:30:00+00:00,2022-02-18 14:45:00+00:00,40.36336,-70.88126,3.013,7.901,1,11.3727054794521,0.566378022315761,65%,>10&<200,b,a,1.89181416103074,0.85542454885973,1.03638961217101,0.452171553887544,0.547828446112456,1.01041666674428,0.20112590716918,0.245712900433304,0.296243473951359,0.323125504690162
at46,6',21-22-23',NA',L6,2022-02-17 13:27:22+00:00,2022-02-17 14:30:00+00:00,2022-02-18 14:45:00+00:00,40.36336,-70.88126,3.013,7.901,1,11.3727054794521,0.566378022315761,65%,>10&<200,b,b,1.89181416103074,0.85542454885973,1.03638961217101,0.452171553887544,0.547828446112456,1.01041666674428,0.20112590716918,0.117726407398473,0.215855759068867,0.323125504690162
at46,6',21-22-23',NA',L6,2022-02-17 13:27:22+00:00,2022-02-17 14:30:00+00:00,2022-02-18 14:45:00+00:00,40.36336,-70.88126,3.013,7.901,1,11.3727054794521,0.566378022315761,65%,>10&<200,b,c,1.89181416103074,0.85542454885973,1.03638961217101,0.452171553887544,0.547828446112456,1.01041666674428,0.20112590716918,NaN,NaN,0.273270186724592
at46,6',21-22-23',NA',L6,2022-02-17 13:27:22+00:00,2022-02-17 14:30:00+00:00,2022-02-18 14:45:00+00:00,40.36336,-70.88126,3.013,7.901,1,11.3727054794521,0.566378022315761,65%,>0&<10,a,a,1.89181416103074,0.85542454885973,1.03638961217101,0.452171553887544,0.547828446112456,1.01041666674428,0.20112590716918,1.54520346739187,-0.0455692587195399,-0.381686578918614
at46,6',21-22-23',NA',L6,2022-02-17 13:27:22+00:00,2022-02-17 14:30:00+00:00,2022-02-18 14:45:00+00:00,40.36336,-70.88126,3.013,7.901,1,11.3727054794521,0.566378022315761,65%,>0&<10,a,b,1.89181416103074,0.85542454885973,1.03638961217101,0.452171553887544,0.547828446112456,1.01041666674428,0.20112590716918,1.10578581930996,-0.0533723797325335,-0.258670282010059
at46,6',21-22-23',NA',L6,2022-02-17 13:27:22+00:00,2022-02-17 14:30:00+00:00,2022-02-18 14:45:00+00:00,40.36336,-70.88126,3.013,7.901,1,11.3727054794521,0.566378022315761,65%,>0&<10,a,c,1.89181416103074,0.85542454885973,1.03638961217101,0.452171553887544,0.547828446112456,1.01041666674428,0.20112590716918,NaN,NaN,-0.0744865825927532
at46,6',21-22-23',NA',L6,2022-02-17 13:27:22+00:00,2022-02-17 14:30:00+00:00,2022-02-18 14:45:00+00:00,40.36336,-70.88126,3.013,7.901,1,11.3727054794521,0.566378022315761,65%,>0&<10,b,a,1.89181416103074,0.85542454885973,1.03638961217101,0.452171553887544,0.547828446112456,1.01041666674428,0.20112590716918,0.445007886253972,-0.539111431323531,-0.403762380168196
at46,6',21-22-23',NA',L6,2022-02-17 13:27:22+00:00,2022-02-17 14:30:00+00:00,2022-02-18 14:45:00+00:00,40.36336,-70.88126,3.013,7.901,1,11.3727054794521,0.566378022315761,65%,>0&<10,b,b,1.89181416103074,0.85542454885973,1.03638961217101,0.452171553887544,0.547828446112456,1.01041666674428,0.20112590716918,0.628333135558469,-0.342450457175915,-0.403762380168196
at46,6',21-22-23',NA',L6,2022-02-17 13:27:22+00:00,2022-02-17 14:30:00+00:00,2022-02-18 14:45:00+00:00,40.36336,-70.88126,3.013,7.901,1,11.3727054794521,0.566378022315761,65%,>0&<10,b,c,1.89181416103074,0.85542454885973,1.03638961217101,0.452171553887544,0.547828446112456,1.01041666674428,0.20112590716918,NaN,0.138321097597786,-0.28802075747128
at46,7',11-12',NA',L11,2022-02-17 22:10:38+00:00,2022-02-17 23:44:00+00:00,2022-02-19 00:00:00+00:00,39.77265,-70.88054,45.6995,14.3529,3,11.4935616438356,0.973839420088472,1%,>0&<200,a,a,0.996248815215763,0.348585503660338,0.647663311555425,0.349898035848447,0.650101964151553,1.01111111114733,0.171192443919717,0.182949814185459,-0.333057142084219,0.156385596261895
at46,7',11-12',NA',L11,2022-02-17 22:10:38+00:00,2022-02-17 23:44:00+00:00,2022-02-19 00:00:00+00:00,39.77265,-70.88054,45.6995,14.3529,3,11.4935616438356,0.973839420088472,1%,>0&<200,a,b,0.996248815215763,0.348585503660338,0.647663311555425,0.349898035848447,0.650101964151553,1.01111111114733,0.171192443919717,0.461383588727618,0.145450238826521,0.325873635089824
at46,7',11-12',NA',L11,2022-02-17 22:10:38+00:00,2022-02-17 23:44:00+00:00,2022-02-19 00:00:00+00:00,39.77265,-70.88054,45.6995,14.3529,3,11.4935616438356,0.973839420088472,1%,>0&<200,a,c,0.996248815215763,0.348585503660338,0.647663311555425,0.349898035848447,0.650101964151553,1.01111111114733,0.171192443919717,0.789915789954917,0.0533211004407925,0.259562792092811
at46,7',11-12',NA',L11,2022-02-17 22:10:38+00:00,2022-02-17 23:44:00+00:00,2022-02-19 00:00:00+00:00,39.77265,-70.88054,45.6995,14.3529,3,11.4935616438356,0.973839420088472,1%,>0&<200,b,a,0.996248815215763,0.348585503660338,0.647663311555425,0.349898035848447,0.650101964151553,1.01111111114733,0.171192443919717,-0.0417307343769175,0.00382465452213725,0.0653176206244785
at46,7',11-12',NA',L11,2022-02-17 22:10:38+00:00,2022-02-17 23:44:00+00:00,2022-02-19 00:00:00+00:00,39.77265,-70.88054,45.6995,14.3529,3,11.4935616438356,0.973839420088472,1%,>0&<200,b,b,0.996248815215763,0.348585503660338,0.647663311555425,0.349898035848447,0.650101964151553,1.01111111114733,0.171192443919717,0.644090458149908,0.293273857636079,-0.048280015910233
at46,7',11-12',NA',L11,2022-02-17 22:10:38+00:00,2022-02-17 23:44:00+00:00,2022-02-19 00:00:00+00:00,39.77265,-70.88054,45.6995,14.3529,3,11.4935616438356,0.973839420088472,1%,>0&<200,b,c,0.996248815215763,0.348585503660338,0.647663311555425,0.349898035848447,0.650101964151553,1.01111111114733,0.171192443919717,0.386266464016764,0.254651736050017,0.183206422269867
at46,7',11-12',NA',L11,2022-02-17 22:10:38+00:00,2022-02-17 23:44:00+00:00,2022-02-19 00:00:00+00:00,39.77265,-70.88054,45.6995,14.3529,3,11.4935616438356,0.973839420088472,1%,>10&<200,a,a,0.996248815215763,0.348585503660338,0.647663311555425,0.349898035848447,0.650101964151553,1.01111111114733,0.171192443919717,0.859807247390061,0.286612633963564,0.293917841228442
at46,7',11-12',NA',L11,2022-02-17 22:10:38+00:00,2022-02-17 23:44:00+00:00,2022-02-19 00:00:00+00:00,39.77265,-70.88054,45.6995,14.3529,3,11.4935616438356,0.973839420088472,1%,>10&<200,a,b,0.996248815215763,0.348585503660338,0.647663311555425,0.349898035848447,0.650101964151553,1.01111111114733,0.171192443919717,0.315416025904825,-0.071757411143215,-0.000637012574685397
at46,7',11-12',NA',L11,2022-02-17 22:10:38+00:00,2022-02-17 23:44:00+00:00,2022-02-19 00:00:00+00:00,39.77265,-70.88054,45.6995,14.3529,3,11.4935616438356,0.973839420088472,1%,>10&<200,a,c,0.996248815215763,0.348585503660338,0.647663311555425,0.349898035848447,0.650101964151553,1.01111111114733,0.171192443919717,0.546105417149033,-0.071757411143215,NaN
at46,7',11-12',NA',L11,2022-02-17 22:10:38+00:00,2022-02-17 23:44:00+00:00,2022-02-19 00:00:00+00:00,39.77265,-70.88054,45.6995,14.3529,3,11.4935616438356,0.973839420088472,1%,>10&<200,b,a,0.996248815215763,0.348585503660338,0.647663311555425,0.349898035848447,0.650101964151553,1.01111111114733,0.171192443919717,0.480428595246826,NaN,0.336650959347235
at46,7',11-12',NA',L11,2022-02-17 22:10:38+00:00,2022-02-17 23:44:00+00:00,2022-02-19 00:00:00+00:00,39.77265,-70.88054,45.6995,14.3529,3,11.4935616438356,0.973839420088472,1%,>10&<200,b,b,0.996248815215763,0.348585503660338,0.647663311555425,0.349898035848447,0.650101964151553,1.01111111114733,0.171192443919717,0.319229452603466,0.322610747845085,0.293917841228442
at46,7',11-12',NA',L11,2022-02-17 22:10:38+00:00,2022-02-17 23:44:00+00:00,2022-02-19 00:00:00+00:00,39.77265,-70.88054,45.6995,14.3529,3,11.4935616438356,0.973839420088472,1%,>10&<200,b,c,0.996248815215763,0.348585503660338,0.647663311555425,0.349898035848447,0.650101964151553,1.01111111114733,0.171192443919717,0.149398485537249,0.416947475703796,0.384279083497455
at46,7',11-12',NA',L11,2022-02-17 22:10:38+00:00,2022-02-17 23:44:00+00:00,2022-02-19 00:00:00+00:00,39.77265,-70.88054,45.6995,14.3529,3,11.4935616438356,0.973839420088472,1%,>0&<10,a,a,0.996248815215763,0.348585503660338,0.647663311555425,0.349898035848447,0.650101964151553,1.01111111114733,0.171192443919717,NaN,NaN,0.16194577372928
at46,7',11-12',NA',L11,2022-02-17 22:10:38+00:00,2022-02-17 23:44:00+00:00,2022-02-19 00:00:00+00:00,39.77265,-70.88054,45.6995,14.3529,3,11.4935616438356,0.973839420088472,1%,>0&<10,a,b,0.996248815215763,0.348585503660338,0.647663311555425,0.349898035848447,0.650101964151553,1.01111111114733,0.171192443919717,0.863723580116371,0.0588870926593473,0.593388729864844
at46,7',11-12',NA',L11,2022-02-17 22:10:38+00:00,2022-02-17 23:44:00+00:00,2022-02-19 00:00:00+00:00,39.77265,-70.88054,45.6995,14.3529,3,11.4935616438356,0.973839420088472,1%,>0&<10,a,c,0.996248815215763,0.348585503660338,0.647663311555425,0.349898035848447,0.650101964151553,1.01111111114733,0.171192443919717,0.413662212744811,0.0588870926593473,NaN
at46,7',11-12',NA',L11,2022-02-17 22:10:38+00:00,2022-02-17 23:44:00+00:00,2022-02-19 00:00:00+00:00,39.77265,-70.88054,45.6995,14.3529,3,11.4935616438356,0.973839420088472,1%,>0&<10,b,a,0.996248815215763,0.348585503660338,0.647663311555425,0.349898035848447,0.650101964151553,1.01111111114733,0.171192443919717,0.0292751898875852,0.71246406361897,-0.767731734635574
at46,7',11-12',NA',L11,2022-02-17 22:10:38+00:00,2022-02-17 23:44:00+00:00,2022-02-19 00:00:00+00:00,39.77265,-70.88054,45.6995,14.3529,3,11.4935616438356,0.973839420088472,1%,>0&<10,b,b,0.996248815215763,0.348585503660338,0.647663311555425,0.349898035848447,0.650101964151553,1.01111111114733,0.171192443919717,0.478538645970219,-0.108933210093424,-0.554984216340722
at46,7',11-12',NA',L11,2022-02-17 22:10:38+00:00,2022-02-17 23:44:00+00:00,2022-02-19 00:00:00+00:00,39.77265,-70.88054,45.6995,14.3529,3,11.4935616438356,0.973839420088472,1%,>0&<10,b,c,0.996248815215763,0.348585503660338,0.647663311555425,0.349898035848447,0.650101964151553,1.01111111114733,0.171192443919717,0.757154816200625,-0.444421287345433,-1.09262586679408
at46,7',16-17',NA',L11,2022-02-17 22:15:15+00:00,2022-02-17 23:44:00+00:00,2022-02-19 00:00:00+00:00,39.77264,-70.880275,20.815,14.1815,3,11.4935616438356,0.973839420088472,15%,>0&<200,a,a,1.03260435854231,0.434127958546315,0.59847639999599,0.420420420420421,0.579579579579579,1.01111111114733,0.185461323392358,0.269118969880027,-0.0704427273809628,0.179011383269548
at46,7',16-17',NA',L11,2022-02-17 22:15:15+00:00,2022-02-17 23:44:00+00:00,2022-02-19 00:00:00+00:00,39.77264,-70.880275,20.815,14.1815,3,11.4935616438356,0.973839420088472,15%,>0&<200,a,b,1.03260435854231,0.434127958546315,0.59847639999599,0.420420420420421,0.579579579579579,1.01111111114733,0.185461323392358,0.201217727957237,-0.0837284964197843,0.0592388484689887
at46,7',16-17',NA',L11,2022-02-17 22:15:15+00:00,2022-02-17 23:44:00+00:00,2022-02-19 00:00:00+00:00,39.77264,-70.880275,20.815,14.1815,3,11.4935616438356,0.973839420088472,15%,>0&<200,a,c,1.03260435854231,0.434127958546315,0.59847639999599,0.420420420420421,0.579579579579579,1.01111111114733,0.185461323392358,NaN,0.0989441370360647,0.313069891980029
at46,7',16-17',NA',L11,2022-02-17 22:15:15+00:00,2022-02-17 23:44:00+00:00,2022-02-19 00:00:00+00:00,39.77264,-70.880275,20.815,14.1815,3,11.4935616438356,0.973839420088472,15%,>0&<200,b,a,1.03260435854231,0.434127958546315,0.59847639999599,0.420420420420421,0.579579579579579,1.01111111114733,0.185461323392358,-0.0673476230716384,0.224114311583259,-0.0127711855885326
at46,7',16-17',NA',L11,2022-02-17 22:15:15+00:00,2022-02-17 23:44:00+00:00,2022-02-19 00:00:00+00:00,39.77264,-70.880275,20.815,14.1815,3,11.4935616438356,0.973839420088472,15%,>0&<200,b,b,1.03260435854231,0.434127958546315,0.59847639999599,0.420420420420421,0.579579579579579,1.01111111114733,0.185461323392358,0.134111978428639,0.179011383269548,0.189213510911719
at46,7',16-17',NA',L11,2022-02-17 22:15:15+00:00,2022-02-17 23:44:00+00:00,2022-02-19 00:00:00+00:00,39.77264,-70.880275,20.815,14.1815,3,11.4935616438356,0.973839420088472,15%,>0&<200,b,c,1.03260435854231,0.434127958546315,0.59847639999599,0.420420420420421,0.579579579579579,1.01111111114733,0.185461323392358,0.320750503535435,0.299545361118262,0.257825377126528
at46,7',16-17',NA',L11,2022-02-17 22:15:15+00:00,2022-02-17 23:44:00+00:00,2022-02-19 00:00:00+00:00,39.77264,-70.880275,20.815,14.1815,3,11.4935616438356,0.973839420088472,15%,>10&<200,a,a,1.03260435854231,0.434127958546315,0.59847639999599,0.420420420420421,0.579579579579579,1.01111111114733,0.185461323392358,NaN,0.379285418155842,0.364728567236182
at46,7',16-17',NA',L11,2022-02-17 22:15:15+00:00,2022-02-17 23:44:00+00:00,2022-02-19 00:00:00+00:00,39.77264,-70.880275,20.815,14.1815,3,11.4935616438356,0.973839420088472,15%,>10&<200,a,b,1.03260435854231,0.434127958546315,0.59847639999599,0.420420420420421,0.579579579579579,1.01111111114733,0.185461323392358,0.185255447160282,0.421712954735205,0.161992985640378
at46,7',16-17',NA',L11,2022-02-17 22:15:15+00:00,2022-02-17 23:44:00+00:00,2022-02-19 00:00:00+00:00,39.77264,-70.880275,20.815,14.1815,3,11.4935616438356,0.973839420088472,15%,>10&<200,a,c,1.03260435854231,0.434127958546315,0.59847639999599,0.420420420420421,0.579579579579579,1.01111111114733,0.185461323392358,0.102116892802743,0.449019406485099,0.312023043199966
at46,7',16-17',NA',L11,2022-02-17 22:15:15+00:00,2022-02-17 23:44:00+00:00,2022-02-19 00:00:00+00:00,39.77264,-70.880275,20.815,14.1815,3,11.4935616438356,0.973839420088472,15%,>10&<200,b,a,1.03260435854231,0.434127958546315,0.59847639999599,0.420420420420421,0.579579579579579,1.01111111114733,0.185461323392358,0.372700876751515,0.272578848128484,0.334955886307238
at46,7',16-17',NA',L11,2022-02-17 22:15:15+00:00,2022-02-17 23:44:00+00:00,2022-02-19 00:00:00+00:00,39.77264,-70.880275,20.815,14.1815,3,11.4935616438356,0.973839420088472,15%,>10&<200,b,b,1.03260435854231,0.434127958546315,0.59847639999599,0.420420420420421,0.579579579579579,1.01111111114733,0.185461323392358,NaN,0.312023043199966,0.272578848128484
at46,7',16-17',NA',L11,2022-02-17 22:15:15+00:00,2022-02-17 23:44:00+00:00,2022-02-19 00:00:00+00:00,39.77264,-70.880275,20.815,14.1815,3,11.4935616438356,0.973839420088472,15%,>10&<200,b,c,1.03260435854231,0.434127958546315,0.59847639999599,0.420420420420421,0.579579579579579,1.01111111114733,0.185461323392358,0.429263515266787,NaN,0.272578848128484
at46,7',16-17',NA',L11,2022-02-17 22:15:15+00:00,2022-02-17 23:44:00+00:00,2022-02-19 00:00:00+00:00,39.77264,-70.880275,20.815,14.1815,3,11.4935616438356,0.973839420088472,15%,>0&<10,a,a,1.03260435854231,0.434127958546315,0.59847639999599,0.420420420420421,0.579579579579579,1.01111111114733,0.185461323392358,NaN,-1.12630421779651,-0.118927709156636
at46,7',16-17',NA',L11,2022-02-17 22:15:15+00:00,2022-02-17 23:44:00+00:00,2022-02-19 00:00:00+00:00,39.77264,-70.880275,20.815,14.1815,3,11.4935616438356,0.973839420088472,15%,>0&<10,a,b,1.03260435854231,0.434127958546315,0.59847639999599,0.420420420420421,0.579579579579579,1.01111111114733,0.185461323392358,NaN,-1.44698081269384,0.225551439008379
at46,7',16-17',NA',L11,2022-02-17 22:15:15+00:00,2022-02-17 23:44:00+00:00,2022-02-19 00:00:00+00:00,39.77264,-70.880275,20.815,14.1815,3,11.4935616438356,0.973839420088472,15%,>0&<10,a,c,1.03260435854231,0.434127958546315,0.59847639999599,0.420420420420421,0.579579579579579,1.01111111114733,0.185461323392358,-0.043599830568563,NaN,-0.00979226800452504
at46,7',16-17',NA',L11,2022-02-17 22:15:15+00:00,2022-02-17 23:44:00+00:00,2022-02-19 00:00:00+00:00,39.77264,-70.880275,20.815,14.1815,3,11.4935616438356,0.973839420088472,15%,>0&<10,b,a,1.03260435854231,0.434127958546315,0.59847639999599,0.420420420420421,0.579579579579579,1.01111111114733,0.185461323392358,-0.317957818345795,0.181940683099271,-0.175458008556761
at46,7',16-17',NA',L11,2022-02-17 22:15:15+00:00,2022-02-17 23:44:00+00:00,2022-02-19 00:00:00+00:00,39.77264,-70.880275,20.815,14.1815,3,11.4935616438356,0.973839420088472,15%,>0&<10,b,b,1.03260435854231,0.434127958546315,0.59847639999599,0.420420420420421,0.579579579579579,1.01111111114733,0.185461323392358,-0.512346620839581,0.119191672590457,-0.0448494922847811
at46,7',16-17',NA',L11,2022-02-17 22:15:15+00:00,2022-02-17 23:44:00+00:00,2022-02-19 00:00:00+00:00,39.77264,-70.880275,20.815,14.1815,3,11.4935616438356,0.973839420088472,15%,>0&<10,b,c,1.03260435854231,0.434127958546315,0.59847639999599,0.420420420420421,0.579579579579579,1.01111111114733,0.185461323392358,-0.499011439187793,0.28573797543385,-0.0448494922847811
at46,7',22-23',NA',L11,2022-02-17 22:19:22+00:00,2022-02-17 23:44:00+00:00,2022-02-19 00:00:00+00:00,39.772635,-70.88023,3.6985,14.1692,3,11.4935616438356,0.973839420088472,65%,>0&<200,a,a,1.15450235675482,0.521808974804437,0.63269338195038,0.451977401129944,0.548022598870056,1.01111111114733,0.193479670278781,0.415298230494025,0.098948308061046,-0.110758559809876
at46,7',22-23',NA',L11,2022-02-17 22:19:22+00:00,2022-02-17 23:44:00+00:00,2022-02-19 00:00:00+00:00,39.772635,-70.88023,3.6985,14.1692,3,11.4935616438356,0.973839420088472,65%,>0&<200,a,b,1.15450235675482,0.521808974804437,0.63269338195038,0.451977401129944,0.548022598870056,1.01111111114733,0.193479670278781,0.538020327968841,0.010578050808825,-0.256186267860304
at46,7',22-23',NA',L11,2022-02-17 22:19:22+00:00,2022-02-17 23:44:00+00:00,2022-02-19 00:00:00+00:00,39.772635,-70.88023,3.6985,14.1692,3,11.4935616438356,0.973839420088472,65%,>0&<200,a,c,1.15450235675482,0.521808974804437,0.63269338195038,0.451977401129944,0.548022598870056,1.01111111114733,0.193479670278781,0.369453847559347,-0.080489924828592,-0.161201897537286
at46,7',22-23',NA',L11,2022-02-17 22:19:22+00:00,2022-02-17 23:44:00+00:00,2022-02-19 00:00:00+00:00,39.772635,-70.88023,3.6985,14.1692,3,11.4935616438356,0.973839420088472,65%,>0&<200,b,a,1.15450235675482,0.521808974804437,0.63269338195038,0.451977401129944,0.548022598870056,1.01111111114733,0.193479670278781,0.273008637619735,0.11375524663974,0.0635115162064995
at46,7',22-23',NA',L11,2022-02-17 22:19:22+00:00,2022-02-17 23:44:00+00:00,2022-02-19 00:00:00+00:00,39.772635,-70.88023,3.6985,14.1692,3,11.4935616438356,0.973839420088472,65%,>0&<200,b,b,1.15450235675482,0.521808974804437,0.63269338195038,0.451977401129944,0.548022598870056,1.01111111114733,0.193479670278781,0.451942636561381,0.193715053722664,-0.0569247992015116
at46,7',22-23',NA',L11,2022-02-17 22:19:22+00:00,2022-02-17 23:44:00+00:00,2022-02-19 00:00:00+00:00,39.772635,-70.88023,3.6985,14.1692,3,11.4935616438356,0.973839420088472,65%,>0&<200,b,c,1.15450235675482,0.521808974804437,0.63269338195038,0.451977401129944,0.548022598870056,1.01111111114733,0.193479670278781,0.327519170515564,0.263489338810815,-0.194087561363303
at46,7',22-23',NA',L11,2022-02-17 22:19:22+00:00,2022-02-17 23:44:00+00:00,2022-02-19 00:00:00+00:00,39.772635,-70.88023,3.6985,14.1692,3,11.4935616438356,0.973839420088472,65%,>10&<200,a,a,1.15450235675482,0.521808974804437,0.63269338195038,0.451977401129944,0.548022598870056,1.01111111114733,0.193479670278781,0.690321117093794,NaN,0.176508091508501
at46,7',22-23',NA',L11,2022-02-17 22:19:22+00:00,2022-02-17 23:44:00+00:00,2022-02-19 00:00:00+00:00,39.772635,-70.88023,3.6985,14.1692,3,11.4935616438356,0.973839420088472,65%,>10&<200,a,b,1.15450235675482,0.521808974804437,0.63269338195038,0.451977401129944,0.548022598870056,1.01111111114733,0.193479670278781,0.844644295502353,-0.0175208956827159,0.225606694418927
at46,7',22-23',NA',L11,2022-02-17 22:19:22+00:00,2022-02-17 23:44:00+00:00,2022-02-19 00:00:00+00:00,39.772635,-70.88023,3.6985,14.1692,3,11.4935616438356,0.973839420088472,65%,>10&<200,a,c,1.15450235675482,0.521808974804437,0.63269338195038,0.451977401129944,0.548022598870056,1.01111111114733,0.193479670278781,0.733482567368602,0.394031558787287,0.159584874323885
at46,7',22-23',NA',L11,2022-02-17 22:19:22+00:00,2022-02-17 23:44:00+00:00,2022-02-19 00:00:00+00:00,39.772635,-70.88023,3.6985,14.1692,3,11.4935616438356,0.973839420088472,65%,>10&<200,b,a,1.15450235675482,0.521808974804437,0.63269338195038,0.451977401129944,0.548022598870056,1.01111111114733,0.193479670278781,0.769035689757125,0.452846646040509,0.257035195502154
at46,7',22-23',NA',L11,2022-02-17 22:19:22+00:00,2022-02-17 23:44:00+00:00,2022-02-19 00:00:00+00:00,39.772635,-70.88023,3.6985,14.1692,3,11.4935616438356,0.973839420088472,65%,>10&<200,b,b,1.15450235675482,0.521808974804437,0.63269338195038,0.451977401129944,0.548022598870056,1.01111111114733,0.193479670278781,0.721341724541965,0.272382688783598,0.257035195502154
at46,7',22-23',NA',L11,2022-02-17 22:19:22+00:00,2022-02-17 23:44:00+00:00,2022-02-19 00:00:00+00:00,39.772635,-70.88023,3.6985,14.1692,3,11.4935616438356,0.973839420088472,65%,>10&<200,b,c,1.15450235675482,0.521808974804437,0.63269338195038,0.451977401129944,0.548022598870056,1.01111111114733,0.193479670278781,0.69660356470132,0.151013420673235,0.294966407538622
at46,7',22-23',NA',L11,2022-02-17 22:19:22+00:00,2022-02-17 23:44:00+00:00,2022-02-19 00:00:00+00:00,39.772635,-70.88023,3.6985,14.1692,3,11.4935616438356,0.973839420088472,65%,>0&<10,a,a,1.15450235675482,0.521808974804437,0.63269338195038,0.451977401129944,0.548022598870056,1.01111111114733,0.193479670278781,0.18431634046573,NaN,-0.892135755619412
at46,7',22-23',NA',L11,2022-02-17 22:19:22+00:00,2022-02-17 23:44:00+00:00,2022-02-19 00:00:00+00:00,39.772635,-70.88023,3.6985,14.1692,3,11.4935616438356,0.973839420088472,65%,>0&<10,a,b,1.15450235675482,0.521808974804437,0.63269338195038,0.451977401129944,0.548022598870056,1.01111111114733,0.193479670278781,-0.0730294751840877,0.0474816453474475,-1.09060127859685
at46,7',22-23',NA',L11,2022-02-17 22:19:22+00:00,2022-02-17 23:44:00+00:00,2022-02-19 00:00:00+00:00,39.772635,-70.88023,3.6985,14.1692,3,11.4935616438356,0.973839420088472,65%,>0&<10,a,c,1.15450235675482,0.521808974804437,0.63269338195038,0.451977401129944,0.548022598870056,1.01111111114733,0.193479670278781,0.122574957256797,-0.82456727256719,-0.833941854499914
at46,7',22-23',NA',L11,2022-02-17 22:19:22+00:00,2022-02-17 23:44:00+00:00,2022-02-19 00:00:00+00:00,39.772635,-70.88023,3.6985,14.1692,3,11.4935616438356,0.973839420088472,65%,>0&<10,b,a,1.15450235675482,0.521808974804437,0.63269338195038,0.451977401129944,0.548022598870056,1.01111111114733,0.193479670278781,-0.19275857702687,-0.257861138690694,-0.653623831303569
at46,7',22-23',NA',L11,2022-02-17 22:19:22+00:00,2022-02-17 23:44:00+00:00,2022-02-19 00:00:00+00:00,39.772635,-70.88023,3.6985,14.1692,3,11.4935616438356,0.973839420088472,65%,>0&<10,b,b,1.15450235675482,0.521808974804437,0.63269338195038,0.451977401129944,0.548022598870056,1.01111111114733,0.193479670278781,-0.0973583137678615,0.0853794232273231,-0.653623831303569
at46,7',22-23',NA',L11,2022-02-17 22:19:22+00:00,2022-02-17 23:44:00+00:00,2022-02-19 00:00:00+00:00,39.772635,-70.88023,3.6985,14.1692,3,11.4935616438356,0.973839420088472,65%,>0&<10,b,c,1.15450235675482,0.521808974804437,0.63269338195038,0.451977401129944,0.548022598870056,1.01111111114733,0.193479670278781,-0.0529008972023807,0.239958481527041,-0.778982661052078
